orphan_client,code,original_name,original_code,rows_recovered,breakdown
Orphan1,ORPH-00001,Gujr Trader DG Kohat Fauji,(no code),21,entry=21
Orphan2,ORPH-00002,CASH SALE,(no code),18,"direct_sale=6, entry=6, pending_bill=6"
Orphan3,ORPH-00003,Zia Traders,(no code),14,entry=14
Orphan4,ORPH-00004,SHAMRAIZ SB KANIYAN,(no code),12,"direct_sale=2, entry=6, pending_bill=2, waive_off=2"
Orphan5,ORPH-00005,AMIR SB AJNALA,(no code),11,"direct_sale=2, entry=5, pending_bill=2, waive_off=2"
Orphan6,ORPH-00006,MOHSIN SB PARSUWAL,(no code),10,"direct_sale=2, entry=5, pending_bill=2, waive_off=1"
Orphan7,ORPH-00007,MUBASHIR SB DHINDA,(no code),9,"direct_sale=2, entry=4, pending_bill=2, waive_off=1"
Orphan8,ORPH-00008,MUHAMMAD ALI SB KOANKH,(no code),9,"direct_sale=2, entry=5, pending_bill=2"
Orphan9,ORPH-00009,QAMAR SB TIBBA,(no code),8,"direct_sale=2, entry=4, pending_bill=2"
Orphan10,ORPH-00010,AMANAT SB JPS,(no code),8,"direct_sale=2, entry=2, pending_bill=2, waive_off=2"
Orphan11,ORPH-00011,BILAL SB KOANKH,(no code),8,"direct_sale=2, entry=4, pending_bill=2"
Orphan12,ORPH-00012,CH AWAIZ AJNALA (ASLAM CONT),(no code),8,"direct_sale=2, entry=4, pending_bill=2"
Orphan13,ORPH-00013,ADNAN LOADER GHURAIRA,(no code),8,"direct_sale=2, entry=3, pending_bill=2, waive_off=1"
Orphan14,ORPH-00014,ADREES SB RANGPUR,(no code),7,"direct_sale=1, entry=4, pending_bill=1, waive_off=1"
Orphan15,ORPH-00015,SAGHEER SB JPS,(no code),7,"direct_sale=2, entry=2, pending_bill=2, waive_off=1"
Orphan16,ORPH-00016,DR LATIF SB JPS,(no code),7,"direct_sale=1, entry=4, pending_bill=1, waive_off=1"
Orphan17,ORPH-00017,AFZAL NUMBERDAR SB RANGPUR,(no code),7,"direct_sale=1, entry=4, pending_bill=1, waive_off=1"
Orphan18,ORPH-00018,ADEEL SB GHURAIRA,(no code),6,"direct_sale=1, entry=3, pending_bill=1, waive_off=1"
Orphan19,ORPH-00019,CASH,(no code),6,"direct_sale=2, entry=2, pending_bill=2"
Orphan20,ORPH-00020,DILAWAW HUSSAIN SB GHURAL,(no code),6,"direct_sale=1, entry=3, pending_bill=1, waive_off=1"
Orphan21,ORPH-00021,subedar sb dukandar jps,(no code),6,"direct_sale=1, entry=3, pending_bill=1, waive_off=1"
Orphan22,ORPH-00022,ASAD SB DOIYAN (MASJID),(no code),6,"direct_sale=1, entry=3, pending_bill=1, waive_off=1"
Orphan23,ORPH-00023,ZAMAN SB MALIKPUR,(no code),5,"direct_sale=1, entry=2, pending_bill=1, waive_off=1"
Orphan24,ORPH-00024,YOUSUF SB RANGPUR,(no code),5,"direct_sale=1, entry=2, pending_bill=1, waive_off=1"
Orphan25,ORPH-00025,RIZWAN SB JPS,(no code),5,"direct_sale=1, entry=2, pending_bill=1, waive_off=1"
Orphan26,ORPH-00026,ATIF SB KOANKH,(no code),5,"direct_sale=1, entry=2, pending_bill=1, waive_off=1"
Orphan27,ORPH-00027,Faizan Fecto,(no code),5,entry=5
Orphan28,ORPH-00028,GHAZANFAR DOYIAN,(no code),4,"direct_sale=1, entry=2, pending_bill=1"
Orphan29,ORPH-00029,MIRZA SAIF SB KAONKH,(no code),4,"direct_sale=1, entry=1, pending_bill=1, waive_off=1"
Orphan30,ORPH-00030,CASH SALE DOYIAN,(no code),4,"direct_sale=1, entry=2, pending_bill=1"
Orphan31,ORPH-00031,RAJA ADEEL BHUCH,(no code),4,"direct_sale=1, entry=2, pending_bill=1"
Orphan32,ORPH-00032,YOUSUF RANGPUR,(no code),4,"direct_sale=1, entry=1, pending_bill=1, waive_off=1"
Orphan33,ORPH-00033,AMEER HAMZA SB PARSUWAL,(no code),4,"direct_sale=1, entry=1, pending_bill=1, waive_off=1"
Orphan34,ORPH-00034,ALI RAZA SB KOANKH,(no code),4,"direct_sale=1, entry=1, pending_bill=1, waive_off=1"
Orphan35,ORPH-00035,SAIF ALI SB JPS,(no code),4,"direct_sale=1, entry=2, pending_bill=1"
Orphan36,ORPH-00036,PARWEZ SB BHUCH,(no code),4,"direct_sale=1, entry=1, pending_bill=1, waive_off=1"
Orphan37,ORPH-00037,RUPOWAL BABA ZAFFAR,(no code),4,"direct_sale=1, entry=2, pending_bill=1"
Orphan38,ORPH-00038,NAEEM SB KOANKH CHAND CONT FRIEND,(no code),4,"direct_sale=1, entry=2, pending_bill=1"
Orphan39,ORPH-00039,MAQSOOD SB WAPDA KOANKH,(no code),4,"direct_sale=1, entry=2, pending_bill=1"
Orphan40,ORPH-00040,DILAWAR SB GHURAL,(no code),4,"direct_sale=1, entry=2, pending_bill=1"
Orphan41,ORPH-00041,HABIB SB,(no code),4,"direct_sale=1, entry=1, pending_bill=1, waive_off=1"
Orphan42,ORPH-00042,ARIF BAIG SB KOANKH (KAMRAN NUMBERDAR),(no code),4,"direct_sale=1, entry=2, pending_bill=1"
Orphan43,ORPH-00043,NAWAZISH ALI SB POLICE CHOKI JPS,(no code),4,"direct_sale=1, entry=1, pending_bill=1, waive_off=1"
Orphan44,ORPH-00044,RUPOWAL BABA ZAFFAR SB,(no code),4,"direct_sale=1, entry=2, pending_bill=1"
Orphan45,ORPH-00045,SAFDAR SB RUPOWAL,(no code),4,"direct_sale=1, entry=2, pending_bill=1"
Orphan46,ORPH-00046,RIAZ SB JPS,(no code),4,"direct_sale=1, entry=2, pending_bill=1"
Orphan47,ORPH-00047,ASGHAR SB HAJI WALA,(no code),4,"direct_sale=1, entry=1, pending_bill=1, waive_off=1"
Orphan48,ORPH-00048,ASIF SB GHURAIRA,(no code),4,"direct_sale=1, entry=1, pending_bill=1, waive_off=1"
Orphan49,ORPH-00049,PARWEZ SB JPS,(no code),4,"direct_sale=1, entry=1, pending_bill=1, waive_off=1"
Orphan50,ORPH-00050,ALI HAIDER KOANKH,(no code),4,"direct_sale=1, entry=2, pending_bill=1"
Orphan51,ORPH-00051,ALI HAIDER SB KOANKH,(no code),4,"direct_sale=1, entry=2, pending_bill=1"
Orphan52,ORPH-00052,SHOUKAT ALI SB TIBBA,(no code),4,"direct_sale=1, entry=1, pending_bill=1, waive_off=1"
Orphan53,ORPH-00053,ASAD SB KOANKH,(no code),4,"direct_sale=1, entry=2, pending_bill=1"
Orphan54,ORPH-00054,NAZIR AHMED SB KOANKH,(no code),4,"direct_sale=1, entry=2, pending_bill=1"
Orphan55,ORPH-00055,ABDULLAH SB JALPUWAL,(no code),4,"direct_sale=1, entry=2, pending_bill=1"
Orphan56,ORPH-00056,SUBEDAR IRON STORE,(no code),4,"direct_sale=1, entry=1, pending_bill=1, waive_off=1"
Orphan57,ORPH-00057,QAISER SB DOYIAN,(no code),4,"direct_sale=1, entry=2, pending_bill=1"
Orphan58,ORPH-00058,ZAFAR SB GHURAIRA,(no code),4,"direct_sale=1, entry=1, pending_bill=1, waive_off=1"
Orphan59,ORPH-00059,JABBAR SB PARSUWAL,(no code),4,"direct_sale=1, entry=1, pending_bill=1, waive_off=1"
Orphan60,ORPH-00060,MASOOD SB KHAN PUR KHOKHAR,(no code),4,"direct_sale=1, entry=2, pending_bill=1"
Orphan61,ORPH-00061,QAISER SB JPS WELDER,(no code),4,"direct_sale=1, entry=1, pending_bill=1, waive_off=1"
Orphan62,ORPH-00062,AZAM SB AJNALA,(no code),4,"direct_sale=1, entry=2, pending_bill=1"
Orphan63,ORPH-00063,FARAZ SB KOANKH,(no code),4,"direct_sale=1, entry=2, pending_bill=1"
Orphan64,ORPH-00064,ZAHID BUTT SB JPS,(no code),4,"direct_sale=1, entry=2, pending_bill=1"
Orphan65,ORPH-00065,MALIK ARSHAD JPSB,(no code),4,"direct_sale=1, entry=2, pending_bill=1"
Orphan66,ORPH-00066,RAIZ SB JPS,(no code),3,"entry=2, pending_bill=1"
Orphan67,ORPH-00067,ZULFIQAR SB AJNALA,(no code),3,"direct_sale=1, entry=1, pending_bill=1"
Orphan68,ORPH-00068,CASH WALKING CUSTOMER,(no code),3,"direct_sale=1, entry=1, pending_bill=1"
Orphan69,ORPH-00069,ARSHAD MARRIAGE HALL JPS,(no code),3,"direct_sale=1, entry=1, pending_bill=1"
Orphan70,ORPH-00070,SHAKIR ABBAS DOYIAN,(no code),3,"direct_sale=1, entry=1, pending_bill=1"
Orphan71,ORPH-00071,MOHSIN SB KOANKH,(no code),3,"direct_sale=1, entry=1, pending_bill=1"
Orphan72,ORPH-00072,NASAR SB AJNALA,(no code),3,"direct_sale=1, entry=1, pending_bill=1"
Orphan73,ORPH-00073,JAVED SB WELDING JPS,(no code),3,"direct_sale=1, entry=1, pending_bill=1"
Orphan74,ORPH-00074,CH SHOAIB SB AJNALA,(no code),3,"direct_sale=1, entry=1, pending_bill=1"
Orphan75,ORPH-00075,QASIM SB JPS,(no code),3,"direct_sale=1, entry=1, pending_bill=1"
Orphan76,ORPH-00076,ADNAN BUTT SB JPS,(no code),3,"direct_sale=1, entry=1, pending_bill=1"
Orphan77,ORPH-00077,MIRZA ZAMAN SB JPS,(no code),3,"direct_sale=1, entry=1, pending_bill=1"
Orphan78,ORPH-00078,HAFIZ SHEHZAD GHURAIRA,(no code),3,"direct_sale=1, entry=1, pending_bill=1"
Orphan79,ORPH-00079,RASHID SB MALIKPUR,(no code),3,"direct_sale=1, entry=1, pending_bill=1"
Orphan80,ORPH-00080,GHEER SB JPS,(no code),3,"direct_sale=1, entry=1, pending_bill=1"
Orphan81,ORPH-00081,SIKANDAR IQBAL SB JAGUWAN,(no code),3,"direct_sale=1, entry=1, pending_bill=1"
Orphan82,ORPH-00082,MAQSOOD SB RANG PUR,(no code),3,"direct_sale=1, entry=1, pending_bill=1"
Orphan83,ORPH-00083,TALHA WELDER,(no code),3,"direct_sale=1, entry=1, pending_bill=1"
Orphan84,ORPH-00084,LIAQAT SB JPS,(no code),3,"direct_sale=1, entry=1, pending_bill=1"
Orphan85,ORPH-00085,M ARSHAD CONT JPS,(no code),3,"direct_sale=1, entry=1, pending_bill=1"
Orphan86,ORPH-00086,IMRAN ASHRAF,OPEN-KHATA,3,"entry=2, pending_bill=1"
Orphan87,ORPH-00087,Faizan Facto,(no code),3,entry=3
Orphan88,ORPH-00088,ARIF BRICK BARNALA,(no code),3,entry=3
Orphan89,ORPH-00089,ISM STEEL,(no code),2,entry=2
Orphan90,ORPH-00090,GHAZANFAR SB DOIYAN,(no code),1,pending_bill=1
Orphan91,ORPH-00091,IMRAN ASHRAF,(no code),1,direct_sale=1
Orphan92,ORPH-00092,SALMAAN SB GHURAL,(no code),1,booking=1
