id,name,type,category,source_category,account_type,balance,balance_minor,opening_balance,opening_balance_minor,opening_balance_date,bank_name,account_holder_name,account_number,branch_code,is_active,revision,created_at,updated_at,updated_by,note,class_category,class_subcategory,class_account_type,channel,cash_location,cash_responsible,wallet_provider,wallet_number,wallet_holder,linked_entity_type,linked_client_id,linked_supplier_id,linked_party_name,account_status
1,(MCB 77661 )ADNAN AHMED,company,bank,Company,company,9353116.8,935311680,0,0,2026-05-06T13:09:39.695653,MCB,ADNAN AHMED,7761.0,,True,16,2026-05-06T13:09:39.695653,2026-08-27T16:29:56.748342,,,,,,,,,,,,,,,,active
2,FBM  CASH,company,cash,FBM-JPS,company,25649946.61,2564994661,0,0,2026-05-06T16:50:05.077258,,,,,True,91,2026-05-06T16:50:05.077258,2026-08-28T14:34:45.297605,,,,,,,,,,,,,,,,active
3,(AL HABIB 2607)ADNAN AHMED,company,bank,Company,company,271500,27150000,0,0,2026-05-19T16:48:32.685971,AL HABIB,ADNAN AHMED,2607.0,,True,2,2026-05-19T16:48:32.685971,2026-08-17T14:10:34.037672,,,,,,,,,,,,,,,,active
4,(ALFALAH 37737) FAZAL BUILDING MATERIAL JPS,company,bank,Company,company,4715739.2,471573920,0,0,2026-05-20T10:36:42.325602,AL FALAH,FAZAL BUILDING MATERIAL JPS,37737.0,,True,13,2026-05-20T10:36:42.325602,2026-08-27T15:21:42.021815,,,,,,,,,,,,,,,,active
5,AJ,Personal Account,cash,Loan,Personal Account,-100000,-10000000,0,0,2026-05-23T13:59:28.308155,,,,,True,2,2026-05-23T13:59:28.308155,2026-08-17T14:10:34.040396,,,,,,,,,,,,,,,,active
6,Test Cash Account,Unknown,Cash,Company,cash,0,0,0,0,2026-05-26T12:29:11.952843,,,,,True,2,2026-05-26T12:29:11.952843,2026-08-17T14:10:34.041377,,,,,,,,,,,,,,,,active
7,Test Cash Account Full 20260526123710,Unknown,Cash,Company,cash,0,0,0,0,2026-05-26T12:37:10.229230,,,,,True,2,2026-05-26T12:37:10.229230,2026-08-17T14:10:34.042277,,,,,,,,,,,,,,,,active
8,Test Cash Account Full 20260526123818,Unknown,Cash,Company,cash,0,0,0,0,2026-05-26T12:38:18.599802,,,,,True,2,2026-05-26T12:38:18.599802,2026-08-17T14:10:34.043013,,,,,,,,,,,,,,,,active
9,HDC CASH,company,cash,Company,company,0,0,0,0,2026-05-30T10:01:08.042008,,,,,True,2,2026-05-30T10:01:08.042008,2026-08-17T14:10:34.043804,,,,,,,,,,,,,,,,active
10,HDC BANK,company,bank,Company,company,650000,65000000,0,0,2026-05-30T10:02:13.234356,MCB,RIZWAN AHMED,5789.0,,True,2,2026-05-30T10:02:13.234356,2026-08-17T14:10:34.044682,,,,,,,,,,,,,,,,active
11,TEST CASH FLOW EXTERNAL,Unknown,cash,Company,company,0,0,0,0,2026-05-30T10:47:42.676279,,,,,True,2,2026-05-30T10:47:42.676279,2026-08-17T14:10:34.045585,,,,,,,,,,,,,,,,active
12,COMPANY CASH,company,cash,Company,company,179142649.5,17914264950,0,0,2026-07-20T11:22:35.642285,,,,,True,5,2026-07-20T11:22:35.642285,2026-08-27T16:22:54.051610,,,,,,,,,,,,,,,,active
