id,client_name,amount,paid_amount,manual_bill_no,auto_bill_no,photo_path,photo_url,date_posted,is_void,note,discount,discount_reason,receive_in_account_id
1,ABDUL AZEEM SB KHAN PUR KHOKHAR,1832000,1000000,MB NO.6648,SB-BK-1000,,,2026-03-08T16:35:00,False,,0,,
2,TAHIR ABBAS SB KOANKH,543362,550000,MB NO.6655,SB-BK-1001,,,2026-03-08T16:05:00,False,,0,,
3,REHMAN ALI SB BHUCH,527677.6,528500,MB NO.6643,SB-BK-1002,,,2026-03-07T10:06:00,False,,388,,
4,REHMAN ALI SB BHUCH,283000,283000,MB NO.6644,SB-BK-1003,,,2026-03-08T10:09:00,False,,0,,
6,GHULAM ABBAS SB HAZARA MUGHLAN,405000,350000,MB NO.6641,SB-BK-1005,,,2026-03-07T10:16:00,False,,0,,
7,SHEHBAZ BAIG SB KOANKH,69500,69500,MB NO.6640,SB-BK-1006,,,2026-03-07T10:18:00,False,,0,,
8,MISTRI MUHAMMAD ANWAR SB PERO SHAH,222400,222400,MB NO.6639,SB-BK-1007,,,2026-03-08T10:20:00,False,,0,,
9,TALHA SB JPS,813500,750000,MB NO.6682,SB-BK-1008,,,2026-03-07T15:12:00,False,,0,,
11,BILAL SB KOANKH (QARI EJAZ SB),715000,0,MB NO.6685,SB-BK-1010,,,2026-03-09T16:41:00,False,,0,,
12,BILAL SB KOANKH (QARI EJAZ SB),226100,226100,,SB-BK-1011,,,2026-03-09T16:43:00,False,,0,,
13,GUL SHER SB CHAK BEHRAM,368640,100000,MB NO.6603,SB-BK-1012,,,2026-03-09T16:50:00,False,,0,,
15,MAJEED BUTT SB JPS,14245,14245,MB NO.3695,SB-BK-1014,,,2026-03-10T09:55:00,False,,0,,
16,ASHRAF SB AJNALA(SALEEM CONT),76450,76450,MB NO.5286,SB-BK-1015,,,2026-03-10T10:15:00,False,RATE YET TO CONFIRM,0,,
17,MALIK ADNAN,60060,60060,MB NO.2425,SB-BK-1016,,,2025-09-13T10:45:00,False,,0,,
18,HAJI JAVED SB JPS,279706.8,279706.8,MB NO.822,SB-BK-1017,,,2026-03-10T11:06:00,False,,0,,
19,HAJI JAVED SB JPS,170300,0,MB NO.2271,SB-BK-1018,,,2026-03-10T11:08:00,False,,0,,
20,MALIK JAVED SB KHAN PUR KHOKHAR,32200,0,MB NO.6637,SB-BK-1019,,,2026-03-10T11:19:00,False,OLD BOOKINGS DG STEEL FINISHED,0,,
21,RAZA ULLAH SB MALAK PUR,18850,18850,MB NO.6672,SB-BK-1020,,,2026-03-09T11:30:00,False,,0,,
23,AHMED SUBHANI SB AJNALA,27170,27170,MB NO.5988,SB-BK-1022,,https://drive.google.com/file/d/1Kmn1X9r66TSX20V5-OGW3Ox17QwAr0nk/view?usp=drive_link,2026-03-10T14:10:00,False,,0,,
24,ASIF MUJAHID SB JPS,119680,119680,MB NO.1115,SB-BK-1023,,https://drive.google.com/file/d/1N2Qft-7PDNeGCeZKi_aPT7eJsKoAh0ys/view?usp=drive_link,2026-03-10T14:20:00,False,,0,,
25,EHSAN SB CHAUHAN,292600,319200,MB NO.2405,SB-BK-1024,,https://drive.google.com/file/d/1YwCHWDk0583NKXBIC6iEzS-WRzKMWbf6/view?usp=drive_link,2025-09-11T14:35:00,False,,0,,
26,TAHIR SB AJNALA,1301593.2,1301593.2,MB NO.1283,SB-BK-1025,,,2026-03-10T15:00:00,False,,0,,
27,MEHBOOB ALAM SB KOANKH,515379.4,515379.4,MB NO.5470,SB-BK-1026,,,2026-01-26T15:43:00,False,,0,,
28,HAJI IQBAL SB JPS,3667000,0,MB NO.6720,SB-BK-1027,,,2026-03-10T15:51:00,False,,0,,
29,RANA ZAHEER SB JPS,145000,145000,MB NO.6717,SB-BK-1028,,,2026-03-10T16:04:00,False,,0,,
30,GHULAM SARWAR SB JPS(HAJI JAVED SB),472394,816183,MB NO.5842/6016,SB-BK-1029,,https://drive.google.com/file/d/1w8KxMhglNl8eLSSbkzA9m98PodmWN-8q/view?usp=sharing,2026-03-11T10:53:00,False,,0,,
31,MUHAMMAD ALI SB MULL,149500,95000,MB NO.6735,SB-BK-1030,,,2026-03-11T11:08:00,False,,0,,
32,MAJID HUSSAIN SB AJNALA,2474420,2474420,MB NO.5068/1811,SB-BK-1031,,,2026-03-09T11:10:00,False,,0,,
33,ABDUL AZEEM SB KHAN PUR KHOKHAR,698250,698250,MB NO.2736,SB-BK-1032,,,2025-10-01T14:04:00,False,,0,,
34,RASHID SB RUPOWAL,222000,0,MB NO.6747,SB-BK-1033,,,2026-03-11T14:10:00,False,,0,,
35,FIYAZ BAIG SB KOANKH,115280,115280,MB NO.4863,SB-BK-1034,,,2026-03-12T09:29:00,False,,0,,
36,MAZHAR SB DHAMTAL,435000,435000,MB NO.6769,SB-BK-1035,,,2026-03-12T10:34:00,False,mcb 7761,0,,
37,SULEIMAN SB AJNALA,40500,40500,MB NO.6505,SB-BK-1036,,,2026-03-12T14:29:00,False,,0,,
38,SAJID BAIG MAKKI KOANKH,2089249.4,2089249.4,MB NO.5366,SB-BK-1037,,,2026-03-12T15:31:00,False,,0,,
39,SUBEDAR MUHAMMAD ARSHAD SB KHANPUR KHOKHAR,757400,300000,MB NO.6557,SB-BK-1038,,,2026-03-05T16:08:00,False,,0,,
40,SUBEDAR MUHAMMAD ARSHAD SB KHANPUR KHOKHAR,14000,14000,MB NO.6665,SB-BK-1039,,,2026-03-09T16:10:00,False,,0,,
41,MUHAMMAD BASHEER SB CONT KOANKH,115350,68000,MB NO.6547,SB-BK-1040,,,2026-03-05T16:14:00,False,,0,,
43,MUHAMMAD ASGHAR FAUJI SB JPS,23400,23400,MB NO.6252,SB-BK-1042,,,2026-02-22T10:14:00,False,,0,,
44,EHSAN ATTARI SB JPS,42000,56000,MB NO.6210,SB-BK-1043,,,2026-03-14T10:31:00,False,,0,,
45,MUHAMMAD ASHRAF SB JPS NEAR SCHOOL (SALEEM CONT),590000,590000,,SB-BK-1044,,,2026-03-13T10:44:00,False,,0,,
46,IMRAN SB MALAK PUR,96600,96600,MB NO.2308,SB-BK-1045,,,2025-09-02T11:13:00,False,,0,,
47,JAVED NUMBERDAR SB JPS,105200,105200,MB NO.2505,SB-BK-1046,,,2025-09-15T15:31:00,False,,0,,
48,FAISAL SB AJNALA,953520,953520,MB NO.2737,SB-BK-1047,,,2025-10-01T16:13:00,False,,0,,
49,ASIF HUSSAIN JPS (ALI ALMUNIUM),196700,196700,MB NO.2861/5646,SB-BK-1048,,,2025-10-08T16:21:00,False,,0,,
50,SUBEDAR MUHAMMAD ARSHAD SB KHANPUR KHOKHAR,84600,83500,MB NO.6824,SB-BK-1049,,,2026-03-15T10:23:00,False,,0,,
51,YOUSUF BUTT SB KOANKH,5440,5440,MB NO.5930,SB-BK-1050,,,2026-03-15T12:01:00,False,,0,,
52,NABEEL ILLAHI KOANKH,134000,134000,MB NO.6592,SB-BK-1051,,,2026-03-07T13:45:00,False,,0,,
53,DR EHSAN SB DHINDA,233600,233600,MB NO.6645,SB-BK-1052,,,2026-03-08T10:41:00,False,,0,,
54,WALEED ULLAH SB DILAWAR PUR,639956.2,600000,,SB-BK-1053,,,2026-03-10T11:07:00,False,,0,,
55,TARIQ BUTT SB JPS,19500,19500,MB NO.4952,SB-BK-1054,,,2026-03-16T12:13:00,False,,0,,
56,IMRAN SB KHATANA,36750,35500,MB NO.6620,SB-BK-1055,,,2026-03-08T16:17:00,False,,0,,
57,RAJA PARWEZ SB RANGPUR,140500,140500,MB NO.6811,SB-BK-1056,,,2026-03-16T10:14:00,False,,0,,
58,FAZAL ILAHI SB JALPUWAL,280000,280000,MB NO.6179,SB-BK-1057,,,2026-02-19T12:21:00,False,,0,,
59,FAZAL ILAHI SB JALPUWAL,290000,290000,MB NO.6605,SB-BK-1058,,,2026-03-07T12:31:00,False,,0,,
60,MUHAMMAD RAFEEQ SB AJNALA,114400,143000,MB NO.6708,SB-BK-1059,,,2026-03-10T13:49:00,False,ALFALAH 37737,0,,
61,DILDAAR HUSSAIN SB PARSUWAL,13500,13500,MB NO.6582,SB-BK-1060,,,2026-03-07T11:20:00,False,,0,,
62,RAJA IFTIKHAR SB JPS,27000,27000,MB NO.4203,SB-BK-1061,,,2025-12-07T12:56:00,False,,0,,
63,ARIF BAIG SB KOANKH (ASIM BAIG),132500,132500,MB NO.4227/5186/5453,SB-BK-1062,,,2026-03-18T13:41:00,False,,0,,
64,REHMAN SB AJNALA(WAJID BROTHER),22680,39760,MB NO.4396,SB-BK-1063,,,2025-12-15T15:37:00,False,,0,,
65,MALIK USMAN SB JPS,372934.62,372934.62,MB NO.6420/,SB-BK-1064,,,2026-03-18T16:37:00,False,,0,,
66,MUHAMMAD QASIM SB MALIKPUR,912000,912000,MB NO.6924,SB-BK-1065,,,2026-03-20T10:09:00,False,,0,,
67,MUHAMMAD QASIM SB MALIKPUR,973000,973000,MB NO.6925,SB-BK-1066,,,2026-03-20T10:28:00,False,,0,,
69,MUHAMMAD QASIM SB MALIKPUR,47450,47450,MB NO.6942,SB-BK-1068,,,2026-03-24T13:45:00,False,,0,,
70,BASHEER SHAH SB GHURAIRA( KAKU SHAH),505780,300000,MB NO.6956,SB-BK-1069,,,2026-03-24T15:02:00,False,,0,,
71,FAROOQ KALAS SB PARSUWAL,1131500,1000000,MB NO.6972,SB-BK-1070,,,2026-02-22T12:57:00,False,,0,,
72,FIYAZ BAIG SB KOANKH,8000,0,,SB-BK-1071,,,2026-03-26T11:50:00,False,,0,,
73,ABDUL GHAFFAR SB JPS,234070,512850,MB NO.5964/7399/2,SB-BK-1072,,,2026-02-12T12:36:00,False,,0,,
74,ABDUL GHAFFAR SB JPS,233898,406078,MB NO.6013/7399,SB-BK-1073,,,2026-02-14T12:42:00,False,,0,,
75,SUBEDAR RIAZ SB JPS (HAJI ASHFAQ SB JPS),57600,57600,MB NO.6934,SB-BK-1074,,,2026-03-23T13:34:00,False,,0,,
76,MASTER ZAHOOR SB JPS,787900,0,MB NO.6997,SB-BK-1075,,,2026-03-25T17:15:00,False,,0,,
77,ABDUL SATTAR SB DHINDA FARM,105000,105000,MB NO.6994,SB-BK-1076,,,2026-03-26T17:28:00,False,,0,,
78,SHEHBAZ BAIG SB KOANKH,59200,59200,MB NO.7016,SB-BK-1077,,,2026-03-28T11:24:00,False,,0,,
79,MUHAMMAD RAZAQ SB JPS,282000,282000,MB NO.7007,SB-BK-1078,,,2026-03-27T11:33:00,False,PAYMENT THROUGH CHECK ALLIED BANK,0,,
80,MUHAMMAD ASGHAR FAUJI SB JPS,15565,15550,MB NO.7014,SB-BK-1079,,,2026-03-28T11:59:00,False,,15,,
81,NAEEM SB KHANPUR KHOKHAR,145000,0,MB NO.7026,SB-BK-1080,,,2026-03-28T13:36:00,False,,0,,
82,MUHAMMAD AFZAL SB DUKANDAR GHURAL,87000,87000,MB NO.7025,SB-BK-1081,,,2026-03-28T13:38:00,False,,0,,
83,MUHAMMAD AKRAM SB SANTAL SURKHIYAN,182100,125000,MB NO.5692,SB-BK-1082,,,2026-02-03T16:51:00,False,,0,,
84,MUHAMMAD AKRAM SB SANTAL SURKHIYAN,1045000,1000000,MB NO.6495,SB-BK-1083,,,2026-03-05T16:58:00,False,,0,,
85,MUHAMMAD AKRAM SB SANTAL SURKHIYAN,572000,300000,MB NO.6738,SB-BK-1084,,,2026-03-28T17:00:00,False,,0,,
86,MALIK MEHMOOD SB PARSUWAL,35587.2,35847,MB NO.7030,SB-BK-1085,,,2026-03-27T10:28:00,False,,0.2,,
87,GULZAAR SB GHURAIRA,46200,46841,,SB-BK-1086,,,2026-03-23T11:54:00,False,46841 STEEL WAPSI KI AMOUNT SE WASOOLI KI,0,,
88,MUHAMMAD RAZAQ SB JPS,8700,8700,MB NO.7047,SB-BK-1087,,,2026-03-29T12:52:00,False,,0,,
89,RAJA ALTAF SB JPS,971780,601780,MB NO.7052,SB-BK-1088,,,2026-03-28T14:08:00,False,,0,,
90,MUHAMMAD ABID SB KOANKH,2180700.00000001,400000,MB NO.7054,SB-BK-1089,,,2026-03-28T14:32:00,False,CEMENT LABOUR ADDED IN CEMENT RENT,0,,
91,ANSAR SB DOIYAN,916031,916000,MB NO.7055,SB-BK-1090,,,2026-03-28T15:01:00,False,PAYMENT THROUGH CHECK MCB,160,,
92,REHMAN SB AJNALA(WAJID BROTHER),53400.0005,0,MB NO.6921,SB-BK-1091,,,2026-03-20T11:20:00,False,,0.0005,,
93,MUHANNAD ASLAM SB MALIKPUR,550050,550000,MB NO.7070,SB-BK-1092,,,2026-03-29T11:58:00,False,,50,,
94,MIRZA NAGHMAN SB TIBBA,1091489.49765,1206000,MB NO.1073,SB-BK-1093,,,2026-03-29T12:20:00,False,PAYMENT THROUGH CHECK BOP 0000012698,840,,
95,JAMEEL SB JAGWAN,0,555000,MB NO.7083,SB-BK-1094,,,2026-03-30T17:10:00,False,,0,,
96,RANA ZAHEER SB JPS,71500,400000,MB NO.7085,SB-BK-1095,,,2026-03-30T10:32:00,False,,0,,
97,MUHAMMAD ASGHAR SB DEDHAR SHARIF,21000,15000,MB NO.7101,SB-BK-1096,,,2026-03-31T13:16:00,False,,0,,
98,MUHAMMAD ALI SB MULL,59200,0,MB NO.7102,SB-BK-1097,,,2026-03-31T13:29:00,False,,300,,
99,IMRAN SB KHATANA,109875,109875,MB NO.7103,SB-BK-1098,,,2026-03-31T14:00:00,False,,0,,
100,TARIQ BUTT SB JPS,211500,170000,MB NO.7020,SB-BK-1099,,,2026-03-28T14:41:00,False,,0,,
101,SHEHBAZ BAIG SB KOANKH,372500,372500,MB NO.7154,SB-BK-1100,,,2026-04-02T10:02:00,False,,0,,
102,MALIK MUHAMMAD ASHRAF SB JPS,144000,50000,MB NO.7146,SB-BK-1101,,,2026-04-01T11:04:00,False,,0,,
103,SHERAZ SB MALIK PUR,299805,299800,MB NO.7157,SB-BK-1102,,,2026-04-02T11:51:00,False,,5,,
104,ANSAR SB DOIYAN,429000,417000,MB NO.7109,SB-BK-1103,,,2026-03-31T12:29:00,False,,0,,
105,FAZAL ILAHI SB JALPUWAL,442500,0,MB NO.7158,SB-BK-1104,,,2026-04-02T12:46:00,False,,0,,
106,GULZAAR SB GHURAIRA,38880,0,MB NO.7045/3,SB-BK-1105,,,2026-04-02T15:00:00,False,,0,,
107,YASIR YAQOOB SB DILAWARPUR,210000,210000,MB NO.7118,SB-BK-1106,,,2026-04-01T11:43:00,False,,0,,
108,MUHAMMMAD AWAIS SB PARSUWAL,47250,47250,MB NO.6444,SB-BK-1107,,,2026-03-01T12:24:00,False,,0,,
109,RAJA AMEER HAMZA SB JPS,292000,304000,MB NO.7197,SB-BK-1108,,,2026-04-04T13:38:00,False,,0,,
110,HAJI ASHRAF SB KOANKH(MALIK ILYAS),588000,588000,MB NO.6357,SB-BK-1109,,,2026-02-26T14:41:00,False,,0,,
111,CH MUHAMMAD AKRAM RIHANIA SB JPS,2107026,2100000,MB NO.6311,SB-BK-1110,,,2026-02-21T14:59:00,False,,0,,
112,ABDUL REHMAN SB JPS(ZAFAR CONT),401179.6,150000,MB NO.6223,SB-BK-1111,,,2026-02-20T15:40:00,False,,0,,
113,TUFAIL ABBAS SB RANGPUR,43500,43500,MB NO.7194,SB-BK-1112,,,2026-04-02T10:42:00,False,PAYMENT RECEIVE IN JAZZ CASH 27905,0,,
114,JAMEEL SB JAGWAN,303000,0,MB NO.7201/2,SB-BK-1113,,,2026-04-04T15:11:00,False,,0,,
115,MUHAMMAD SHABEER SB CONT TIBBA AJNALA,206875,6000,MB NO.7218,SB-BK-1114,,,2026-04-05T12:11:00,False,,2875,DISCOUNT,
116,RANA ZAHEER ABBAS SB KHAN COLONY JPS,15200,15200,MB NO.7228,SB-BK-1115,,,2026-04-05T16:03:00,False,,0,,
117,MEHBOOB ALAM SB KOANKH,476538.8,500000,MB NO.7254,SB-BK-1116,,,2026-04-05T11:22:00,False,RATE DIFRENCE +REMAINING BOOKING NAFI IN BILL NUMBER 7271,0,,
118,SAIF ULLAH SB KOANKH,177250,200000,MB NO.7266,SB-BK-1117,,,2026-04-06T14:58:00,False,,0,,
119,MUHAMMAD RAZAQ SB JPS,71240,0,MB NO.7216,SB-BK-1118,,,2026-04-05T10:42:00,False,,0,,
120,MAZHAR SB RUPOWAL DERA,892350.2,0,MB NO.7285,SB-BK-1119,,,2026-04-07T13:07:00,False,,0,,
121,TAHIR ABBAS SB KOANKH,375243.2,150000,MB NO.7319/2,SB-BK-1120,,,2026-04-08T16:45:00,False,,0,,
123,HAJI WARIS SB JPS,30000,18000,,SB-BK-1122,,,2026-04-09T16:57:00,False,,0,,
124,RANA ZAHEER ABBAS SB KHAN COLONY JPS,9000,9000,MB NO.7392,SB-BK-1123,,,2026-04-12T15:50:00,False,,0,,
125,HAJI IQBAL SB JPS,1245500,0,MB NO.7493,SB-BK-1124,,,2026-04-15T14:56:00,False,,0,,
126,MUHAMMAD ARSHAD SB GHURAL (SUBEDAR QADAR DAD SB),129940,129940,MB NO.7426,SB-BK-1125,,,2026-04-13T13:51:00,False,,0,,
127,TARIQ MEHMOOD SB MALIKPUR,237800,250000,MB NO.7514,SB-BK-1126,,,2026-04-16T15:30:00,False,,0,,
128,ZEESHAN ATTARI SB JPS,3000060,3000000,MB NO.7517,SB-BK-1127,,,2026-04-17T10:09:00,False,,60,DISCOUNT,
129,ANWAR BAIG SB MADRISA KOANKH,247900,247900,MB NO.5551/2/3,SB-BK-1128,,,2026-01-29T13:23:00,False,,0,,
130,WAHEED SB KOANKH,1005000,1005000,MB NO.5522,SB-BK-1129,,,2026-01-28T14:29:00,False,,0,,
131,JAVED NUMBERDAR SB JPS,24990,25000,MB NO.7555,SB-BK-1130,,,2026-04-18T10:58:00,False,,0,,
132,IBRAR ASHRAF SB MALIKPUR,51640,50000,MB NO.7575,SB-BK-1131,,,2026-04-19T12:18:00,False,,0,,
133,ABDUL SATTAR SB DHINDA FARM,147000,141999.99,MB NO.7587,SB-BK-1132,,,2026-04-20T13:34:00,False,,0,,
134,NAEEM ABBAS SB PARSUWAL,562530.0000000079,400000,MB NO.7592,SB-BK-1133,,,2026-04-20T14:58:00,False,,0,,
137,SAFDAR ALI SB AJNALA (ASLAM CONT),298000,200000,MB NO.7617,SB-BK-1136,,,2026-04-21T12:40:00,False,,0,,
138,MUHAMMAD RAFEEQ SB AJNALA,72500,0,MB NO.7610,SB-BK-1137,,,2026-04-21T13:48:00,False,,0,,
139,RAFAQAT HUSSAIN SB MALIK (MASJID),752000,500000,MB NO.7631,SB-BK-1138,,,2026-04-21T09:19:00,False,,0,,
140,SHERAZ SB MALIK PUR,144000,144000,MB NO.7642,SB-BK-1139,,,2026-04-22T11:27:00,False,,0,,
141,IRFAN SB JPS (ATEEQ SB),715000,280000,MB NO.5882/2,SB-BK-1140,,,2026-02-10T11:56:00,False,,4000,DISCOUNT,
142,SHEHZAD BAIG SB KOANKH,217800,217800,MB NO.5735,SB-BK-1141,,,2026-02-04T16:11:00,False,,0,,
143,SHEHZAD BAIG SB KOANKH,870105.6,870105.6,MB NO.6472,SB-BK-1142,,,2026-02-26T16:20:00,False,,0,,
144,MIRZA REHMAN SB JPS,1376240,500000,MB NO.7675,SB-BK-1143,,,2026-04-25T11:55:00,False,,0,,
145,DR AMIN SB JPS,294000,300000,MB NO.7693,SB-BK-1144,,,2026-04-25T13:10:00,False,,0,,
146,Orphan92,247800,200000,MB NO.7697,SB-BK-1145,,,2026-04-25T13:22:00,False,"[MIGRATION] Orphan record. Original client: ""SALMAAN SB GHURAL"".",0,,
147,DR AMIN SB JPS,196000,100000,MB NO.7698,SB-BK-1146,,,2026-04-25T13:24:00,False,,0,,
148,ARSALAN SB GHURAL(SALMAAN SB GHURAL),247800,200000,MB NO.7697/2,SB-BK-1147,,,2026-04-25T14:19:00,False,,0,,
149,SALMAAN SB GHURAL (GOGA SB GHURAL),323032,300000,MB NO.8062,SB-BK-1148,,,2026-04-25T16:01:00,False,,0,,
150,FAROOQ KALAS SB PARSUWAL,246000,248500,MB NO.7709,SB-BK-1149,,,2026-04-25T16:38:00,False,,0,,
151,MUHAMMAD ARSHAD SB GHURAL (SUBEDAR QADAR DAD SB),297440,300000,MB NO.7711,SB-BK-1150,,,2026-04-25T21:20:00,False,,0,,
152,JAVED NUMBERDAR SB JPS,43500,43500,MB NO.7717,SB-BK-1151,,,2026-04-26T21:21:00,False,,0,,
153,HAJI WARIS SB JPS,517650,750000,MB NO.7722,SB-BK-1152,,,2026-04-26T22:13:00,False,,0,,
154,FAROOQ KALAS SB PARSUWAL,222000,222000,MB NO.7734,SB-BK-1153,,,2026-04-26T14:38:00,False,,0,,
155,MUHAMMMAD AWAIS SB PARSUWAL,433052,327800,MB NO.7758,SB-BK-1154,,,2026-04-26T12:39:00,False,,0,,
156,RAJA ALTAF SB JPS,59600,145000,MB NO.7779,SB-BK-1155,,,2026-04-28T10:32:00,False,,0,,
157,RAOOF SB GHURAL,504000,504000,MB NO.7794,SB-BK-1156,,,2026-04-28T14:39:00,False,,0,,
158,ABDULLAH SB HANDA STOP,147000,147000,MB NO.7796,SB-BK-1157,,,2026-04-28T15:26:00,False,,0,,
159,SAEED KHAN SN JPS KOANKH,58400,58000,MB NO.7801,SB-BK-1158,,,2026-04-28T09:10:00,False,,400,DISCOUNT,
160,RAOOF SB GHURAL,294000,293900,,SB-BK-1159,,,2026-04-29T19:27:00,False,,100,DISCOUNT,
161,SHEHBAZ BAIG SB KOANKH,194345.5,195900,MB NO.7835,SB-BK-1160,,,2026-04-30T12:14:00,False,,0,,
162,IMRAN SB KHATANA,294000,294000,MB NO.7840,SB-BK-1161,,,2026-04-30T13:20:00,False,,0,,
163,HDC SYED TASSAWAR SHAH SB MALIKPUR SITE,2720500,0,MB NO.1839,SB-BK-1162,,,2025-07-10T15:38:00,False,,0,,
164,MALIK MEHMOOD SB PARSUWAL,148000,150000,MB NO.7857,SB-BK-1163,,,2026-05-01T12:23:00,False,,0,,
165,SALMAAN SB GHURAL (GOGA SB GHURAL),129360,67000,MB NO.None,SB-BK-1164,,,2026-05-01T09:15:00,False,,0,,
166,RAJA ALTAF SB JPS,145000,180000,MB NO.7862,SB-BK-1165,,,2026-05-02T09:25:00,False,,0,,
167,JAMEEL SB JAGWAN,75750,77750,MB NO.7870,SB-BK-1166,,,2026-05-02T09:36:00,False,,0,,
168,NAUMAN RIHANIA SB JPS,49640,50000,MB NO.7883,SB-BK-1167,,,2026-05-01T11:27:00,False,,0,,
169,MALIK JAVED SB KHAN PUR KHOKHAR,49170,50000,MB NO.7854,SB-BK-1168,,,2026-05-01T12:42:00,False,,0,,
170,MALIK JAVED SB KHAN PUR KHOKHAR,79460,50000,MB NO.7891,SB-BK-1169,,,2026-05-02T12:43:00,False,,0,,
171,DILAWAR HUSSAIN SB GHURAL,102000,90000,MB NO.7892,SB-BK-1170,,,2026-05-02T13:10:00,False,,0,,
172,HAFIZ ABDUL JABBAR SB RANGPUR,1091915.499999997,1000000,MB NO.7899,SB-BK-1171,,,2026-04-28T14:22:00,False,,0,,
173,WAJID SB AJNALA,77000,20000,MB NO.7940,SB-BK-1172,,,2026-05-03T10:27:00,False,,0,,
174,SHEHZAD SB GHURAIRA,141597,80000,MB NO.7953,SB-BK-1173,,,2026-05-04T11:35:00,False,,0,,
175,IRFAN SB DEDHAR SHARIF,147500,40000,MB NO.7955,SB-BK-1174,,,2026-04-30T12:36:00,False,,0,,
176,ARSALAN SB GHURAL(SALMAAN SB GHURAL),52200,100000,MB NO.7958,SB-BK-1175,,,2026-05-04T13:35:00,False,,0,,
177,SUBEDAR MUHAMMAD ARSHAD SB KHANPUR KHOKHAR,30000,30000,MB NO.7973,SB-BK-1176,,,2026-05-05T12:18:00,False,,0,,
178,MUHAMMAD QASIM SB MALIKPUR,2500,2500,MB NO.7993,SB-BK-1177,,,2026-05-06T09:24:00,False,,0,,
179,SAFDAR ALI SB AJNALA (ASLAM CONT),860261.5000000001,0,MB NO.D-1,SB-BK-1178,,,2026-05-06T11:21:00,False,,0,,
180,MUHAMMAD RAZAQ SB JPS,58400,58400,MB NO.8035,SB-BK-1179,,,2026-05-07T09:27:00,False,,0,,
181,RAJA PARWEZ SB RANGPUR,60000,0,MB NO.8056,SB-BK-1180,,,2026-05-07T15:25:00,False,,200,DISCOUNT,
182,SAEED KHAN SN JPS KOANKH,88400,88400,MB NO.8066,SB-BK-1181,,,2026-05-07T10:52:00,False,,0,,
183,MALIK NAVEED SB KHAN PUR KHOKHAR,475700,0,MB NO.8086-B,SB-BK-1182,,,2026-05-07T09:00:00,False,,0,,
184,MUHAMMAD AKRAM SB SANTAL SURKHIYAN,758000,758000,MB NO.8103,SB-BK-1183,,,2026-05-09T13:09:00,False,,0,,
185,MUHAMMAD SHABEER SB CONT TIBBA AJNALA,149000,0,MB NO.8106,SB-BK-1184,,,2026-05-09T13:55:00,False,,0,,
186,DR EHSAN SB DHINDA,149000,149000,MB NO.8119,SB-BK-1185,,,2026-05-09T10:19:00,False,,0,,
187,JAMEEL SB JAGWAN,261000,261000,MB NO.8137,SB-BK-1186,,,2026-05-10T12:00:00,False,,0,,
188,MAQSOOD SB MALAK PUR,74300,45000,MB NO.8141,SB-BK-1187,,,2026-05-10T12:59:00,False,,0,,
189,GHULAM SARWAR SB JPS(HAJI JAVED SB),99400,99000,MB NO.8138,SB-BK-1188,,,2026-05-09T16:51:00,False,,0,,
190,MUHAMMAD RAZAQ SB JPS,147500,147500,MB NO.8167,SB-BK-1189,,,2026-05-11T12:16:00,False,,0,,
191,SHEHBAZ BAIG SB KOANKH,45830,0,MB NO.7937/2,SB-BK-1190,,,2026-05-03T12:45:00,False,,0,,
192,MIRZA YOUNUS SB JPS,651500.00000001,650000,MB NO.8201,SB-BK-1191,,,2026-05-12T13:03:00,False,,1500,DISCOUNT,
193,SHABEEB SB KANIYAN,1156800,1150000,MB NO.8217,SB-BK-1192,,,2026-05-12T11:54:00,False,,0,,
194,IRFAN SB DEDHAR SHARIF,73950,72950,MB NO.8218,SB-BK-1193,,,2026-05-13T11:56:00,False,,35,DISCOUNT,
195,AFGHAN SB GHURAL,99400,142000,MB NO.8219,SB-BK-1194,,,2026-05-13T12:06:00,False,,0,,
196,ALI AKBAR SB DHINDA,282000,282000,MB NO.8225,SB-BK-1195,,,2026-05-12T12:32:00,False,,0,,
197,MIRZA NAZAR BAIG SB KOANKH,164800,164800,MB NO.8243,SB-BK-1196,,,2026-05-13T14:56:00,False,,0,,
198,HAJI IQBAL SB JPS,234900,0,MB NO.8265,SB-BK-1197,,,2026-05-14T15:28:00,False,,0,,
199,DR AMIN SB JPS,75856.40000000001,50000,MB NO.8288,SB-BK-1198,,,2026-05-14T16:48:00,False,,0,,
200,IMRAN SB CHACHUWAL,404600,400000,MB NO.8342,SB-BK-1199,,,2026-05-16T13:34:00,False,,0,,
201,SHEHBAZ BAIG SB KOANKH,49260,49500,MB NO.8368,SB-BK-1200,,,2026-05-17T14:44:00,False,,167,DISCOUNT,
202,SAGHEER BAIG SB KOANKH,291600,200000,MB NO.8436,SB-BK-1201,,,2026-05-18T00:18:00,False,,0,,
203,MIRZA SHAMSHEED SB BHUCH,486330.00000001,0,MB NO.8461,SB-BK-1202,,,2026-05-18T00:46:00,False,,0,,
204,ABDUL AZEEM SB KHAN PUR KHOKHAR,70720,70000,MB NO.8491,SB-BK-1203,,,2026-05-20T12:00:00,False,,0,,
205,RAZAQ SB KHANPUR KHOKHAR,140000,140000,MB NO.8507,SB-BK-1204,,,2026-05-19T12:42:00,False,,0,,
206,DR EHSAN SB DHINDA,33164.5,33164,MB NO.8565,SB-BK-1205,,,2026-05-23T03:34:00,False,,0.5,DISCOUNT,
207,SAFDAR ALI SB AJNALA (ASLAM CONT),115500,0,MB NO.8587,SB-BK-1206,,,2026-05-23T15:52:00,False,,0,,
208,SAIF ULLAH SB KOANKH,29400,25000,MB NO.8598,SB-BK-1207,,,2026-05-23T01:41:00,False,,0,,
209,SALMAAN SB GHURAL (GOGA SB GHURAL),7000,0,MB NO.8600,SB-BK-1208,,,2026-05-23T01:44:00,False,,0,,
210,MUHAMMAD ASHRAF SB JPS NEAR SCHOOL (SALEEM CONT),2.01,2.01,MB NO.8605,SB-BK-1209,,,2026-05-24T04:24:00,False,,0,,
211,MAJID HUSSAIN SB AJNALA,57125,40000,MB NO.8619,SB-BK-1210,,,2026-05-24T05:00:00,False,,0,,
212,NAUMAN RIHANIA SB JPS,14200,14500,MB NO.8632,SB-BK-1211,,,2026-05-25T12:55:00,False,,0,,
213,Test Refund Client,0,11788,,,,,2026-05-26T12:29:11.953842,False,,0,,
214,Test Refund Client,0,11788,,,,,2026-05-26T12:29:23.390545,False,,0,,
215,Test Refund Client,0,11788,,,,,2026-05-26T12:29:52.333626,False,,0,,
216,Test Refund Client,0,11788,,,,,2026-05-26T12:32:24.951819,False,,0,,
217,Test Refund Client,0,11788,,,,,2026-05-26T12:33:22.017585,False,,0,,
218,Test Refund Full 20260526123710,0,11788,,,,,2026-05-26T12:37:10.231229,False,,0,,
219,Test Refund Full 20260526123818,0,11788,,,,,2026-05-26T12:38:18.601801,False,,0,,
220,MIRZA NAZAR BAIG SB KOANKH,190000,150000,MB NO.8701,SB-BK-1212,,,2026-05-26T17:09:00,False,,0,,
221,MUHAMMAD RIAZ SB KOANKH,53775,53500,MB NO.8707,SB-BK-1213,,,2026-05-30T17:28:00,False,,275,DISCOUNT,
222,SHEHZAD SB GHURAIRA,29600,30000,MB NO.8709,SB-BK-1214,,,2026-05-30T17:33:00,False,,40,DISCOUNT,
223,ATIF BAIG SB KOANKH,87282,0,MB NO.8732,SB-BK-1215,,,2026-05-31T13:21:00,False,,0,,
224,SIKANDAR SB JAGUWAN,766812.4,0,MB NO.8740,SB-BK-1216,,,2026-05-31T14:21:00,False,,0,,
225,SUBEDAR MUHAMMAD ARSHAD SB KHANPUR KHOKHAR,590724,200000,MB NO.8679,SB-BK-1217,,,2026-05-26T15:06:00,False,,0,,
226,BASHEER SHAH SB GHURAIRA( KAKU SHAH),71500,71500,MB NO.8698,SB-BK-1218,,,2026-05-26T15:37:00,False,,0,,
227,ABDULLAH SB HANDA STOP,73500,73500,MB NO.8736,SB-BK-1219,,,2026-05-31T10:02:00,False,,0,,
228,YASIR YAQOOB SB DILAWARPUR,207000,0,MB NO.8783,SB-BK-1220,,,2026-06-01T10:43:00,False,,0,,
229,MUHAMMAD ARSHAD SB GHURAL (SUBEDAR QADAR DAD SB),280000,300000,MB NO.8817,SB-BK-1221,,,2026-06-02T16:47:00,False,,0,,
230,SIKANDAR SB JAGUWAN,98000,242000,MB NO.8818,SB-BK-1222,,,2026-06-02T16:48:00,False,,0,,
231,ARIF SB JPS(HAJI ASHFAQ S),100080,100000,MB NO.8876,SB-BK-1223,,,2026-06-03T08:36:00,False,,80,,
232,IRFAN SB DEDHAR SHARIF,293000,100000,MB NO.8885,SB-BK-1224,,,2026-06-03T12:11:00,False,,0,,
233,ASIF SB DERHA HANDA,443252.4,444400,MB NO.8887,SB-BK-1225,,,2026-06-03T12:18:00,False,,220.4,DISCOUNT,
234,SULEIMAN SB AJNALA,85200,100000,MB NO.8896,SB-BK-1226,,,2026-06-08T13:06:00,False,,0,,
235,SARWAR SB MASON,299200,200000,MB NO.8280,SB-BK-1227,,,2026-05-14T13:47:00,False,,0,,
236,SHABEER HUSSAIN SB PARSUWAL,84600,50000,MB NO.8907,SB-BK-1228,,,2026-06-04T14:31:00,False,,0,,
238,AZHAR BUTT SB JPS BUTT SWEETS,149900,0,MB NO.9061,SB-BK-1230,,,2026-06-05T17:23:00,False,,0,,
239,DR AMIN SB JPS,376800,270000,MB NO.9071,SB-BK-1231,,,2026-06-09T08:52:00,False,,0,,
240,ABDUL AZIZ SB DEDHAR SHARIF,23440,21640,MB NO.8023,SB-BK-1232,,,2026-05-06T09:18:00,False,,0,,
242,CH IMRAN SB JPS,1989000,1000000,MB NO.9100,SB-BK-1234,,,2026-06-09T14:35:00,False,,0,,
244,AURANGZEB SB KOANKH,835895.100000036,748000,MB NO.9104,SB-BK-1236,,,2026-06-08T15:53:00,False,,530,DISCOUNT,
245,CH IMRAN SB JPS,82200,0,MB NO.9110,SB-BK-1237,,,2026-06-09T17:39:00,False,,0,,
246,GHULAM GHOUS SB JPS,303531,250000,MB NO.9108,SB-BK-1238,,,2026-06-09T11:37:00,False,,0,,
247,ALI SHAN SB RANGRA,936000,850000,MB NO.8987,SB-BK-1239,,,2026-06-07T12:27:00,False,,0,,
248,ALI SHAN SB RANGRA,706400,792400,MB NO.9070,SB-BK-1240,,,2026-06-08T12:28:00,False,,0,,
249,SAGHEER BAIG SB KOANKH,284000,0,MB NO.9119,SB-BK-1241,,,2026-06-10T12:57:00,False,,0,,
250,SHAMRAIZ SB JAGUWAN,140000,140000,MB NO.9129,SB-BK-1242,,,2026-06-10T13:03:00,False,,0,,
252,RAOOF SB GHURAL,145000,140000,MB NO.9136,SB-BK-1244,,,2026-06-09T14:14:00,False,,0,,
253,RAOOF SB GHURAL,38144,44300,MB NO.9137,SB-BK-1245,,,2026-06-09T14:15:00,False,,0,,
254,ABDUL SATTAR SB DHINDA FARM,249200,250000,MB NO.9151,SB-BK-1246,,,2026-06-10T17:23:00,False,,0,,
255,ARIF SB JPS(HAJI ASHFAQ S),10574.5,8000,MB NO.9326,SB-BK-1247,,,2026-06-15T11:42:00,False,,0,,
256,NADEEM SB DHINDA,116800,50000,MB NO.9346,SB-BK-1248,,,2026-06-11T15:44:00,False,,0,,
257,SHEHBAZ SB RANGPUR,139000,100000,MB NO.8953,SB-BK-1249,,,2026-06-05T15:50:00,False,,0,,
258,TALHA SB JPS,286000,286000,MB NO.8962,SB-BK-1250,,,2026-06-04T16:09:00,False,,0,,
259,SAIF ULLAH SB KOANKH,14800,5000,MB NO.8974,SB-BK-1251,,,2026-06-06T16:25:00,False,,0,,
260,HAJI AKRAM SB CONT DOYIAN,632732.6,100000,,SB-BK-1252,,,2026-06-16T10:35:00,False,,0,,
261,RAJA M FARAZ SB RANGPUR,282000,282000,MB NO.9008,SB-BK-1253,,,2026-06-07T13:22:00,False,ALFALAH BANKS,0,,
262,SHAHID SB JPS,14100,14100,MB NO.9018,SB-BK-1254,,,2026-06-07T14:41:00,False,,0,,
263,SHAMRAIZ SB JAGUWAN,56000,56000,MB NO.9027-BOOKING,SB-BK-1255,,,2026-06-08T08:54:00,False,,0,,
265,SALMAAN SB GHURAL (GOGA SB GHURAL),14000,14000,MB NO.8905=B,SB-BK-1257,,,2026-06-04T12:50:00,False,,0,,
266,MUHAMMAD ARSHAD SB DHINDA POTAN WALAY,88200,280000,MB NO.9352/2,SB-BK-1258,,,2026-06-15T14:41:00,False,,0,,
267,JAMEEL SB JAGWAN,42600,42600,MB NO.9174,SB-BK-1259,,,2026-06-11T15:22:00,False,,0,,
268,SAGHEER BAIG SB KOANKH,700870,1000000,MB NO.9387,SB-BK-1260,,,2026-06-17T10:10:00,False,,0,,
269,TARIQ BUTT SB JPS,53580,70000,MB NO.9429,SB-BK-1261,,,2026-06-17T10:53:00,False,,0,,
270,MUHAMMAD QASIM SB MALIKPUR,1800,0,MB NO.9444,SB-BK-1262,,,2026-06-17T13:35:00,False,,0,,
271,ATIF BAIG SB KOANKH,41250,39000,MB NO.9313,SB-BK-1263,,,2026-06-18T14:13:00,False,,0,,
272,ASIM SB KOANKH,156890,100000,MB NO.9179,SB-BK-1264,,,2026-06-10T14:58:00,False,,0,,
273,HDC MEHAR MEHDI SB JPS,1637000,0,MB NO.9491,SB-BK-1265,,,2026-06-18T12:31:00,False,,0,,
274,MUSHTAQ SB JPS,562000,562000,MB NO.9378,SB-BK-1266,,,2026-06-14T10:10:00,False,,0,,
275,MUSHTAQ SB JPS,40500,100000,MB NO.9379,SB-BK-1267,,,2026-06-20T10:13:00,False,,0,,
276,GHULAM MURTZA SB KOANKH,55200,55200,MB NO.9508,SB-BK-1268,,,2026-06-19T11:45:00,False,,0,,
277,NASAR IQBAL BUTT SB JPS,92919,100000,MB NO.9209,SB-BK-1269,,,2026-06-05T11:58:00,False,,0,,
278,NASAR IQBAL BUTT SB JPS,70000,51000,MB NO.9272,SB-BK-1270,,,2026-06-13T11:59:00,False,,0,,
279,RAZAQ SB KHANPUR KHOKHAR,191200,200000,MB NO.9194,SB-BK-1271,,,2026-06-11T10:13:00,False,,0,,
280,MAZHAR SB RUPOWAL DERA,479460,0,MB NO.9596,SB-BK-1272,,,2026-06-21T14:57:00,False,,0,,
281,MUHAMMAD ABID SB KOANKH,108470,0,MB NO.9599,SB-BK-1273,,,2026-06-21T16:22:00,False,,0,,
282,RAZAQ SB KHANPUR KHOKHAR,21760,0,MB NO.9605,SB-BK-1274,,,2026-06-22T10:58:00,False,DISCOUNT STEEL RETURN,12300,RETURN,
283,MIRZA NAZAR BAIG SB KOANKH,29000,0,MB NO.9627/2,SB-BK-1275,,,2026-06-22T13:50:00,False,,0,,
284,RAJA AMEER HAMZA SB JPS,670922,689000,MB NO.9208,SB-BK-1276,,,2026-06-12T14:45:00,False,,0,,
285,KHALID SB HANDA DERHA,234365.5,247330,MB NO.7084,SB-BK-1277,,,2026-03-30T15:01:00,False,,0.4,DISCOUNT,
286,KHALID SB HANDA DERHA,183000,183000,MB NO.9638,SB-BK-1278,,,2026-06-22T15:03:00,False,,0,,
287,SHEHBAZ BAIG SB KOANKH,43500,43500,MB NO.9675,SB-BK-1279,,,2026-06-23T11:37:00,False,,0,,
288,NAZIM GUJJAR SB JPS,408677,400000,MB NO.9692,SB-BK-1280,,,2026-06-22T14:16:00,False,,0,,
289,RAJA ARSHAD SB JAGUWAN,221484.8,100000,MB NO.9726,SB-BK-1281,,,2026-06-24T12:56:00,False,,0,,
290,SHERAZ SB MALIK PUR,163800,163800,MB NO.9727,SB-BK-1282,,,2026-06-24T13:06:00,False,,0,,
291,MUHAMMAD ARSHAD SB GHURAL (SUBEDAR QADAR DAD SB),990420,800000,MB NO.9747,SB-BK-1283,,,2026-06-24T17:29:00,False,,0,,
292,IRFAN SB DEDHAR SHARIF,444741,300000,MB NO.9182,SB-BK-1284,,,2026-06-11T15:34:00,False,,0,,
293,NASAR IQBAL BUTT SB JPS,56400,56400,MB NO.9768,SB-BK-1285,,,2026-06-25T16:01:00,False,,0,,
294,HAJI YOUSUF BUTT JPS,271000,200000,MB NO.9774,SB-BK-1286,,,2026-06-25T10:45:00,False,,0,,
295,HAFIZ ZEESHAN SB GHURAIRA,95200,95000,MB NO.9798,SB-BK-1287,,,2026-06-27T12:59:00,False,,0,,
296,ALI SHAN SB RANGRA,67125.9,67000,MB NO.9817,SB-BK-1288,,,2026-06-27T16:18:00,False,,200,DISCOUNT,
297,ASIF SB DERHA HANDA,34500,0,MB NO.9827,SB-BK-1289,,,2026-06-28T11:44:00,False,,0,,
298,SHAMRAIZ SB JAGUWAN,137000,137000,MB NO.9854,SB-BK-1290,,,2026-06-28T15:51:00,False,,0,,
299,JAMEEL SB JAGWAN,29900,0,MB NO.9869,SB-BK-1291,,,2026-06-29T10:44:00,False,,0,,
300,ASIF SB KOANKH,282000,0,MB NO.9878,SB-BK-1292,,,2026-06-28T10:48:00,False,,0,,
301,NASAR IQBAL BUTT SB JPS,12250,12200,MB NO.9876,SB-BK-1293,,,2026-06-29T11:55:00,False,,50,DISCOUNT,
302,SHAHZAIB FAROOQ SB ALAM GARH,800540,800000,MB NO.9178,SB-BK-1294,,,2026-06-10T16:48:00,False,,540,DISCOUNT,
303,SUBEDAR MUHAMMAD ARSHAD SB KHANPUR KHOKHAR,151200,0,MB NO.9180,SB-BK-1295,,,2026-06-11T16:55:00,False,,0,,
304,SAIF ULLAH SB KOANKH,16000,16000,MB NO.9924,SB-BK-1296,,,2026-06-30T14:33:00,False,,0,,
305,NASAR IQBAL BUTT SB JPS,37600,31603,MB NO.9952,SB-BK-1297,,,2026-06-30T16:38:00,False,,0,,
306,KHALIL AHMED SB DHINDA KALAAN,468760,400000,MB NO.10006,SB-BK-1298,,,2026-07-01T17:18:00,False,,0,,
307,ABDULLAH SB KOANKH,21600,21000,MB NO.10039,SB-BK-1299,,,2026-07-02T15:03:00,False,,0,,
308,SARWAR SB MASON,51374,0,MB NO.10159,SB-BK-1300,,,2026-07-05T15:32:00,False,,0,,
309,MIRZA SHAMSHEED SB BHUCH,110190,110000,MB NO.10171,SB-BK-1301,,,2026-07-03T16:53:00,False,,190,DISCOUNT,
310,NADEEM BUTT SB JPS,2064000,0,MB NO.10304,SB-BK-1302,,,2026-07-08T15:14:00,False,,0,,
311,SHEHBAZ SB RANGPUR,140000,100000,MB NO.10319,SB-BK-1303,,,2026-07-08T10:11:00,False,,0,,
313,GHULAM MURTZA SB KOANKH,85546.79999999992,50000,MB NO.10338,SB-BK-1305,,,2026-07-09T11:46:00,False,,0,,
314,MUHAMMAD AKRAM SB SANTAL SURKHIYAN,381780,0,MB NO.10415,SB-BK-1306,,,2026-07-11T12:12:00,False,,0,,
315,RAOOF SB GHURAL,274830,245000,MB NO.10424,SB-BK-1307,,,2026-07-11T16:55:00,False,,0,,
316,YASIR JAVED SB  JPS,715000,390000,MB NO.10444,SB-BK-1308,,,2026-07-11T10:24:00,False,,0,,
317,ADNAN SB DOIYAN,45180,45000,MB NO.10374,SB-BK-1309,,,2026-07-09T10:38:00,False,,0,,
318,ALI AKBAR SB DHINDA,56800,56800,MB NO.10251,SB-BK-1310,,,2026-07-07T16:45:00,False,,0,,
319,RAJA MUDASIR SB JPS,35280,44020,MB NO.10464,SB-BK-1311,,,2026-07-12T10:16:00,False,,0,,
320,DR AMIN SB JPS,66600,100000,MB NO.10505,SB-BK-1312,,,2026-07-12T12:20:00,False,,0,,
321,SAJID SB GHURAL ( BOBY DRIVER ),357500,245000,MB NO.10325,SB-BK-1313,,,2026-06-30T12:28:00,False,,0,,
322,SUBEDAR MUHAMMAD ARSHAD SB KHANPUR KHOKHAR,1200,1200,MB NO.9180/2,SB-BK-1314,,,2026-07-11T11:31:00,False,,0,,
323,KHALID SB HANDA DERHA,294950,250000,MB NO.10531,SB-BK-1315,,,2026-07-13T11:32:00,False,,0,,
324,SHAMRAIZ SB HANDA STOP,933250,933000,MB NO.10420,SB-BK-1316,,,2026-07-06T11:47:00,False,,250,DISCOUNT,
325,MASTER ZAHOOR SB JPS,125300,0,MB NO.9294,SB-BK-1317,,,2026-06-12T15:50:00,False,,0,,
326,KHAYAM SB MALIKPUR,948100,918000,MB NO.105551,SB-BK-1318,,,2026-07-14T09:35:00,False,,0,,
327,DR EHSAN SB DHINDA,553450,553450,MB NO.10578,SB-BK-1319,,,2026-07-15T12:56:00,False,,0,,
328,HAJI YOUSUF BUTT JPS,151000,0,MB NO.10579,SB-BK-1320,,,2026-07-15T13:06:00,False,,1000,,
329,HAJI AMANAT SB KHARANA,2860000,2000000,MB NO.10586,SB-BK-1321,,,2026-07-15T15:45:00,False,,0,,
330,HAFIZ ABDUL JABBAR SB RANGPUR,75140,0,MB NO.10598/2,SB-BK-1322,,,2026-07-16T10:15:00,False,13  REMAINING BAG KOHAT CONVERTED INTO FECTO DG OR FAUJI,152.7,DISCOUNT,
331,SHERAZ SB MALIK PUR,74000,70000,MB NO.10602,SB-BK-1323,,,2026-07-15T10:50:00,False,,0,,
332,KHALID SB HANDA DERHA,162800,0,MB NO.10607,SB-BK-1324,,,2026-07-15T11:24:00,False,,0,,
333,TALHA SB JPS,146000,146000,MB NO.10618,SB-BK-1325,,,2026-07-15T12:29:00,False,,0,,
334,UMER HAYAT SB AJNALA,300000,300000,MB NO.10620,SB-BK-1326,,,2026-07-16T12:57:00,False,,0,,
335,HDC MEHAR MEHDI SB JPS,15000,0,MB NO.10622,SB-BK-1327,,,2026-07-16T13:14:00,False,,0,,
336,MAJEED BUTT SB JPS,4500,4000,MB NO.10646,SB-BK-1328,,,2026-07-17T14:55:00,False,,0,,
337,RAJA MUDASIR SB JPS,672590,672000,MB NO.10659,SB-BK-1329,,,2026-07-17T15:26:00,False,,590,DISCOUNT,
338,MASTER JAMSHAID SB AJNALA,444000,444000,MB NO.10715,SB-BK-1330,,,2026-07-17T13:09:00,False,,0,,
339,SIKANDAR SB JAGUWAN,278820,200000,MB NO.10748,SB-BK-1331,,,2026-07-17T15:50:00,False,,0,,
341,EHSAN SB LOADER PARSUWAL,68608,93800,MB NO.10760,SB-BK-1333,,,2026-07-19T17:38:00,False,,0,,
342,EHSAN SB LOADER PARSUWAL,864800,0,MB NO.10762,SB-BK-1334,,,2026-07-19T17:39:00,False,,0,,
343,FAISAL SB AJNALA,46300,50361,,SB-BK-1335,,,2026-06-13T10:38:00,False,,0,,
344,TANVEER SB DHINDA,1452200,388000,MB NO.10793,SB-BK-1336,,,2026-07-20T13:24:00,False,,0,,
345,MASJID PANJTAN PAK JPS(QARI ANSAR SB),375000,100000,MB NO.10810,SB-BK-1337,,,2026-07-20T17:02:00,False,,0,,
346,ALI SHAN SB RANGRA,1569600,1500000,MB NO.10825,SB-BK-1338,,,2026-07-21T09:30:00,False,,0,,
347,EHSAN SB LOADER PARSUWAL,28800,10000,MB NO.10764/2,SB-BK-1339,,,2026-07-20T10:36:00,False,,0,,
348,MUHAMMAD ARIF BAIG SB KOANKH (KAMRAN NUMBERDAR),306000,50000,MB NO.10835,SB-BK-1340,,,2026-07-20T13:24:00,False,,0,,
349,MUHAMMAD SHABEER SB CONT TIBBA AJNALA,23650,20000,MB NO.10836,SB-BK-1341,,,2026-07-18T13:34:00,False,,0,,
350,SUBEDAR MUHAMMAD ARSHAD SB KHANPUR KHOKHAR,31600,31000,MB NO.10850,SB-BK-1342,,,2026-07-24T11:27:00,False,,600,DISCOUNT,
352,HAJI ASHRAF SB KOANKH(MALIK ILYAS),184800,185000,MB NO.10862,SB-BK-1344,,,2026-06-18T10:51:00,False,,0,,
353,IRFAN SB DEDHAR SHARIF,446125,450000,MB NO.10863,SB-BK-1345,,,2026-07-24T13:01:00,False,,0,,
354,HAFIZ IFTIKHAR SB JPS,2842500,500000,MB NO.10662,SB-BK-1346,,,2026-06-17T17:08:00,False,,0,,
355,MIRZA NAZAR BAIG SB KOANKH,38400,33000,MB NO.10884\,SB-BK-1347,,,2026-07-26T12:03:00,False,,0,,
356,MUHAMMAD BASHEER SB CONT KOANKH,23250,0,MB NO.10934,SB-BK-1348,,,2026-07-27T14:57:00,False,,0,,
357,SHAMRAIZ SB JAGUWAN,62200,62200,MB NO.10940,SB-BK-1349,,,2026-07-27T15:37:00,False,,0,,
358,SHAMRAIZ SB HANDA STOP,1017500,400000,MB NO.10959,SB-BK-1350,,,2026-07-27T16:33:00,False,,0,,
359,KHAWAR SB CONT DHINDA,492850,175000,MB NO.10962,SB-BK-1351,,,2026-07-27T16:48:00,False,,0,,
360,MUHAMMAD YOUSUF SB GHURAIRA,1926400,0,MB NO.10985,SB-BK-1352,,,2026-07-27T16:31:00,False,,0,,
361,YASIR YAQOOB SB DILAWARPUR,74500,74500,MB NO.Non11010,SB-BK-1353,,,2026-07-30T11:53:00,False,,0,,
362,KHALIL AHMED SB DHINDA KALAAN,25800,25800,MB NO.11013,SB-BK-1354,,,2026-07-30T11:57:00,False,,0,,
363,MASTER ZAHOOR SB JPS,30400,0,MB NO.11014,SB-BK-1355,,,2026-07-30T11:59:00,False,,2800,RENT MINUS LANTAR BILL,
364,MUHAMMAD YOUSUF SB GHURAIRA,57600,57600,MB NO.10101,SB-BK-1356,,,2026-07-03T13:48:00,False,,0,,
365,MUJEEB KHAN SB KOANKH,150000,150000,MB NO.11033,SB-BK-1357,,,2026-07-30T16:36:00,False,,0,,
366,SAFDAR ALI SB AJNALA (ASLAM CONT),740500,657807,MB NO.11034,SB-BK-1358,,,2026-07-20T16:42:00,False,,0,,
367,MUHAMMAD AKRAM SB SANTAL SURKHIYAN,142330,0,MB NO.11071,SB-BK-1359,,,2026-07-31T15:06:00,False,,0,,
368,MIRZA AMJAD JAVED SB AJNALA SITE,348750,0,MB NO.11068,SB-BK-1360,,,2026-08-01T15:32:00,False,,0,,
369,RAJA MUDASIR SB JPS,1500,1500,MB NO.11069,SB-BK-1361,,,2026-08-01T15:33:00,False,,0,,
370,ASIF SB LOADER JPS,150000,70000,MB NO.11070,SB-BK-1362,,,2026-07-30T15:36:00,False,,0,,
371,NASAR IQBAL BUTT SB JPS,39040,10000,MB NO.11115,SB-BK-1363,,,2026-08-02T12:12:00,False,,0,,
372,SHAMRAIZ SB JAGUWAN,75500,75000,MB NO.11120,SB-BK-1364,,,2026-08-02T13:17:00,False,,0,,
373,GHULAM MURTZA SB KOANKH,945600,600000,MB NO.11090,SB-BK-1365,,,2026-08-01T14:59:00,False,,0,,
374,RASHEED AHMED SB JPS,1198800,0,MB NO.11139,SB-BK-1366,,,2026-08-03T11:23:00,False,,0,,
375,MASTER ZAHOOR SB JPS,24320,0,MB NO.11163,SB-BK-1367,,,2026-08-03T10:28:00,False,,0,,
376,RAOOF SB GHURAL,306940,0,MB NO.11186,SB-BK-1368,,,2026-08-04T10:53:00,False,,0,,
377,ALI SHAN SB HANDA,923500,400000,MB NO.11155,SB-BK-1369,,,2026-08-03T11:54:00,False,,0,,
378,MUHAMMAD AKRAM SB SANTAL SURKHIYAN,48300,0,MB NO.11188,SB-BK-1370,,,2026-08-04T16:43:00,False,,0,,
379,YASIR YAQOOB SB DILAWARPUR,77500,116999.97,MB NO.11239,SB-BK-1371,,,2026-08-06T14:20:00,False,,381,DISCOUNT,
380,DR AMIN SB JPS,58560,0,MB NO.11252,SB-BK-1372,,,2026-08-06T15:08:00,False,,0,,
381,QAISER SB JPS,391000,100000,MB NO.11267,SB-BK-1373,,,2026-08-06T16:49:00,False,,0,,
382,NADEEM SB DHINDA,312000,0,MB NO.11265,SB-BK-1374,,,2026-08-06T17:14:00,False,,0,,
383,SHEHZAD KHAN SB DHINDA,459000,0,MB NO.11290,SB-BK-1375,,,2026-08-07T11:05:00,False,,0,,
384,HAJI YOUSUF BUTT JPS,30000,30000,MB NO.11288,SB-BK-1376,,,2026-08-07T14:24:00,False,,0,,
385,SHEHBAZ SB RANGPUR,148000,75000,,SB-BK-1377,,,2026-08-11T12:45:00,False,,0,,
386,ALI AKBAR SB DHINDA,31400,31400,MB NO.11439,SB-BK-1378,,,2026-08-11T15:15:00,False,,0,,
387,MALIK ZUBAIR HUSSIAN PARLY KOTHY,936000,900000,MB NO.11440,SB-BK-1379,,,2026-08-11T16:03:00,False,,0,,
388,FAROOQ KALAS SB PARSUWAL,269240,269000,MB NO.11448,SB-BK-1380,,,2026-08-11T16:55:00,False,,240,DISCOUNT,
389,AKAS AMJAD RANG PUR,784120,400000,MB NO.11449,SB-BK-1381,,,2026-08-11T17:11:00,False,,0,,
390,MUBASHIR SB KHANPUR KHOKHAR,599460,595000,MB NO.11478,SB-BK-1382,,,2026-08-12T13:00:00,False,"RATE OF BOOKING WILL NOT INCREASE IN CASE OF CURRENT RATE INCREASES,ALSO RATE WILL REDUCE IF CURRENT RATE REDUCES.",0,,
391,MUHAMMAD ARSHAD SB GHURAL (SUBEDAR QADAR DAD SB),151000,0,MB NO.11500,SB-BK-1383,,,2026-08-13T13:01:00,False,,0,,
392,ISHTAIQ BOUCH,156000,156000,MB NO.11505,SB-BK-1384,,,2026-08-13T13:46:00,False,,0,,
393,HAJI IQBAL SB JPS,555600,500000,MB NO.11515,SB-BK-1385,,,2026-08-13T14:21:00,False,,0,,
394,ASIF SB LOADER JPS,244400,200000,,SB-BK-1386,,,2026-08-13T14:25:00,False,,0,,
395,MALIK IQBAL SB MALIKPUR,379080,379000,MB NO.11527,SB-BK-1387,,,2026-08-13T08:59:00,False,,80,DISCOUNT,
396,ARSHAD SB DILAWARPUR,190700,190700,MB NO.11531,SB-BK-1388,,,2026-08-13T09:22:00,False,,0,,
397,JHANGIR SB MALIKPUR,230020,0,MB NO.11420,SB-BK-1389,,,2026-08-10T11:15:00,False,,0,,
398,SUFYAN BAIG SB HAJIA KOANKH,155000,50000,MB NO.11438,SB-BK-1390,,,2026-08-10T11:40:00,False,,0,,
399,MUHAMMAD ARSHAD SB DHINDA POTAN WALAY,33300,15000,MB NO.11544,SB-BK-1391,,,2026-08-15T11:45:00,False,,0,,
400,SHEHZAD KHAN SB DHINDA,530250,530000,MB NO.11571,SB-BK-1392,,,2026-08-15T16:47:00,False,,250,DISCOUNT,
401,NASAR IQBAL BUTT SB JPS,18400,0,MB NO.11581,SB-BK-1393,,,2026-08-16T11:33:00,False,,0,,
402,YOUSUF BUTT SB KOANKH,15000,15000,MB NO.11586,SB-BK-1394,,,2026-08-16T12:49:00,False,,0,,
403,FAUJI EJAZ AHMED SB JPS,2070230.2,0,MB NO.11590,SB-BK-1395,,,2026-08-16T12:56:00,False,,0,,
404,MALIK ARSHAD SB JPS,485587.3,0,MB NO.11601,SB-BK-1396,,,2026-08-16T14:45:00,False,,0,,
405,RAJA MUDASIR SB JPS,42920,0,MB NO.11599,SB-BK-1397,,,2026-08-16T13:04:00,False,,0,,
406,ZEESHAN ALI SB AJNALA,1258300.1,1269920.1,MB NO.11647,SB-BK-1398,,,2026-08-16T13:39:00,False,,0,,2
407,MUHAMMAD ARSHAD SB DHINDA POTAN WALAY,32000,32000,MB NO.11649,SB-BK-1399,,,2026-08-17T14:01:00,False,,0,,2
408,SHAMRAIZ SB JAGUWAN,148000,100000,MB NO.11703,SB-BK-1400,,,2026-08-19T16:17:00,False,,0,,1
409,SHABEEB SB KANIYAN,456000,0,MB NO.11708,SB-BK-1401,,,2026-08-19T10:27:00,False,,0,,
410,MUHAMMAD ARIF BAIG SB KOANKH (KAMRAN NUMBERDAR),615300,120000,MB NO.11712,SB-BK-1402,,,2026-08-20T10:28:00,False,,0,,2
411,MUHAMMAD SHAFIQUE SB AJNALA,215500,50000,MB NO.11713,SB-BK-1403,,,2026-08-19T10:40:00,False,,0,,2
412,FAZAL ILAHI SB JALPUWAL,46739.3,0,MB NO.11689,SB-BK-1404,,,2026-08-19T10:52:00,False,,0,,
413,MEHBOOB ALAM SB KOANKH,228750,0,MB NO.11691,SB-BK-1405,,,2026-08-19T11:01:00,False,,0,,
414,SAFDAR ALI SB AJNALA (ASLAM CONT),306000,320000,MB NO.11720,SB-BK-1406,,,2026-08-20T15:43:00,False,,0,,1
415,IMRAN SB CHACHUWAL,695150,480000,MB NO.11735,SB-BK-1407,,,2026-08-21T11:06:00,False,,0,,2
416,NAEEM SB KOANKH,7500,7500,MB NO.11728,SB-BK-1408,,,2026-08-20T11:46:00,False,,0,,2
417,MUSHTAQ SB JPS,75000,70000,MB NO.11628,SB-BK-1409,,,2026-08-17T12:38:00,False,,0,,2
418,SAGHEER BAIG SB KOANKH,306000,100000,MB NO.11763,SB-BK-1410,,,2026-08-22T13:59:00,False,,0,,1
419,AMJAD SB PEROSHAH,424200,250000,MB NO.11769,SB-BK-1411,,,2026-08-22T14:30:00,False,,0,,2
420,RASHEED AHMED SB JPS,144650,250000,MB NO.11775,SB-BK-1412,,,2026-08-22T14:33:00,False,,0,,2
421,FAISAL SB JPS,869720,600000,MB NO.11806,SB-BK-1413,,,2026-08-22T12:54:00,False,,5000,DISCOUNT,2
422,YOUSUF BUTT SB KOANKH,15000,15000,MB NO.11826,SB-BK-1414,,,2026-08-24T14:19:00,False,,0,,2
423,MUHAMMAD ASHRAF SB AJNALA,1213000,1100000,MB NO.11829,SB-BK-1415,,,2026-08-24T14:45:00,False,,0,,2
424,KHALIL AHMED SB DHINDA KALAAN,476700,0,MB NO.11861,SB-BK-1416,,,2026-08-25T11:35:00,False,,0,,
425,AHMED SUBHANI SB AJNALA,508200,0,MB NO.11878,SB-BK-1417,,,2026-08-25T12:09:00,False,,0,,
426,MIRZA NAZAR BAIG SB KOANKH,23301,23000,MB NO.11882,SB-BK-1418,,,2026-08-27T12:14:00,False,,301,DISCOUNT,2
427,ALI SHAN SB HANDA,390200,0,MB NO.11898,SB-BK-1419,,,2026-08-27T12:35:00,False,,0,,
428,SHAMRAIZ SB JAGUWAN,147000,0,MB NO.11904,SB-BK-1420,,,2026-08-27T16:28:00,False,,0,,
