id,original_allocation_id,sale_id,sale_item_id,booking_item_id,qty,was_void,violations,repair_reason,repair_run_id,source_row_json,sale_snapshot_json,sale_item_snapshot_json,booking_item_snapshot_json,booking_snapshot_json,archived_at
1,1398,2560,5138,1126,1584.3,False,lifecycle_replacement,direct sale edit replaced source sale lines,lifecycle-7728bd48b4cc443aad27eb7ca1e9d429,"{""booking_item_id"":1126,""id"":1398,""is_void"":false,""qty"":1584.3,""sale_id"":2560,""sale_item_id"":5138}","{""amount"":0,""auto_bill_no"":""SB-SL-3556"",""category"":""Booking Delivery"",""client_code"":""FBMCL-00301"",""client_name"":""FAUJI EJAZ AHMED SB JPS"",""date_posted"":""2026-08-16T11:44:00"",""discount"":0,""id"":2560,""is_void"":false,""manual_bill_no"":""MB NO.11612"",""paid_amount"":0}","{""cost_rate_at_sale"":null,""id"":5138,""price_at_time"":0.0,""product_name"":""ISM 12MM STEEL"",""qty"":1584.3,""sale_id"":2560}","{""booking_id"":403,""id"":1126,""material_name"":""ISM 12MM STEEL"",""price_at_time"":233.0,""qty"":6400.0}","{""amount"":2507565.0,""auto_bill_no"":""SB-BK-1395"",""client_name"":""FAUJI EJAZ AHMED SB JPS"",""date_posted"":""2026-08-16T12:56:00"",""discount"":0.0,""id"":403,""is_void"":false,""manual_bill_no"":""MB NO.11590"",""paid_amount"":0.0}",2026-08-22T12:06:57.194318
2,1399,2560,5139,1127,514.7,False,lifecycle_replacement,direct sale edit replaced source sale lines,lifecycle-7728bd48b4cc443aad27eb7ca1e9d429,"{""booking_item_id"":1127,""id"":1399,""is_void"":false,""qty"":514.7,""sale_id"":2560,""sale_item_id"":5139}","{""amount"":0,""auto_bill_no"":""SB-SL-3556"",""category"":""Booking Delivery"",""client_code"":""FBMCL-00301"",""client_name"":""FAUJI EJAZ AHMED SB JPS"",""date_posted"":""2026-08-16T11:44:00"",""discount"":0,""id"":2560,""is_void"":false,""manual_bill_no"":""MB NO.11612"",""paid_amount"":0}","{""cost_rate_at_sale"":null,""id"":5139,""price_at_time"":0.0,""product_name"":""20MM STEEL"",""qty"":514.7,""sale_id"":2560}","{""booking_id"":403,""id"":1127,""material_name"":""20MM STEEL"",""price_at_time"":233.0,""qty"":540.0}","{""amount"":2507565.0,""auto_bill_no"":""SB-BK-1395"",""client_name"":""FAUJI EJAZ AHMED SB JPS"",""date_posted"":""2026-08-16T12:56:00"",""discount"":0.0,""id"":403,""is_void"":false,""manual_bill_no"":""MB NO.11590"",""paid_amount"":0.0}",2026-08-22T12:06:57.200186
3,1400,2560,5140,1128,151.2,False,lifecycle_replacement,direct sale edit replaced source sale lines,lifecycle-7728bd48b4cc443aad27eb7ca1e9d429,"{""booking_item_id"":1128,""id"":1400,""is_void"":false,""qty"":151.2,""sale_id"":2560,""sale_item_id"":5140}","{""amount"":0,""auto_bill_no"":""SB-SL-3556"",""category"":""Booking Delivery"",""client_code"":""FBMCL-00301"",""client_name"":""FAUJI EJAZ AHMED SB JPS"",""date_posted"":""2026-08-16T11:44:00"",""discount"":0,""id"":2560,""is_void"":false,""manual_bill_no"":""MB NO.11612"",""paid_amount"":0}","{""cost_rate_at_sale"":null,""id"":5140,""price_at_time"":0.0,""product_name"":""6MM STEEL"",""qty"":151.2,""sale_id"":2560}","{""booking_id"":403,""id"":1128,""material_name"":""6MM STEEL"",""price_at_time"":252.0,""qty"":160.0}","{""amount"":2507565.0,""auto_bill_no"":""SB-BK-1395"",""client_name"":""FAUJI EJAZ AHMED SB JPS"",""date_posted"":""2026-08-16T12:56:00"",""discount"":0.0,""id"":403,""is_void"":false,""manual_bill_no"":""MB NO.11590"",""paid_amount"":0.0}",2026-08-22T12:06:57.205878
4,1401,2560,5141,1132,25,False,lifecycle_replacement,direct sale edit replaced source sale lines,lifecycle-7728bd48b4cc443aad27eb7ca1e9d429,"{""booking_item_id"":1132,""id"":1401,""is_void"":false,""qty"":25.0,""sale_id"":2560,""sale_item_id"":5141}","{""amount"":0,""auto_bill_no"":""SB-SL-3556"",""category"":""Booking Delivery"",""client_code"":""FBMCL-00301"",""client_name"":""FAUJI EJAZ AHMED SB JPS"",""date_posted"":""2026-08-16T11:44:00"",""discount"":0,""id"":2560,""is_void"":false,""manual_bill_no"":""MB NO.11612"",""paid_amount"":0}","{""cost_rate_at_sale"":null,""id"":5141,""price_at_time"":0.0,""product_name"":""WIRE"",""qty"":25.0,""sale_id"":2560}","{""booking_id"":403,""id"":1132,""material_name"":""WIRE"",""price_at_time"":395.0,""qty"":25.0}","{""amount"":2507565.0,""auto_bill_no"":""SB-BK-1395"",""client_name"":""FAUJI EJAZ AHMED SB JPS"",""date_posted"":""2026-08-16T12:56:00"",""discount"":0.0,""id"":403,""is_void"":false,""manual_bill_no"":""MB NO.11590"",""paid_amount"":0.0}",2026-08-22T12:06:57.214443
5,1402,2560,5142,1131,2,False,lifecycle_replacement,direct sale edit replaced source sale lines,lifecycle-7728bd48b4cc443aad27eb7ca1e9d429,"{""booking_item_id"":1131,""id"":1402,""is_void"":false,""qty"":2.0,""sale_id"":2560,""sale_item_id"":5142}","{""amount"":0,""auto_bill_no"":""SB-SL-3556"",""category"":""Booking Delivery"",""client_code"":""FBMCL-00301"",""client_name"":""FAUJI EJAZ AHMED SB JPS"",""date_posted"":""2026-08-16T11:44:00"",""discount"":0,""id"":2560,""is_void"":false,""manual_bill_no"":""MB NO.11612"",""paid_amount"":0}","{""cost_rate_at_sale"":null,""id"":5142,""price_at_time"":0.0,""product_name"":""RENT-STEEL"",""qty"":2.0,""sale_id"":2560}","{""booking_id"":403,""id"":1131,""material_name"":""RENT STEEL"",""price_at_time"":900.0,""qty"":10.0}","{""amount"":2507565.0,""auto_bill_no"":""SB-BK-1395"",""client_name"":""FAUJI EJAZ AHMED SB JPS"",""date_posted"":""2026-08-16T12:56:00"",""discount"":0.0,""id"":403,""is_void"":false,""manual_bill_no"":""MB NO.11590"",""paid_amount"":0.0}",2026-08-22T12:06:57.222786
6,1357,2492,5030,1126,2019.8,False,lifecycle_replacement,direct sale edit replaced source sale lines,lifecycle-54b92986a21940439da1693eb147615a,"{""booking_item_id"":1126,""id"":1357,""is_void"":false,""qty"":2019.8,""sale_id"":2492,""sale_item_id"":5030}","{""amount"":0,""auto_bill_no"":""SB-SL-3488"",""category"":""Booking Delivery"",""client_code"":""FBMCL-00301"",""client_name"":""FAUJI EJAZ AHMED SB JPS"",""date_posted"":""2026-08-16T16:11:00"",""discount"":0,""id"":2492,""is_void"":false,""manual_bill_no"":""MB NO.11608"",""paid_amount"":0}","{""cost_rate_at_sale"":null,""id"":5030,""price_at_time"":0.0,""product_name"":""ISM 12MM STEEL"",""qty"":2019.8,""sale_id"":2492}","{""booking_id"":403,""id"":1126,""material_name"":""ISM 12MM STEEL"",""price_at_time"":233.0,""qty"":6400.0}","{""amount"":2507565.0,""auto_bill_no"":""SB-BK-1395"",""client_name"":""FAUJI EJAZ AHMED SB JPS"",""date_posted"":""2026-08-16T12:56:00"",""discount"":0.0,""id"":403,""is_void"":false,""manual_bill_no"":""MB NO.11590"",""paid_amount"":0.0}",2026-08-22T12:11:58.465409
7,1358,2492,5031,1131,3.15,False,lifecycle_replacement,direct sale edit replaced source sale lines,lifecycle-54b92986a21940439da1693eb147615a,"{""booking_item_id"":1131,""id"":1358,""is_void"":false,""qty"":3.15,""sale_id"":2492,""sale_item_id"":5031}","{""amount"":0,""auto_bill_no"":""SB-SL-3488"",""category"":""Booking Delivery"",""client_code"":""FBMCL-00301"",""client_name"":""FAUJI EJAZ AHMED SB JPS"",""date_posted"":""2026-08-16T16:11:00"",""discount"":0,""id"":2492,""is_void"":false,""manual_bill_no"":""MB NO.11608"",""paid_amount"":0}","{""cost_rate_at_sale"":null,""id"":5031,""price_at_time"":0.0,""product_name"":""RENT-STEEL"",""qty"":3.15,""sale_id"":2492}","{""booking_id"":403,""id"":1131,""material_name"":""RENT STEEL"",""price_at_time"":900.0,""qty"":10.0}","{""amount"":2507565.0,""auto_bill_no"":""SB-BK-1395"",""client_name"":""FAUJI EJAZ AHMED SB JPS"",""date_posted"":""2026-08-16T12:56:00"",""discount"":0.0,""id"":403,""is_void"":false,""manual_bill_no"":""MB NO.11590"",""paid_amount"":0.0}",2026-08-22T12:11:58.468242
8,1403,2561,5143,1126,613.7,False,lifecycle_replacement,direct sale edit replaced source sale lines,lifecycle-f5f7b2cf2bd84c25b82ea61567de28b9,"{""booking_item_id"":1126,""id"":1403,""is_void"":false,""qty"":613.7,""sale_id"":2561,""sale_item_id"":5143}","{""amount"":0,""auto_bill_no"":""SB-SL-3557"",""category"":""Booking Delivery"",""client_code"":""FBMCL-00301"",""client_name"":""FAUJI EJAZ AHMED SB JPS"",""date_posted"":""2026-08-18T11:51:00"",""discount"":0,""id"":2561,""is_void"":false,""manual_bill_no"":""MB NO.11672"",""paid_amount"":0}","{""cost_rate_at_sale"":null,""id"":5143,""price_at_time"":0.0,""product_name"":""ISM 12MM STEEL"",""qty"":613.7,""sale_id"":2561}","{""booking_id"":403,""id"":1126,""material_name"":""ISM 12MM STEEL"",""price_at_time"":233.0,""qty"":6400.0}","{""amount"":2507565.0,""auto_bill_no"":""SB-BK-1395"",""client_name"":""FAUJI EJAZ AHMED SB JPS"",""date_posted"":""2026-08-16T12:56:00"",""discount"":0.0,""id"":403,""is_void"":false,""manual_bill_no"":""MB NO.11590"",""paid_amount"":0.0}",2026-08-22T12:13:22.392454
9,1404,2561,5144,1131,0.84,False,lifecycle_replacement,direct sale edit replaced source sale lines,lifecycle-f5f7b2cf2bd84c25b82ea61567de28b9,"{""booking_item_id"":1131,""id"":1404,""is_void"":false,""qty"":0.84,""sale_id"":2561,""sale_item_id"":5144}","{""amount"":0,""auto_bill_no"":""SB-SL-3557"",""category"":""Booking Delivery"",""client_code"":""FBMCL-00301"",""client_name"":""FAUJI EJAZ AHMED SB JPS"",""date_posted"":""2026-08-18T11:51:00"",""discount"":0,""id"":2561,""is_void"":false,""manual_bill_no"":""MB NO.11672"",""paid_amount"":0}","{""cost_rate_at_sale"":null,""id"":5144,""price_at_time"":0.0,""product_name"":""RENT-STEEL"",""qty"":0.84,""sale_id"":2561}","{""booking_id"":403,""id"":1131,""material_name"":""RENT STEEL"",""price_at_time"":900.0,""qty"":10.0}","{""amount"":2507565.0,""auto_bill_no"":""SB-BK-1395"",""client_name"":""FAUJI EJAZ AHMED SB JPS"",""date_posted"":""2026-08-16T12:56:00"",""discount"":0.0,""id"":403,""is_void"":false,""manual_bill_no"":""MB NO.11590"",""paid_amount"":0.0}",2026-08-22T12:13:22.397878
10,1279,2429,4902,798,25,False,lifecycle_replacement,direct sale edit replaced source sale lines,lifecycle-25e3bb4a81044302bbc234a1a8cce288,"{""booking_item_id"":798,""id"":1279,""is_void"":false,""qty"":25.0,""sale_id"":2429,""sale_item_id"":4902}","{""amount"":750.0,""auto_bill_no"":""SB-SL-3425"",""category"":""Mixed Transaction"",""client_code"":""FBMCL-00216"",""client_name"":""SAGHEER BAIG SB KOANKH"",""date_posted"":""2026-08-13T12:46:00"",""discount"":0.0,""id"":2429,""is_void"":false,""manual_bill_no"":""MB NO.11492"",""paid_amount"":0.0}","{""cost_rate_at_sale"":null,""id"":4902,""price_at_time"":0.0,""product_name"":""PIONEER"",""qty"":25.0,""sale_id"":2429}","{""booking_id"":268,""id"":798,""material_name"":""PIONEER"",""price_at_time"":1370.0,""qty"":1100.0}","{""amount"":1914970.0,""auto_bill_no"":""SB-BK-1260"",""client_name"":""SAGHEER BAIG SB KOANKH"",""date_posted"":""2026-06-17T10:10:00"",""discount"":0.0,""id"":268,""is_void"":false,""manual_bill_no"":""MB NO.9387"",""paid_amount"":1000000.0}",2026-08-22T14:35:53.280489
11,1280,2429,4903,802,25,False,lifecycle_replacement,direct sale edit replaced source sale lines,lifecycle-25e3bb4a81044302bbc234a1a8cce288,"{""booking_item_id"":802,""id"":1280,""is_void"":false,""qty"":25.0,""sale_id"":2429,""sale_item_id"":4903}","{""amount"":750.0,""auto_bill_no"":""SB-SL-3425"",""category"":""Mixed Transaction"",""client_code"":""FBMCL-00216"",""client_name"":""SAGHEER BAIG SB KOANKH"",""date_posted"":""2026-08-13T12:46:00"",""discount"":0.0,""id"":2429,""is_void"":false,""manual_bill_no"":""MB NO.11492"",""paid_amount"":0.0}","{""cost_rate_at_sale"":null,""id"":4903,""price_at_time"":0.0,""product_name"":""RENT-CEMENT"",""qty"":25.0,""sale_id"":2429}","{""booking_id"":268,""id"":802,""material_name"":""RENT-CEMENT"",""price_at_time"":50.0,""qty"":1100.0}","{""amount"":1914970.0,""auto_bill_no"":""SB-BK-1260"",""client_name"":""SAGHEER BAIG SB KOANKH"",""date_posted"":""2026-06-17T10:10:00"",""discount"":0.0,""id"":268,""is_void"":false,""manual_bill_no"":""MB NO.9387"",""paid_amount"":1000000.0}",2026-08-22T14:35:53.286414
12,1420,2429,5167,798,25,False,lifecycle_replacement,direct sale edit replaced source sale lines,lifecycle-f040b6b79dbf4eed999ce2c26d0ccea4,"{""booking_item_id"":798,""id"":1420,""is_void"":false,""qty"":25.0,""sale_id"":2429,""sale_item_id"":5167}","{""amount"":750.0,""auto_bill_no"":""SB-SL-3425"",""category"":""Credit Customer"",""client_code"":""FBMCL-00216"",""client_name"":""SAGHEER BAIG SB KOANKH"",""date_posted"":""2026-08-13T12:46:00"",""discount"":0.0,""id"":2429,""is_void"":false,""manual_bill_no"":""MB NO.11492"",""paid_amount"":0.0}","{""cost_rate_at_sale"":null,""id"":5167,""price_at_time"":0.0,""product_name"":""PIONEER"",""qty"":25.0,""sale_id"":2429}","{""booking_id"":268,""id"":798,""material_name"":""PIONEER"",""price_at_time"":1370.0,""qty"":1100.0}","{""amount"":1914970.0,""auto_bill_no"":""SB-BK-1260"",""client_name"":""SAGHEER BAIG SB KOANKH"",""date_posted"":""2026-06-17T10:10:00"",""discount"":0.0,""id"":268,""is_void"":false,""manual_bill_no"":""MB NO.9387"",""paid_amount"":1000000.0}",2026-08-23T13:55:19.787087
13,1421,2429,5168,802,25,False,lifecycle_replacement,direct sale edit replaced source sale lines,lifecycle-f040b6b79dbf4eed999ce2c26d0ccea4,"{""booking_item_id"":802,""id"":1421,""is_void"":false,""qty"":25.0,""sale_id"":2429,""sale_item_id"":5168}","{""amount"":750.0,""auto_bill_no"":""SB-SL-3425"",""category"":""Credit Customer"",""client_code"":""FBMCL-00216"",""client_name"":""SAGHEER BAIG SB KOANKH"",""date_posted"":""2026-08-13T12:46:00"",""discount"":0.0,""id"":2429,""is_void"":false,""manual_bill_no"":""MB NO.11492"",""paid_amount"":0.0}","{""cost_rate_at_sale"":null,""id"":5168,""price_at_time"":0.0,""product_name"":""RENT-CEMENT"",""qty"":25.0,""sale_id"":2429}","{""booking_id"":268,""id"":802,""material_name"":""RENT-CEMENT"",""price_at_time"":50.0,""qty"":1100.0}","{""amount"":1914970.0,""auto_bill_no"":""SB-BK-1260"",""client_name"":""SAGHEER BAIG SB KOANKH"",""date_posted"":""2026-06-17T10:10:00"",""discount"":0.0,""id"":268,""is_void"":false,""manual_bill_no"":""MB NO.9387"",""paid_amount"":1000000.0}",2026-08-23T13:55:19.794656
14,1268,2416,4873,736,25,False,lifecycle_replacement,direct sale edit replaced source sale lines,lifecycle-42bca5e3297349bcb855d9e04b53e715,"{""booking_item_id"":736,""id"":1268,""is_void"":false,""qty"":25.0,""sale_id"":2416,""sale_item_id"":4873}","{""amount"":11400.0,""auto_bill_no"":""SB-SL-3412"",""category"":""Credit Customer"",""client_code"":""FBMCL-00216"",""client_name"":""SAGHEER BAIG SB KOANKH"",""date_posted"":""2026-08-11T11:19:00"",""discount"":0.0,""id"":2416,""is_void"":false,""manual_bill_no"":""MB NO.11454"",""paid_amount"":0.0}","{""cost_rate_at_sale"":null,""id"":4873,""price_at_time"":0.0,""product_name"":""PIONEER"",""qty"":25.0,""sale_id"":2416}","{""booking_id"":249,""id"":736,""material_name"":""PIONEER"",""price_at_time"":1370.0,""qty"":200.0}","{""amount"":284000.0,""auto_bill_no"":""SB-BK-1241"",""client_name"":""SAGHEER BAIG SB KOANKH"",""date_posted"":""2026-06-10T12:57:00"",""discount"":0.0,""id"":249,""is_void"":false,""manual_bill_no"":""MB NO.9119"",""paid_amount"":0.0}",2026-08-23T13:56:33.861933
15,1269,2416,4874,737,25,False,lifecycle_replacement,direct sale edit replaced source sale lines,lifecycle-42bca5e3297349bcb855d9e04b53e715,"{""booking_item_id"":737,""id"":1269,""is_void"":false,""qty"":25.0,""sale_id"":2416,""sale_item_id"":4874}","{""amount"":11400.0,""auto_bill_no"":""SB-SL-3412"",""category"":""Credit Customer"",""client_code"":""FBMCL-00216"",""client_name"":""SAGHEER BAIG SB KOANKH"",""date_posted"":""2026-08-11T11:19:00"",""discount"":0.0,""id"":2416,""is_void"":false,""manual_bill_no"":""MB NO.11454"",""paid_amount"":0.0}","{""cost_rate_at_sale"":null,""id"":4874,""price_at_time"":0.0,""product_name"":""RENT-CEMENT"",""qty"":25.0,""sale_id"":2416}","{""booking_id"":249,""id"":737,""material_name"":""RENT-CEMENT"",""price_at_time"":50.0,""qty"":200.0}","{""amount"":284000.0,""auto_bill_no"":""SB-BK-1241"",""client_name"":""SAGHEER BAIG SB KOANKH"",""date_posted"":""2026-06-10T12:57:00"",""discount"":0.0,""id"":249,""is_void"":false,""manual_bill_no"":""MB NO.9119"",""paid_amount"":0.0}",2026-08-23T13:56:33.866041
