id,booking_id,material_name,qty,price_at_time
1,1,12MM STEEL,8000,229
9,3,12MM STEEL,2200,225
10,3,20MM STEEL,104,232
11,3,WIRE,6,350
12,3,6MM STEEL,27.8,232
16,6,DG,300,1350
19,8,DG,160,1390
20,7,KOHAT,50,1350
21,7,RENT-CEMENT,50,40
22,4,KOHAT,200,1415
31,9,KOHAT,300,1420
32,9,12MM STEEL,1600,235
33,9,RENT-CEMENT,300,30
34,9,RENT-STEEL,1600,1.5625
35,11,KOHAT,500,1430
36,12,DG,170,1330
37,13,6MM STEEL,20,232
38,13,12MM STEEL,1600,225
39,13,RENT-STEEL,1600,2.5
41,15,KOHAT,11,1295
42,16,DG,55,1350
43,16,RENT-CEMENT,55,40
44,17,DG,44,1335
45,17,RENT-CEMENT,44,30
46,18,DG,156,1310
47,18,12MM STEEL,339.4,222
48,19,DG,130,1310
50,21,DG,13,1450
53,23,DG,19,1390
54,23,RENT-CEMENT,19,40
55,24,DG,88,1360
56,25,DG,220,1330
57,26,DG,925,1350
58,26,12MM STEEL,242.4,218
59,27,KOHAT,185,1310
60,27,12MM STEEL,1258.2,217
61,28,12MM STEEL,6000,246
62,28,KOHAT,1500,1430
63,28,RENT-CEMENT,1500,25
64,28,RENT-STEEL,6000,1.416666666666
65,29,KOHAT,100,1420
66,29,RENT-CEMENT,100,30
71,31,DG,100,1445
72,31,RENT-CEMENT,100,50
73,32,DG,1017,1300
74,32,12MM STEEL,4800,213
75,32,6MM STEEL,320,225
76,32,WIRE,20,350
77,32,RENT-STEEL,4800,2
78,32,RENT-STEEL,320,2
79,32,RENT-CEMENT,1017,40
80,33,DG,525,1330
81,34,DG,150,1440
82,34,RENT-CEMENT,150,40
83,35,DG,88,1310
84,36,DG,300,1450
85,37,DG,30,1350
86,38,DG,877,1355
87,38,12MM STEEL,4170.9,216
90,40,RENT-CEMENT,150,50
91,40,RENT-STEEL,2600,2.5
92,39,KOHAT,150,1340
93,39,12MM STEEL,2600,214
98,44,DG,30,1370
99,44,RENT-CEMENT,30,30
100,45,12MM STEEL,1200,250
101,45,RENT-STEEL,1200,1.666666666666
102,45,DG,200,1440
103,43,KOHAT,18,1300
104,46,DG,70,1380
105,47,KOHAT,80,1315
106,48,DG,696,1330
107,48,RENT-CEMENT,696,40
108,49,12MM STEEL,600,217
109,49,DG,50,1330
110,50,CHAUGATH,300,265
111,50,CHAUGATH-LABOUR,300,12
112,50,RENT-GENERAL,300,5
113,51,KOHAT,4,1360
114,52,KOHAT,100,1340
115,53,DG,160,1420
116,53,RENT-CEMENT,160,40
117,54,20MM STEEL,75.1,262
118,54,12MM STEEL,2400,252
119,54,6MM,40,262
120,54,WIRE,10,390
121,54,CONCRETE SPACER,2,550
122,55,DG,15,1300
123,56,DG,25,1420
124,56,RENT-CEMENT,25,50
125,57,DG,100,1405
126,58,KOHAT,200,1350
127,58,RENT-CEMENT,200,50
128,59,KOHAT,200,1400
129,59,RENT-CEMENT,200,50
130,60,KOHAT,80,1430
131,61,KOHAT,10,1350
132,62,DG,20,1350
133,63,PIONEER,30,1360
134,63,PIONEER,50,1310
135,63,PIONEER,20,1310
136,64,DG,16,1380
137,64,RENT-CEMENT,15,40
138,65,DG,30,1350
139,65,RENT-CEMENT,30,30
140,65,12MM STEEL,1389.4,208
141,65,RENT-STEEL,1389.4,1.3
142,65,CHAUGATH,150,258
143,65,CHAUGATH-LABOUR,4,400
144,65,RENT-GENERAL,150,2
145,65,20MM STEEL,0.6,222
146,66,12MM STEEL,4000,228
147,67,DG,700,1390
152,69,6MM STEEL,160,260
153,69,WIRE,15,390
154,70,DG,150,1430
155,70,12MM STEEL,1000,249
156,70,6MM STEEL,20,268
157,70,WIRE,3,390
158,70,CHAUGATH,125,266
159,70,CHAUGATH-LABOUR,5,500
160,71,12MM STEEL,2000,215
161,71,DG,500,1365
162,71,RENT-STEEL,2000,2
163,71,RENT-CEMENT,500,30
164,72,RENT-CEMENT,200,40
168,75,KOHAT,40,1440
169,76,12MM STEEL,1600,229
170,76,DG,300,1405
171,77,PIONEER,70,1460
172,77,RENT-CEMENT,70,40
173,78,KOHAT,40,1440
174,78,RENT-CEMENT,40,40
175,79,DG,200,1410
176,80,KOHAT,11,1415
177,81,KOHAT,100,1400
178,81,RENT-CEMENT,100,50
179,82,KOHAT,60,1400
180,82,RENT-CEMENT,60,50
181,83,CHAUGATH,700,245
182,83,CHAUGATH-LABOUR,19,400
183,83,RENT-GENERAL,700,4.28571428571
184,84,12MM STEEL,5000,209
185,85,DG,400,1430
187,87,DG,33,1400
188,88,RING 4X4,30,290
192,90,DG,1000,1380
193,90,12MM STEEL,2800,235
194,90,20MM STEEL,160,235
195,90,6MM STEEL,80,235
196,90,CONCRETE SPACER,4,600
197,90,WIRE,10,390
198,90,RENT-CEMENT,1000,75
199,90,RENT-STEEL,3040,1.64473684211
200,91,12MM STEEL,3600,244
201,91,6MM STEEL,119.5,258
202,91,WIRE,10,380
203,91,CONCRETE SPACER,6,500
204,86,CHAUGATH,134.8,264
205,92,DG,35,1480
206,92,RENT-CEMENT,35,45.7143
207,93,12MM STEEL,1600,245
208,93,DG,109,1450
209,94,12MM STEEL,3394.09999,235
210,94,20MM STEEL,1040,235
211,94,6MM STEEL,80,248
212,94,10MM STEEL,119.5,248
217,96,KOHAT,50,1400
218,96,RENT-CEMENT,50,30
221,98,DG,40,1420
222,98,RENT-CEMENT,40,60
225,100,DG,150,1410
226,101,KOHAT,250,1450
227,101,RENT-CEMENT,250,40
228,102,DG,100,1440
229,97,KOHAT,15,1400
230,103,12MM STEEL,1185,253
231,104,PIONEER,300,1430
232,105,KOHAT,300,1425
233,105,RENT-CEMENT,300,50
234,106,DG,27,1440
235,107,KOHAT,150,1400
236,108,DG,35,1350
238,110,12MM STEEL,2800,210
239,111,DG,1000,1370
240,111,12MM STEEL,3200,213
241,111,20MM STEEL,104,224
242,111,WIRE,15,350
243,111,6MM STEEL,120,224
244,112,DG,100,1380
245,112,12MM STEEL,1194,215
246,112,WIRE,5,350
247,112,6MM STEEL,20.7,228
248,113,DG,30,1450
250,114,PIONEER,200,1515
254,116,PIONEER,10,1520
263,118,DG,65,1550
264,118,PIONEER,50,1530
265,117,12MM STEEL,1496.4,267
266,117,KOHAT,50,1420
267,117,RENT-STEEL,1600,2.5
268,117,RENT-CEMENT,50,40
269,119,CHAUGATH,230,288
270,119,CHAUGATH-LABOUR,8,625
281,2,12MM STEEL,1178,249
282,2,20MM STEEL,160,256
283,2,6MM STEEL,30,256
284,2,CHAUGATH,200,259
285,2,RENT-STEEL,1600,2.25
286,2,RENT-CEMENT,100,40
287,2,KOHAT,100,1420
289,123,KOHAT,20,1500
290,121,12MM STEEL,706.4,298
291,121,6MM STEEL,17,308
292,121,KOHAT,100,1540
293,121,RENT-CEMENT,100,45
294,121,RENT-STEEL,400,2.5
295,74,12MM STEEL,1091.8,210
296,74,6MM STEEL,21,220
297,73,KOHAT,178,1315
298,124,PIONEER,6,1500
299,30,KOHAT,130,1315
300,30,12MM STEEL,1384.1,210
301,30,6MM STEEL,44.4,220
302,30,WIRE,2.9,350
303,99,DG,75,1415
304,99,RENT-CEMENT,75,50
309,126,FAUJI,89,1460
310,127,12MM STEEL,520,250
311,127,DG,70,1490
312,127,RENT-STEEL,520,1.34615384615
313,127,RENT-CEMENT,70,40
324,130,DG,400,1310
325,130,12MM STEEL,2000,216
326,130,CHAUGATH,200,245
327,131,KOHAT,17,1470
332,109,KOHAT,200,1460
333,129,KOHAT,185,1300
334,129,RENT-CEMENT,185,40
336,133,PIONEER,100,1420
337,133,RENT-CEMENT,100,50
338,134,12MM STEEL,1426,245
339,134,KOHAT,140,1440
340,134,WIRE,4,390
341,134,RENT STEEL,1680,1.785714285719
342,134,RENT-CEMENT,140,50
348,137,KOHAT,200,1440
349,137,RENT-CEMENT,200,50
350,138,KOHAT,50,1450
351,139,12MM STEEL,3200,235
352,140,PIONEER,100,1440
353,141,12MM STEEL,2000,217
354,141,DG,200,1360
355,141,RENT-CEMENT,200,30
356,141,RENT-STEEL,2000,1.5
357,142,DG,165,1320
358,143,12MM STEEL,4183.2,208
366,146,12MM STEEL,400,244
367,146,KOHAT,100,1440
368,146,RENT-CEMENT,100,50
369,146,RENT STEEL,400,3
370,147,12MM STEEL,800,245
371,148,12MM STEEL,400,244
372,148,KOHAT,100,1440
373,148,RENT-CEMENT,100,50
374,148,RENT-STEEL,400,3
379,150,12MM STEEL,1000,244
380,150,RENT-STEEL,1000,2
381,151,FAUJI,208,1430
382,152,KOHAT,30,1450
383,153,12MM STEEL,1400,244
384,153,DG,115,1450
385,153,RINGS 7X7,30,310
386,154,DG,150,1440
387,154,RENT-CEMENT,150,40
395,20,PIONEER,23,1400
396,120,12MM STEEL,1606.9,248
397,120,12MM STEEL,587,297
398,120,FAUJI,200,1530
399,120,RENT-CEMENT,200,40
400,120,RENT-STEEL,2200,2.5
401,157,12MM STEEL,1400,255
402,157,KOHAT,100,1415
403,157,RENT-CEMENT,100,55
404,158,PIONEER,100,1410
405,158,RENT-CEMENT,100,60
407,145,KOHAT,200,1440
408,145,RENT-CEMENT,200,30
409,132,DG,34,1460
410,132,RENT-CEMENT,50,40
411,125,12MM STEEL,2000,250
412,125,KOHAT,500,1460
413,125,RENT-STEEL,2000,1.25
414,125,RENT-CEMENT,500,26
415,160,KOHAT,200,1415
416,160,RENT-CEMENT,200,55
417,161,12MM STEEL,514.7,245
418,161,RING 4X9,14.2,320
419,161,WIRE,5,420
420,161,KOHAT,40,1460
421,161,RENT-CEMENT,40,50
422,161,RENT STEEL,1,1200
435,164,DG,100,1480
441,167,PIONEER,50,1515
442,162,DG,200,1470
443,168,PIONEER,34,1460
444,169,PIONEER,33,1490
445,170,PIONEER,34,1490
446,170,PIONEER,20,1440
449,172,12MM STEEL,2558.1,255
450,172,DG,200,1440
451,172,KOHAT,100,1420
452,172,RENT-STEEL,2600,2.076923076922
453,172,WIRE,10,420
454,171,12MM STEEL,400,255
455,173,DG,50,1480
456,173,RENT-CEMENT,60,50
457,174,KOHAT,80,1450
458,174,BAJRI MOTI,25,130
459,174,12MM STEEL,60.6,245
460,174,RENT-CEMENT,80,75
461,174,RENT-GENERAL,1,1500
462,175,PIONEER,100,1400
463,175,RENT-CEMENT,100,75
464,176,6MM STEEL,80,262
465,176,WIRE,2,420
466,176,PIONEER,20,1450
467,176,RENT-GENERAL,1,1400
468,177,KOHAT,20,1450
469,177,RENT-CEMENT,20,50
470,178,CHIPS ZERO,10,250
471,179,12MM STEEL,2390.900000000001,235
472,179,RENT-STEEL,2400,2.25
473,179,KOHAT,200,1415
474,179,RENT-CEMENT,200,50
475,180,FAUJI,40,1460
476,89,WIRE,2,390
477,89,12MM STEEL,4000,240
478,89,RINGS 7X7,40,275
479,144,12MM STEEL,2200,225
480,144,20MM STEEL,600,232
481,144,6MM STEEL,120,232
482,144,PIONEER,500,1420
483,144,WIRE,12,350
484,155,12MM STEEL,1194.8,230
485,155,DG,100,1450
486,155,6MM STEEL,19.7,240
487,155,20MM STEEL,25,240
488,155,WIRE,6,420
498,149,12MM STEEL,403,244
499,149,PIONEER,150,1440
500,149,RENT-CEMENT,150,50
501,149,RENT-STEEL,480,2.5
502,165,12MM STEEL,400,265
503,165,6MM STEEL,80,277
504,165,RENT-STEEL,400,3
505,182,PIONEER,60,1440
506,182,WIRE,5,400
507,183,ISM 12MM STEEL,1120,230
508,183,WIRE,5,420
509,183,DG,150,1440
510,159,PIONEER,40,1460
511,184,12MM STEEL,2000,235
512,184,DG,200,1440
513,115,DG,125,1515
514,115,RENT-CEMENT,125,60
515,115,MARBLE PATTI GREY,500,20
516,185,DG,100,1430
517,185,RENT-CEMENT,100,60
518,186,FAUJI,100,1440
519,186,RENT-CEMENT,100,50
520,187,KOHAT,50,1460
521,187,ISM 12MM STEEL,800,235
522,188,PIONEER,50,1440
523,188,RENT-CEMENT,50,46
524,189,KOHAT,70,1420
527,191,KOHAT,31,1430
528,191,RENT-CEMENT,30,50
535,193,ISM 12MM STEEL,1200,234
536,193,KOHAT,600,1410
537,193,RENT-CEMENT,500,60
538,194,CHAUGATH,250,270
539,194,CHAUGATH-LABOUR,9,550
540,194,RENT-GENERAL,250,6
541,195,FAUJI,70,1420
542,196,KOHAT,200,1410
543,197,ISM 12MM STEEL,80,235
544,197,KOHAT,100,1410
545,197,RENT-CEMENT,100,50
546,190,FAUJI,100,1440
547,190,RENT-CEMENT,100,35
548,198,CHAUGATH,870,270
549,199,CHAUGATH,258.6,274
550,199,CHAUGATH-LABOUR,8,500
551,199,RENT-GENERAL,2,500
552,192,ISM 12MM STEEL,1400,230
553,192,6MM STEEL,120,240
554,192,WIRE,10,420
555,192,KOHAT,200,1435
556,192,RENT-CEMENT,200,35
557,192,RENT-STEEL,1520,1.64473684211
558,200,ISM 12MM STEEL,800,230
559,200,KOHAT,120,1415
560,200,WIRE,5,400
561,200,6MM STEEL,200,235
562,200,RENT-CEMENT,20,90
563,201,6MM STEEL,20,243
564,201,KOHAT,30,1430
565,201,RENT-CEMENT,30,50
566,202,PIONEER,200,1400
567,202,WIRE,5,400
568,202,RENT-CEMENT,200,48
573,205,KOHAT,100,1400
574,203,PIONEER,135,1390
575,203,ISM 12MM STEEL,1240,232
576,203,RENT-CEMENT,135,59.2592592593
577,203,RENT-STEEL,1240,2.41935483871
578,206,ISM 12MM STEEL,120,235
579,206,RING 6X6,9.7,285
580,206,GOLA GOL,35,40
581,206,RENT-GENERAL,1,800
582,207,CHAUGATH,400,270
583,207,RENT-GENERAL,400,3.75
584,207,CHAUGATH-LABOUR,12,500
585,208,PIONEER,20,1420
586,208,RENT-CEMENT,20,50
587,209,PIONEER,5,1400
588,210,6MM STEEL,20.1,0.1
589,211,CHAUGATH,195,275
590,211,CHAUGATH-LABOUR,5,500
591,211,RENT-GENERAL,2,500
594,212,PIONEER,10,1420
595,156,KOHAT,40,1460
596,156,RENT-CEMENT,40,30
597,166,KOHAT,100,1420
598,166,RENT-CEMENT,100,30
599,220,ISM 12MM STEEL,800,235
600,220,RENT-STEEL,800,2.5
601,221,ISM 12MM STEEL,200,235
602,221,RING SIMOSA,25,255
603,221,WIRE,1,400
604,222,KOHAT,20,1420
605,222,RENT-CEMENT,20,60
606,204,CHAUGATH,260,272
607,223,PIONEER,50,1420
608,223,ISM 12MM STEEL,50.2,235
609,223,WIRE,0.5,400
610,223,RING SIMOSA,7,255
611,223,RENT-CEMENT,50,50
612,224,ISM 12MM STEEL,1998.3,234
613,224,20MM STEEL,153.1,242
614,224,6MM STEEL,80,242
615,224,WIRE,12,400
616,224,KOHAT,170,1400
618,225,ISM 12MM STEEL,1598.8,230
619,225,KOHAT,150,1400
620,225,RENT-STEEL,1600,2.5
621,225,RENT-CEMENT,150,60
622,226,12MM STEEL,280,239
623,226,6MM STEEL,15,252
624,226,WIRE,2,400
625,227,PIONEER,50,1410
626,227,RENT-CEMENT,50,60
627,228,PIONEER,150,1380
628,229,FAUJI,200,1400
629,230,KOHAT,70,1400
630,231,PIONEER,72,1390
631,232,KOHAT,200,1390
632,232,RENT-CEMENT,200,75
633,233,ISM 12MM STEEL,1194.3,240
634,233,6MM STEEL,20,248
635,233,DG,100,1420
636,233,RENT-CEMENT,100,45
637,233,WIRE,7,380
638,233,RENT-STEEL,1400,1.786
639,234,KOHAT,60,1420
641,235,ISM 12MM STEEL,800,232
642,235,PIONEER,80,1420
643,236,FAUJI,60,1410
646,238,ISM 12MM STEEL,400,240
647,238,6MM STEEL,200,252
649,238,RENT-CEMENT,20,35
650,238,RENT-STEEL,1,900
651,238,WIRE,5,380
656,240,DG,16,1465
657,239,12MM STEEL,1200,240
658,239,KOHAT,60,1400
659,239,RENT-STEEL,2000,1.5
660,239,RENT-CEMENT,60,30
663,242,ISM 12MM STEEL,6000,234
664,242,FAUJI,400,1410
665,242,RENT-STEEL,6000,1.5
666,242,RENT-CEMENT,400,30
672,244,ISM 12MM STEEL,2396.1,237
673,244,DG,165,1420
674,244,6MM STEEL,80.6,249
675,244,RENT-STEEL,2800,2.14285714287
676,244,RENT-CEMENT,170,45
680,246,ISM 12MM STEEL,715.1,240
681,246,PIONEER,90,1390
682,246,RING 6X6,7.8,265
683,246,WIRE,3,380
684,246,RENT-CEMENT,90,30
685,246,RENT-STEEL,1,900
686,247,ISM 12MM STEEL,4000,234
687,248,DG,500,1410
688,248,RENT-CEMENT,20,70
691,250,KOHAT,100,1400
698,252,KOHAT,100,1395
699,252,RENT-CEMENT,100,55
700,253,CHAUGATH,127.2,270
701,253,CHAUGATH-LABOUR,5,500
702,253,RENT-GENERAL,2,650
703,245,CHAUGATH,300,270
704,245,RENT-GENERAL,2,600
705,254,PIONEER,178,1400
706,255,TILE 1ST GAGGO MANDI,300,27
707,255,ISM 12MM STEEL,10.1,245
708,256,DG,80,1410
709,256,RENT-CEMENT,80,50
710,257,KOHAT,100,1390
713,259,PIONEER,10,1420
714,259,RENT-CEMENT,10,60
715,260,ISM 12MM STEEL,1596.5,238
716,260,20MM STEEL,100,238
717,260,6MM STEEL,59.7,248
718,260,WIRE,7,380
719,260,FAUJI,150,1410
720,261,DG,200,1410
721,262,KOHAT,10,1410
722,263,KOHAT,40,1400
725,265,PIONEER,10,1400
726,266,FAUJI,60,1420
727,266,RENT-CEMENT,60,50
728,267,KOHAT,30,1420
736,249,PIONEER,200,1370
737,249,RENT-CEMENT,200,50
738,269,DG,38,1410
739,270,CONCRETE SPACER,3,600
740,271,TILE 1ST GAGGO MANDI,1500,27.5
741,272,PIONEER,100,1400
742,272,RING 6X6,30,263
743,272,WIRE,10,400
744,272,RENT-CEMENT,100,50
745,273,DG,500,1410
746,273,ISM 12MM STEEL,4000,233
747,274,ISM 12MM STEEL,1200,235
748,274,DG,200,1400
749,275,CHAUGATH,150,270
750,276,PIONEER,40,1380
751,277,ISM 12MM STEEL,395.4,235
752,278,PIONEER,50,1400
753,279,ISM 12MM STEEL,800,239
754,280,ISM 12MM STEEL,1280,240
755,280,6MM STEEL,30,252
756,280,FAUJI,110,1420
757,280,RENT STEEL,2,1500
758,280,RENT-CEMENT,110,50
759,281,CHAUGATH,350,272
760,281,ANGEL,30,259
761,281,RENT-GENERAL,1,1000
762,281,CHAUGATH-LABOUR,9,500
763,282,KOHAT,15,1400
764,282,WIRE,2,380
765,283,KOHAT,20,1400
766,283,RENT-CEMENT,20,50
767,284,KOHAT,200,1375
768,284,ISM 12MM STEEL,1721.4,230
770,286,DG,110,1390
771,286,WIRE,5,380
772,286,ISM 12MM STEEL,120,235
773,285,ISM 12MM STEEL,997.3,235
774,287,KOHAT,30,1400
775,287,RENT-CEMENT,30,50
776,288,ISM 12MM STEEL,1198.2,235
777,288,DG,90,1390
778,288,WIRE,5,400
779,289,KOHAT,100,1365
780,289,ISM 12MM STEEL,313.9,232
781,289,6MM STEEL,40,244
782,289,WIRE,5,380
783,289,LABOUR,1,500
784,290,PIONEER,120,1365
792,291,ISM 12MM STEEL,2400,239
793,291,20MM STEEL,400,239
794,291,6MM STEEL,160,247
795,291,WIRE,15,380
796,291,FAUJI,200,1380
797,268,ISM 12MM STEEL,1400,235
798,268,PIONEER,245,1370
799,268,WIRE,4,400
800,268,20MM STEEL,52,235
801,268,6MM STEEL,25,242
802,268,RENT-CEMENT,245,50
803,268,RENT STEEL,1400,2.5
804,268,CONCRETE SPACER,1,600
805,292,ISM 12MM STEEL,1860.6,235
806,292,RENT-STEEL,2000,3.75
807,293,ISM 12MM STEEL,240,235
808,294,KOHAT,200,1355
809,295,PIONEER,70,1360
810,258,KOHAT,200,1400
811,258,RENT-CEMENT,200,30
812,296,6MM STEEL,199.7,247
813,296,WIRE,10,380
814,296,RENT-STEEL,4,2500
815,296,LABOUR,4,1000
816,297,KOHAT,25,1380
819,298,KOHAT,100,1370
820,181,DG,40,1450
821,181,RENT-CEMENT,40,50
822,299,KOHAT,20,1420
823,299,RENT-CEMENT,20,75
824,300,KOHAT,200,1360
825,300,RENT-CEMENT,200,50
826,301,20MM STEEL,50,245
827,302,ISM 12MM STEEL,2000,240
828,302,FAUJI,200,1410
829,302,20MM STEEL,75,248
830,302,6MM STEEL,60,248
831,302,WIRE,7,380
832,302,CONCRETE SPACER,4,600
833,303,ISM 12MM STEEL,400,230
834,303,KOHAT,40,1400
835,303,RENT-CEMENT,40,60
836,303,RENT-STEEL,400,2
837,304,PIONEER,11,1400
838,304,RENT-CEMENT,1,600
839,305,ISM 12MM STEEL,160,235
840,306,ISM 12MM STEEL,1400,227
841,306,FAUJI,100,1370
842,306,WIRE,2,380
843,306,6MM STEEL,20,235
844,306,RENT-CEMENT,100,50
845,306,RENT-STEEL,1400,2.5
852,307,DG,15,1390
853,307,RENT-CEMENT,15,50
854,308,ISM 12MM STEEL,100,235
855,308,20MM STEEL,52,242
856,308,6MM STEEL,20,242
857,308,WIRE,3,400
858,308,CONCRETE SPACER,2,500
859,308,BRICKS,500,16.5
860,309,ISM 12MM STEEL,200,232
861,309,FAUJI,30,1390
862,309,6MM STEEL,20,247
863,309,20MM STEEL,50,247
864,309,WIRE,6,400
865,309,RENT-CEMENT,30,60
866,309,RENT-STEEL,200,3
867,310,ISM 12MM STEEL,5200,225
868,310,CHAUGATH,500,270
869,310,FAUJI,550,1380
870,311,KOHAT,100,1400
872,313,CHAUGATH,280,272
873,313,ISM 12MM STEEL,16.39999999999964,237
874,313,CHAUGATH-LABOUR,9,500
875,313,RENT-GENERAL,1,1000
880,315,12MM STEEL,680,234
881,315,20MM STEEL,127.5,244
882,315,6MM STEEL,25,244
883,315,WIRE,3,400
884,315,CONCRETE SPACER,3,600
885,315,KOHAT,50,1410
886,315,RENT-CEMENT,40,50
887,315,RENT-STEEL,3,1000
888,316,KOHAT,500,1430
889,317,PIONEER,25,1420
890,317,6MM STEEL,40,242
891,318,KOHAT,40,1370
892,318,RENT-CEMENT,40,50
893,319,FECTO,24,1470
894,320,KOHAT,45,1450
895,320,RENT-CEMENT,45,30
896,321,FAUJI,250,1380
897,321,RENT-CEMENT,250,50
898,314,12MM STEEL,920,235
899,314,20MM STEEL,240,252
900,314,DG,70,1440
901,314,WIRE,10,430
902,322,WIRE,3,400
903,323,ISM 12MM STEEL,1200,244
904,323,WIRE,5,430
905,324,ISM 12MM STEEL,2000,229
906,324,PIONEER,200,1345
907,324,DG,150,1375
908,325,12MM STEEL,520,234
909,325,6MM STEEL,10,245
910,325,WIRE,3,390
911,326,ISM 12MM STEEL,2400,244
912,326,FAUJI,250,1450
913,327,DG,105,1480
914,327,ISM 12MM STEEL,1600,243
915,327,RENT-CEMENT,105,50
916,327,RENT-STEEL,1600,2.5
917,328,KOHAT,100,1480
918,328,RENT-CEMENT,100,30
919,329,FAUJI,2000,1430
921,330,FECTO,52,1440
922,330,MISC,13,20
923,331,PIONEER,50,1480
924,332,FECTO,110,1480
925,333,KOHAT,100,1460
926,334,KOHAT,200,1450
927,334,RENT-CEMENT,200,50
928,335,RENT-CEMENT,500,30
930,337,ISM 12MM STEEL,1800,242
931,337,DG,150,1470
932,337,WIRE,5,400
933,337,6MM STEEL,30,258
934,337,RENT-CEMENT,150,30
935,337,RENT STEEL,1800,1.25
936,336,KOHAT,3,1500
937,338,KOHAT,300,1480
938,339,ISM 12MM STEEL,480,244
939,339,KOHAT,110,1470
942,341,CHAUGATH,256,268
943,342,ISM 12MM STEEL,2200,236
944,342,KOHAT,240,1440
945,343,DG,32,1400
946,343,RENT-CEMENT,30,50
947,344,12MM STEEL,3600,239.5
948,344,KOHAT,400,1475
949,345,KOHAT,250,1480
950,345,RENT-CEMENT,250,20
951,346,12MM STEEL,3400,244
952,346,KOHAT,500,1480
953,347,KOHAT,20,1440
954,348,PIONEER,200,1480
955,348,RENT-CEMENT,200,50
956,349,DG,15,1510
957,349,RENT-CEMENT,1,1000
958,350,KOHAT,20,1520
959,350,RENT-CEMENT,20,60
961,352,KOHAT,132,1400
962,353,12MM STEEL,1000,247
963,353,KOHAT,125,1490
964,353,RENT-STEEL,1000,3.5
965,353,RENT-CEMENT,125,75
966,354,ISM 12MM STEEL,6000,235
967,354,FAUJI,1000,1400
968,354,RENT-STEEL,6000,1.25
969,354,RENT-CEMENT,1000,25
977,355,KOHAT,20,1520
978,355,BAJRI MOTI,50,100
979,355,RENT-GENERAL,3,1000
982,41,PIONEER,85,1310
983,41,RENT-CEMENT,100,40
984,356,PIONEER,15,1500
985,356,RENT-CEMENT,15,50
986,357,PIONEER,40,1500
987,357,RENT-CEMENT,40,55
991,359,ISM 12MM STEEL,1080,240
992,359,DG,140,1500
993,359,STEEL NO 9,20,285
994,359,6MM STEEL,25,258
995,359,WIRE,5,400
996,359,RENT STEEL,1000,2.5
997,359,RENT-CEMENT,140,50
998,163,12MM STEEL,5000,225
999,163,DG,1000,1350
1000,163,RENT-CEMENT,1000,40
1001,163,RENT-STEEL,5000,2
1002,163,CHAUGATH,500,285
1003,163,WIRE,20,350
1004,163,6MM STEEL,200,230
1005,360,12MM STEEL,4800,241
1006,360,DG,500,1460
1007,360,RENT-CEMENT,500,60
1008,360,RENT-STEEL,4800,2
1010,362,DG,10,1520
1011,362,TILE 2ND JHANG,400,24
1012,362,RENT-GENERAL,1,1000
1013,363,KOHAT,20,1520
1014,361,PIONEER,50,1490
1015,358,ISM 12MM STEEL,2000,247
1016,358,PIONEER,150,1490
1017,358,DG,200,1500
1018,364,DG,40,1380
1019,364,RENT-CEMENT,40,60
1020,365,KOHAT,100,1500
1021,366,12MM STEEL,1800,240
1022,366,KOHAT,200,1470
1023,366,RENT-CEMENT,200,50
1024,366,RENT-STEEL,1800,2.5
1025,367,12MM STEEL,420,235
1026,367,20MM STEEL,160,248
1027,367,WIRE,5,430
1028,367,CONCRETE SPACER,3,600
1029,368,PIONEER,225,1550
1030,369,DG,1,1500
1031,370,KOHAT,100,1500
1032,371,ISM 12MM STEEL,160,244
1033,372,KOHAT,50,1510
1034,373,ISM 12MM STEEL,2600,244
1035,373,PIONEER,200,1480
1036,373,RENT STEEL,2600,2
1037,373,RENT-CEMENT,200,50
1038,374,ISM 12MM STEEL,3000,234.5
1039,374,PAKCEM,200,1500
1040,374,FECTO,120,1510
1041,374,RENT-CEMENT,320,30
1042,374,RENT-STEEL,3000,1.5
1043,375,KOHAT,16,1520
1048,377,ISM 12MM STEEL,2200,240
1049,377,DG,250,1500
1050,377,RENT STEEL,2200,2.5
1051,377,RENT-CEMENT,250,60
1052,376,ISM 12MM STEEL,320,242
1053,376,KOHAT,150,1480
1054,376,RENT-CEMENT,150,50
1055,378,DG,20,1440
1056,378,RENT-CEMENT,260,75
1057,379,PIONEER,50,1490
1058,379,RENT-CEMENT,50,60
1059,380,12MM STEEL,240,244
1060,381,12MM STEEL,900,240
1061,381,20MM STEEL,100,240
1062,381,DG,100,1510
1063,382,DG,200,1510
1064,382,RENT-CEMENT,200,50
1065,128,DG,1000,1470
1066,128,12MM STEEL,6000,242
1067,128,6MM STEEL,108,245
1068,128,WIRE,30,420
1069,128,RENT-CEMENT,1000,30
1070,128,RENT-STEEL,6000,1.5
1071,383,KOHAT,300,1530
1072,384,KOHAT,20,1500
1073,385,KOHAT,100,1480
1076,387,ISM 12MM STEEL,4000,234
1077,388,DG,150,1490
1078,388,ISM 12MM STEEL,160,239
1079,388,RENT-CEMENT,150,50
1080,389,ISM 12MM STEEL,1920,237
1081,389,20MM STEEL,160,237
1082,389,PIONEER,180,1490
1083,389,6MM STEEL,80,247
1084,389,WIRE,8,400
1085,386,KOHAT,20,1520
1086,386,RENT-CEMENT,20,50
1087,390,DG,412,1455
1088,391,FAUJI,100,1510
1089,392,KOHAT,100,1500
1090,392,RENT-CEMENT,100,60
1093,394,ISM 12MM STEEL,1040,235
1094,393,ISM 12MM STEEL,2400,230
1095,393,RENT STEEL,2400,1.5
1102,396,ISM 12MM STEEL,800,235
1103,396,CONCRETE SPACER,1,700
1104,396,RENT-STEEL,800,2.5
1105,397,ISM 12MM STEEL,600,240
1106,397,DG,50,1480
1107,397,20MM STEEL,25,252
1108,397,6MM STEEL,10,252
1109,397,RENT-CEMENT,50,40
1110,397,RENT-STEEL,1,1200
1111,398,PIONEER,100,1500
1112,398,RENT-CEMENT,100,50
1113,399,KOHAT,18,1550
1114,399,WHITE CEMENT,2,2200
1115,399,RENT-CEMENT,1,1000
1116,395,RING 7X7,25,266
1117,395,RING 7X9,35,266
1118,395,WIRE,5,400
1119,395,ISM 12MM STEEL,240,238
1120,395,DG,200,1480
1121,395,RENT-CEMENT,200,40
1122,400,KOHAT,350,1515
1123,401,PIONEER,12,1500
1124,401,RENT-GENERAL,1,400
1125,402,PIONEER,10,1500
1126,403,ISM 12MM STEEL,5019.9,233
1127,403,20MM STEEL,514.7,233
1128,403,6MM STEEL,151.2,252
1129,403,FECTO,480,1495
1130,403,CONCRETE SPACER,10,700
1131,403,RENT STEEL,8.99,900
1132,403,WIRE,25,395
1133,404,ISM 12MM STEEL,1272.2,233
1134,404,6MM STEEL,19.9,260
1135,404,WIRE,2,395
1136,404,FECTO,120,1480
1137,404,RENT-STEEL,1300,1.539
1138,404,RENT-CEMENT,120,30
1139,408,PIONEER,100,1480
1140,409,KOHAT,300,1460
1141,409,RENT-CEMENT,300,60
1142,410,ISM 12MM STEEL,2000,240
1143,410,WIRE,5,400
1144,410,CONCRETE SPACER,5,700
1145,410,PIONEER,80,1510
1146,410,RENT-CEMENT,80,50
1147,410,RENT-STEEL,2000,2.5
1148,411,KOHAT,50,1470
1149,411,ISM 12MM STEEL,600,230
1150,411,RENT-STEEL,1,1500
1151,411,RENT-CEMENT,50,50
1152,412,CHAUGATH,29.7,269
1153,412,FAUJI,25,1500
1154,412,RENT-CEMENT,25,50
1155,413,KOHAT,150,1475
1156,413,RENT-CEMENT,150,50
1157,414,KOHAT,200,1480
1158,414,RENT-CEMENT,200,50
1159,415,12MM STEEL,800,228
1160,415,DG,350,1465
1161,416,PIONEER,5,1500
1162,407,KOHAT,20,1550
1163,407,RENT-CEMENT,20,50
1164,406,ISM 12MM STEEL,3000,230
1165,406,DG,300,1490
1166,406,CHAUGATH,350,268
1167,406,CHAUGATH-LABOUR,350,14.286
1168,406,RENT-STEEL,3000,2.5
1169,406,RENT-CEMENT,300,50
1170,405,DG,29,1480
1171,417,DG,50,1500
1172,418,PIONEER,200,1480
1173,418,RENT-CEMENT,200,50
1174,419,ISM 12MM STEEL,1200,231
1175,419,FECTO,100,1470
1176,420,CHAUGATH,550,263
1177,421,ISM 12MM STEEL,2400,230
1178,421,DG,200,1460
1179,421,6MM STEEL,40,250
1180,421,WIRE,8,390
1181,421,CONCRETE SPACER,5,600
1182,421,RENT-STEEL,2400,1.5
1183,421,RENT-CEMENT,200,30
1184,422,PIONEER,10,1500
1185,423,DG,500,1460
1186,423,ISM 12MM STEEL,2000,227
1187,423,RENT-STEEL,2000,2
1188,423,RENT-CEMENT,500,50
1189,424,DG,300,1460
1190,424,ISM 12MM STEEL,100,235
1191,424,WIRE,0.5,400
1192,424,RENT-CEMENT,300,50
1193,425,DG,330,1490
1194,425,RENT-CEMENT,330,50
1195,426,DG,15,1500
1196,426,RENT-CEMENT,15,53.4
1197,427,DG,130,1480
1198,427,ISM 12MM STEEL,800,235
1199,427,RENT-CEMENT,130,60
1200,427,RENT-STEEL,800,2.5
1201,428,KOHAT,100,1470
