id,code,name,phone,address,category,opening_balance,opening_balance_date,is_active,transferred_to_id,require_manual_invoice,book_no,financial_page,cement_page,steel_page,financial_book_no,cement_book_no,steel_book_no,location_url,page_notes,created_at
1,FBMCL-00001,ABDUL AZEEM SB KHAN PUR KHOKHAR,,,General,0,2026-03-08T00:00:00,True,,False,,,,,,,,,,2026-03-08T16:35:15.548763
2,FBMCL-00002,TAHIR ABBAS SB KOANKH,,,General,0,2026-03-09T09:13:45.469583,True,,False,,,,,,,,,,2026-03-09T09:13:45.472344
3,FBMCL-00003,REHMAN ALI SB BHUCH,,,General,0,2026-03-09T09:44:19.555720,True,,False,,,,,,,,,,2026-03-09T09:44:19.559009
4,FBMCL-00004,SHAH ZAIB SB RUPOWAL,,,General,0,2026-03-09T10:11:38.226816,True,,False,,,,,,,,,,2026-03-09T10:11:38.228809
5,FBMCL-00005,GHULAM ABBAS SB HAZARA MUGHLAN,,,General,0,2026-03-09T10:15:49.131139,True,,False,,,,,,,,,,2026-03-09T10:15:49.132128
6,FBMCL-00006,SHEHBAZ BAIG SB KOANKH,,,General,0,2026-03-09T10:18:40.797646,True,,False,,,,,,,,,,2026-03-09T10:18:40.798662
7,FBMCL-00007,MISTRI MUHAMMAD ANWAR SB PERO SHAH,,,General,0,2026-03-09T10:20:30.112834,True,,False,,,,,,,,,,2026-03-09T10:20:30.113460
8,FBMCL-00008,TALHA SB JPS,,,General,0,2026-03-09T15:12:08.932300,True,,False,,,,,,,,,,2026-03-09T15:12:08.933978
9,FBMCL-00009,MAZHAR SB RUPOWAL DERA,,,General,34500,2026-03-09T00:00:00,True,,False,,,,,,,,,,2026-03-09T15:24:29.152656
10,FBMCL-00010,BILAL SB KOANKH (QARI EJAZ SB),,,General,12403,2026-03-09T00:00:00,True,,False,,,,,,,,,,2026-03-09T16:41:51.173864
11,FBMCL-00011,GUL SHER SB CHAK BEHRAM,,,General,0,2026-03-09T16:50:17.727194,True,,False,,,,,,,,,,2026-03-09T16:50:17.729665
12,FBMCL-00012,MAJEED BUTT SB JPS,,,General,74413,2026-03-10T00:00:00,True,,False,,,,,,,,,,2026-03-10T09:55:02.209463
13,FBMCL-00013,JAWAD SB AJNALA JPS,,,General,10018,2026-03-10T00:00:00,True,,False,,,,,,,,,,2026-03-10T09:59:46.726220
14,FBMCL-00014,RAJA ADEEL SB,,,General,18760,2026-03-10T00:00:00,True,,False,,,,,,,,,,2026-03-10T10:05:58.574731
15,FBMCL-00015,MUNAZAR HUSSAIN BUTT SB JPS,,,General,133237,2026-03-10T00:00:00,True,,False,,,,,,,,,,2026-03-10T10:09:57.256548
16,FBMCL-00016,MALIK ANSAR SB KHORI,,,General,232693,2026-03-10T00:00:00,True,,False,,,,,,,,,,2026-03-10T10:10:46.424568
17,FBMCL-00017,ASHRAF SB AJNALA(SALEEM CONT),,,General,76807,2026-03-10T00:00:00,True,,False,,,,,,,,,,2026-03-10T10:15:14.335693
18,FBMCL-00018,NAZAKAT MOBILE SHOP JPS,,,General,18372,2026-03-10T00:00:00,True,,False,,,,,,,,,,2026-03-10T10:24:44.595206
19,FBMCL-00019,MUHAMMAD ASHRAF SB RAMZAN PURA,,,General,14790,2026-03-10T00:00:00,True,,False,,,,,,,,,,2026-03-10T10:26:38.517788
20,FBMCL-00020,HIDAYAT ULLAH SB CHAK BEHRAM,,,General,0,2026-03-10T10:38:14.175507,True,,False,,,,,,,,,,2026-03-10T10:38:14.176158
21,FBMCL-00021,RANA ZAHID SB JPS,,,General,34906,2026-03-10T00:00:00,True,,False,,,,,,,,,,2026-03-10T10:42:42.201785
22,FBMCL-00022,MALIK ILYAS SB JPS,,,General,34844,2026-03-10T00:00:00,True,,False,,,,,,,,,,2026-03-10T10:44:24.475703
23,FBMCL-00023,MALIK ADNAN,,,General,0,2026-03-10T10:45:36.467974,True,,False,,,,,,,,,,2026-03-10T10:45:36.468592
24,FBMCL-00024,HAJI JAVED SB JPS,,,General,116722,2025-08-31T00:00:00,True,,False,,,,,,,,,,2026-03-10T11:06:43.202133
25,FBMCL-00025,MALIK JAVED SB KHAN PUR KHOKHAR,,,General,29800,2026-03-07T00:00:00,True,,False,,,,,,,,,,2026-03-10T11:18:44.112994
26,FBMCL-00026,MASJID PANJTAN PAK JPS(QARI ANSAR SB),,,General,1390,2026-03-10T00:00:00,True,,False,,,,,,,,,,2026-03-10T11:23:54.055979
27,FBMCL-00027,EHSAN ULLAH SB PERO SHAH,,,General,53728,2026-03-10T00:00:00,True,,False,,,,,,,,,,2026-03-10T11:25:08.494251
28,FBMCL-00028,MIRZA AMJAD JAVED SB AJNALA SITE,,,General,120680,2026-03-10T00:00:00,True,,False,,,,,,,,,,2026-03-10T11:26:39.473591
29,FBMCL-00029,RAZA ULLAH SB MALAK PUR,,,General,0,2026-03-10T11:30:55.618672,True,,False,,,,,,,,,,2026-03-10T11:30:55.619358
30,FBMCL-00030,MUHAMMAD ASHRAF SB AJNALA,,,General,29700,2026-02-15T00:00:00,True,,False,,,,,,,,,,2026-03-10T11:35:55.215742
31,FBMCL-00031,SALEEM CONT JPS,,,General,14080,2026-03-10T11:43:39.261721,True,,False,,,,,,,,,,2026-03-10T11:43:39.262453
32,FBMCL-00032,RANA WAQAR SB JPS,,,General,32915,2026-03-10T00:00:00,True,,False,,,,,,,,,,2026-03-10T11:51:57.968314
33,FBMCL-00033,AHMED SUBHANI SB AJNALA,,,General,22263,2026-03-10T00:00:00,True,,False,,,,,,,,,,2026-03-10T14:09:57.162459
34,FBMCL-00034,ASIF MUJAHID SB JPS,,,General,13648,2026-03-10T00:00:00,True,,False,,,,,,,,,,2026-03-10T14:20:41.150635
35,FBMCL-00035,EHSAN SB CHAUHAN,,,General,13300,2026-03-10T00:00:00,True,,False,,,,,,,,,,2026-03-10T14:35:13.636543
36,FBMCL-00036,MALIK MEHDI KHAN SB JPS,,,General,24722,2026-03-10T00:00:00,True,,False,,,,,,,,,,2026-03-10T14:48:32.169922
37,FBMCL-00037,RANA EJAZ SB JPS,,,General,111867,2026-03-10T00:00:00,True,,False,,,,,,,,,,2026-03-10T14:55:38.609088
38,FBMCL-00038,TAHIR SB AJNALA,,,General,93602,2026-03-10T00:00:00,True,,False,,,,,,,,,,2026-03-10T15:00:40.705243
39,FBMCL-00039,ATEEQ UR REHMAN SB DHINDA,,,General,30045,2026-03-10T00:00:00,True,,False,,,,,,,,,,2026-03-10T15:07:45.323157
40,FBMCL-00040,MASJID E AQSA JPS,,,General,65142,2026-03-10T00:00:00,True,,False,,,,,,,,,,2026-03-10T15:08:27.820235
41,FBMCL-00041,MUHAMMAD BOOTA SB JALPUWAL,,,General,0,2026-03-10T00:00:00,True,,False,,,,,,,,,,2026-03-10T15:09:54.536676
42,FBMCL-00042,HAJI ASHFAQ SB JPS,,,General,326208,2026-03-10T00:00:00,True,,False,,,,,,,,,,2026-03-10T15:15:45.751524
43,FBMCL-00043,KASHIF SB DHINDA,,,General,0,2026-03-10T00:00:00,True,,False,,,,,,,,,,2026-03-10T15:17:58.655391
44,FBMCL-00044,NADEEM SB DHINDA,,,General,21350,2026-03-10T00:00:00,True,,False,,,,,,,,,,2026-03-10T15:35:18.452572
45,FBMCL-00045,MUHAMMAD WAQAR BAIG SB KOANKH,,,General,11280,2026-03-10T00:00:00,True,,False,,,,,,,,,,2026-03-10T15:40:23.055221
46,FBMCL-00046,MEHBOOB ALAM SB KOANKH,,,General,455098,2026-03-10T00:00:00,True,,False,,,,,,,,,,2026-03-10T15:43:03.637804
47,FBMCL-00047,HAJI IQBAL SB JPS,,,General,0,2026-03-10T00:00:00,True,,False,,,,,,,,,,2026-03-10T15:51:25.475153
48,FBMCL-00048,RANA ZAHEER SB JPS,,,General,0,2026-03-10T16:04:54.154152,True,,False,,,,,,,,,,2026-03-10T16:04:54.154788
49,FBMCL-00049,CH MUHAMMAD AKRAM JPS,,,General,77538,2026-01-20T00:00:00,True,,False,,,,,,,,,,2026-03-10T16:17:55.756142
50,FBMCL-00050,MAJID HUSSAIN SB AJNALA,,,General,0,2026-03-10T16:23:13.291615,True,,False,,,,,,,,,,2026-03-10T16:23:13.292146
51,FBMCL-00051,FAZAL ILAHI SB JALPUWAL,,,General,113391,2026-03-11T00:00:00,True,,False,,,,,,,,,,2026-03-11T10:45:18.536895
52,FBMCL-00052,GHULAM SARWAR SB JPS(HAJI JAVED SB),,,General,343800,2026-03-11T00:00:00,True,,False,,,,,,,,,,2026-03-11T10:50:15.318980
53,FBMCL-00053,MUHAMMAD ALI SB MULL,0324-1082768,,General,0,2026-03-11T00:00:00,True,,False,,,,,,,,,,2026-03-11T11:08:35.341860
54,FBMCL-00054,RASHID SB RUPOWAL,,,General,0,2026-03-11T14:10:37.105946,True,,False,,,,,,,,,,2026-03-11T14:10:37.108941
55,FBMCL-00055,FIYAZ BAIG SB KOANKH,,,General,2288,2026-03-12T00:00:00,True,,False,,,,,,,,,,2026-03-12T09:29:07.292968
56,FBMCL-00056,MUHAMMAD ALI SB GHURAL,,,General,12474,2026-03-12T00:00:00,True,,False,,,,BOOK 1 PAGE 166,,,,,BOOK 1 PAGE 166,2026-03-12T09:37:14.253302
57,FBMCL-00057,SARWAR SB PARSUWAL(RICKSHAW),,,General,3000,2026-03-12T00:00:00,True,,False,,,,,,,,,,2026-03-12T09:48:16.125372
58,FBMCL-00058,NASIR SUBHANI SB AJNALA,,,General,8863,2026-03-12T00:00:00,True,,False,,,,,,,,,,2026-03-12T09:54:17.549575
59,FBMCL-00059,MAZHAR SB DHAMTAL,,,General,0,2026-03-12T10:34:03.919042,True,,False,,,,,,,,,,2026-03-12T10:34:03.919699
60,FBMCL-00060,MUNAZAR HUSSAIN SB JPS(CONT),,,General,7847,2026-03-12T00:00:00,True,,False,,,,K:B1P191,,,,,K:B1P191,2026-03-12T11:19:36.590855
61,FBMCL-00061,RANA SHEHBAZ SB JPS,,,General,151447,2026-03-12T00:00:00,True,,False,,,,,,,,,,2026-03-12T13:00:17.578122
62,FBMCL-00062,MUFTI YAQOOB ALAM SB KOANKH,,,General,34425,2026-03-12T00:00:00,True,,False,,,,,,,,,,2026-03-12T13:30:41.413258
63,FBMCL-00063,ABDULLAH SB KOANKH,,,General,123,2026-03-12T00:00:00,True,,False,,,,,,,,,,2026-03-12T14:23:55.582417
64,FBMCL-00064,SULEIMAN SB AJNALA,,,General,32124,2026-03-12T00:00:00,True,,False,,,,,,,,,,2026-03-12T14:29:33.331189
65,FBMCL-00065,SAJID BAIG MAKKI KOANKH,,,General,294071,2026-03-01T00:00:00,True,,False,,,,,,,,,,2026-03-12T15:31:04.152031
66,FBMCL-00066,SUBEDAR MUHAMMAD ARSHAD SB KHANPUR KHOKHAR,,,General,0,2026-03-12T16:08:22.575757,True,,False,,,,,,,,,,2026-03-12T16:08:22.578995
67,FBMCL-00067,MUHAMMAD BASHEER SB CONT KOANKH,,,General,0,2026-03-12T16:13:58.814892,True,,False,,,,,,,,,,2026-03-12T16:13:58.815772
68,FBMCL-00068,TARIQ SB JAGUWAN,,,General,0,2026-03-12T00:00:00,True,,False,,,,,,,,,,2026-03-12T16:22:29.545405
69,FBMCL-00069,MUHAMMAD ASGHAR GUJJAR SB JPS,,,General,50470,2026-03-14T00:00:00,True,,False,,,,,,,,,,2026-03-14T10:00:29.554722
70,FBMCL-00070,MUHAMMAD ASGHAR FAUJI SB JPS,,,General,-706,2026-03-14T00:00:00,True,,False,,,,,,,,,,2026-03-14T10:13:58.361365
71,FBMCL-00071,HAJI WARIS SB JPS,,,General,26536,2026-03-14T00:00:00,True,,False,,,,,,,,,,2026-03-14T10:29:07.778057
72,FBMCL-00072,EHSAN ATTARI SB JPS,,,General,40000,2026-03-14T00:00:00,True,,False,,,,,,,,,,2026-03-14T10:30:55.746952
73,FBMCL-00073,MUHAMMAD ASHRAF SB JPS NEAR SCHOOL (SALEEM CONT),,,General,0,2026-03-14T10:44:23.145194,True,,False,,,,,,,,,,2026-03-14T10:44:23.145809
74,FBMCL-00074,QAMAR BAIG SB KOANKH,,,General,14506,2026-03-14T00:00:00,True,,False,,,,,,,,,,2026-03-14T11:10:07.873324
75,FBMCL-00075,ZULFIQAR SB MALL,,,General,0,2026-03-14T11:11:51.347492,True,,False,,,,,,,,,,2026-03-14T11:11:51.348128
76,FBMCL-00076,IMRAN SB MALAK PUR,,,General,74945,2026-03-14T00:00:00,True,,False,,,,,,,,,,2026-03-14T11:13:48.425459
77,FBMCL-00077,MUHAMMAD ARSHAD SB SALOON JPS,,,General,27800,2026-03-14T00:00:00,True,,False,,,,,,,,,,2026-03-14T11:31:25.131786
78,FBMCL-00078,ASIF BHAI MALAK PUR(MADNI BHAI),,,General,92430,2026-03-14T00:00:00,True,,False,,,,,,,,,,2026-03-14T12:26:25.009962
79,FBMCL-00079,ISHTIAQ CONT KOANKH,,,General,63824,2026-03-14T00:00:00,True,,False,,,,,,,,,,2026-03-14T12:49:48.224456
80,FBMCL-00080,ADNAN SB DOIYAN,,,General,54087,2026-03-14T00:00:00,True,,False,,,,,,,,,,2026-03-14T13:27:16.199171
81,FBMCL-00081,MUHAMMAD ASIF BHUCH,,,General,139752,2026-03-14T13:32:56.033651,True,,False,,,,,,,,,,2026-03-14T13:32:56.034588
82,FBMCL-00082,AMIR JAVED SB GHURAL,,,General,7700,2026-03-14T00:00:00,True,,False,,,,,,,,,,2026-03-14T14:14:00.950826
83,FBMCL-00083,JAVED NUMBERDAR SB JPS,,,General,307,2026-03-14T00:00:00,True,,False,,,,,,,,,,2026-03-14T15:31:31.902606
84,FBMCL-00084,NASIR BAIG SB CZN BILAL BAIG KOANKH,,,General,6590,2026-03-14T00:00:00,True,,False,,,,,,,,,,2026-03-14T15:36:21.193082
85,FBMCL-00085,MEHAR LIAQAT SB TEA STALL JPS,,,General,84598,2026-03-14T00:00:00,True,,False,,,,,,,,,,2026-03-14T15:43:37.633742
86,FBMCL-00086,RIZWAN KAKA SB JPS,,,General,6700,2026-03-14T00:00:00,True,,False,,,,,,,,,,2026-03-14T15:59:30.498172
87,FBMCL-00087,ARIF SB JPS(HAJI ASHFAQ S),,,General,64787,2026-03-14T00:00:00,True,,False,,,,,,,,,,2026-03-14T16:03:09.489343
88,FBMCL-00088,FAISAL SB AJNALA,,,General,6383,2026-03-14T00:00:00,True,,False,,,,,,,,,,2026-03-14T16:13:16.706729
89,FBMCL-00089,ASIF HUSSAIN JPS (ALI ALMUNIUM),0305-4815914,,General,47000,2026-03-14T00:00:00,True,,False,,,,,,,,,,2026-03-14T16:21:29.662726
90,FBMCL-00090,MAZHAR BUTT SB JPS,,,General,-450000,2026-03-14T00:00:00,True,,False,,,,,,,,,,2026-03-14T16:28:02.801270
91,FBMCL-00091,MIRZA IMTIAZ BAIG SB KOANKH (RICKSHAW),,,General,10080,2026-03-14T00:00:00,True,,False,,,,,,,,,,2026-03-14T16:44:45.535488
92,FBMCL-00092,REHMAN AHMED DILAWAR PUR,,,General,104780,2026-03-14T00:00:00,True,,False,,,,,,,,,,2026-03-14T17:05:22.986801
93,FBMCL-00093,MOAZZAM SB JPS,,,General,4050,2026-03-14T00:00:00,True,,False,,,,,,,,,,2026-03-14T17:11:13.169466
94,FBMCL-00094,SADIQUE SB JPS,,,General,1654,2026-03-15T00:00:00,True,,False,,,,,,,,,,2026-03-15T10:16:48.868623
95,FBMCL-00095,MIRZA ZAIN HOME,,,General,0,2026-03-15T11:59:04.487953,True,,False,,,,,,,,,,2026-03-15T11:59:04.488841
96,FBMCL-00096,YOUSUF BUTT SB KOANKH,,,General,-261,2026-03-15T00:00:00,True,,False,,,,,,,,,,2026-03-15T12:01:45.914853
97,FBMCL-00097,HAFIZ GHULAM HUSSAIN JPS,,,General,25000,2026-03-15T00:00:00,True,,False,,,,,,,,,,2026-03-15T12:52:37.814654
98,FBMCL-00098,NABEEL ILLAHI KOANKH,,,General,0,2026-03-15T13:45:27.504448,True,,False,,,,,,,,,,2026-03-15T13:45:27.506779
99,FBMCL-00099,MUBASHAR AHMED JPS,,,General,5280,2026-03-15T14:46:20.654716,True,,False,,,,,,,,,,2026-03-15T14:46:20.656249
100,FBMCL-00100,HAJI YOUSUF BUTT JPS,,,General,51213,2026-03-15T00:00:00,True,,False,,,,,,,,,,2026-03-15T15:03:29.812871
101,FBMCL-00101,MUKHTAR BAIG MARBLE FACTORY,,,General,12812,2026-03-15T00:00:00,True,,False,,,,,,,,,,2026-03-15T15:48:39.670198
102,FBMCL-00102,JABBAR SB BHUCH,,,General,57376,2025-12-02T00:00:00,True,,False,,,,,,,,,,2026-03-15T16:38:09.677451
103,FBMCL-00103,RAJA AMEER HAMZA SB JPS,,,General,800,2026-03-15T00:00:00,True,,False,,,,,,,,,,2026-03-15T16:40:06.341695
104,FBMCL-00104,WAHEED SB RUPOWAL (SEP CLIENT),,,General,0,2026-03-16T09:14:51.191573,True,,False,,,,,,,,,,2026-03-16T09:14:51.193540
105,FBMCL-00105,DR EHSAN SB DHINDA,,,General,-1200,2026-03-04T00:00:00,True,,False,,,,,,,,,,2026-03-16T10:40:35.413895
106,FBMCL-00106,WALEED ULLAH SB DILAWAR PUR,,,General,0,2026-03-16T11:07:12.399344,True,,False,,,,,,,,,,2026-03-16T11:07:12.401210
107,FBMCL-00107,SHEHZAD SB POULTRY FARM JPS,,,General,0,2026-03-16T11:25:41.724662,True,,False,,,,,,,,,,2026-03-16T11:25:41.728226
108,FBMCL-00108,TARIQ BUTT SB JPS,,,General,-5225,2026-03-16T00:00:00,True,,False,,,,,,,,,,2026-03-16T12:09:41.270471
109,FBMCL-00109,IMRAN SB KHATANA,,,General,0,2026-03-16T16:17:02.696025,True,,False,,,,,,,,,,2026-03-16T16:17:02.698481
110,FBMCL-00110,NAZIM SB JPS,,,General,0,2026-03-16T16:23:39.588051,True,,False,,,,,,,,,,2026-03-16T16:23:39.588595
111,FBMCL-00111,RAJA PARWEZ SB RANGPUR,,,General,0,2026-03-17T10:14:33.556385,True,,False,,,,,,,,,,2026-03-17T10:14:33.560777
112,FBMCL-00112,MASJID ASIF BHAI MADNI MALAK PUR,,,General,29200,2026-03-08T00:00:00,True,,False,,,,,,,,,,2026-03-17T10:38:01.701373
113,FBMCL-00113,MUHAMMAD SALEEM SB RUPOWAL,,,General,144519,2026-03-17T12:09:30.965410,True,,False,,,,,,,,,,2026-03-17T12:09:30.966566
114,FBMCL-00114,MUHAMMAD RAFEEQ SB AJNALA,,,General,0,2026-03-17T13:49:48.399206,True,,False,,,,,,,,,,2026-03-17T13:49:48.402367
115,FBMCL-00115,HAFIZ M ALI JPS,,,General,6950,2026-03-17T00:00:00,True,,False,,,,,,,,,,2026-03-17T15:02:28.118356
116,FBMCL-00116,NAUMAN RIHANIA SB JPS,,,General,92565,2026-03-18T00:00:00,True,,False,,,,,,,,,,2026-03-18T10:44:16.187243
117,FBMCL-00117,RIAZ RIHANIA SB JPS,,,General,430863,2026-03-18T00:00:00,True,,False,,,,,,,,,,2026-03-18T10:57:09.887198
118,FBMCL-00118,MUHAMMAD ASGHAR SB PTCL EXCHANGE JPS,,,General,3676,2026-03-18T00:00:00,True,,False,,,,,,,,,,2026-03-18T11:14:46.099740
119,FBMCL-00119,HAFIZ MUHAMMAD ARSHAD SB AJANALA (PERSONAL),,,General,-25000,2026-03-18T00:00:00,True,,False,,,,,,,,,,2026-03-18T11:18:33.163299
120,FBMCL-00120,DILDAAR HUSSAIN SB PARSUWAL,,,General,17500,2026-03-06T00:00:00,True,,False,,,,,,,,,,2026-03-18T11:20:28.857270
121,FBMCL-00121,MAQSOOD SB MALAK PUR,,,General,7577,2026-03-18T00:00:00,True,,False,,,,,,,,,,2026-03-18T11:53:02.679579
122,FBMCL-00122,MIRZA SAJJAD SB KOANKH(IMAM BARGAH),,,General,2150,2026-03-18T00:00:00,True,,False,,,,,,,,,,2026-03-18T12:00:40.967796
123,FBMCL-00123,RAJA IFTIKHAR SB JPS,,,General,13800,2026-03-18T00:00:00,True,,False,,,,,,,,,,2026-03-18T12:55:55.854327
124,FBMCL-00124,ARIF BAIG SB KOANKH (ASIM BAIG),,,General,0,2026-03-18T00:00:00,True,,False,,,,,,,,,,2026-03-18T13:17:53.442479
125,FBMCL-00125,HAFIZ TAUSEEF SB AJNALA,,,General,1360,2026-03-18T00:00:00,True,,False,,,,,,,,,,2026-03-18T13:46:48.956969
126,FBMCL-00126,NAWAZ SB DHINDA (RIZWAN CONT),,,General,123731,2026-03-18T00:00:00,True,,False,,,,,,,,,,2026-03-18T14:41:07.162438
127,FBMCL-00127,CHAND SB CONT KOANKH,,,General,104250,2026-03-18T00:00:00,True,,False,,,,,,,,,,2026-03-18T14:43:42.199313
128,FBMCL-00128,MUHAMMAD ASGHAR CONT PHATTO,,,General,30000,2026-03-18T00:00:00,True,,False,,,,,,,,,,2026-03-18T14:45:07.027689
129,FBMCL-00129,QARI EJAZ SB HOME KOANKH,,,General,10134,2026-03-18T00:00:00,True,,False,,,,,,,,,,2026-03-18T15:26:40.604955
130,FBMCL-00130,REHMAN SB AJNALA(WAJID BROTHER),,,General,2400,2026-03-18T00:00:00,True,,False,,,,,,,,,,2026-03-18T15:37:10.585282
131,FBMCL-00131,MIRZA MOLVI AMJAD SB DHINDA,,,General,34000,2026-03-18T00:00:00,True,,False,,,,,,,,,,2026-03-18T16:29:52.889990
132,FBMCL-00132,TUFAIL ABBAS SB RANGPUR,,,General,16840,2026-03-18T00:00:00,True,,False,,,,,,,,,,2026-03-18T16:34:42.142652
133,FBMCL-00133,MALIK USMAN SB JPS,,,General,2348,2026-03-18T00:00:00,True,,False,,,,,,,,,,2026-03-18T16:37:47.735462
134,FBMCL-00134,MUHAMMAD QASIM SB MALIKPUR,,,General,0,2026-03-24T10:07:43.135535,True,,False,,,,,,,,,,2026-03-24T10:07:43.137463
135,FBMCL-00135,BASHEER SHAH SB GHURAIRA( KAKU SHAH),,,General,0,2026-03-24T14:37:23.840021,True,,False,,,,,,,,,,2026-03-24T14:37:23.840588
136,FBMCL-00136,MUZAFFAR SB RUPOWAL,,,General,0,2026-03-25T10:08:57.511241,True,,False,,,,,,,,,,2026-03-25T10:08:57.511694
137,FBMCL-00137,AHMED SB DHINDA,,DHINDA,General,33602,2026-03-25T10:47:41.613291,True,,False,,,,,,,,,,2026-03-25T10:47:41.613810
138,FBMCL-00138,FAROOQ KALAS SB PARSUWAL,,,General,0,2026-03-25T00:00:00,True,,False,,,,,,,,,,2026-03-25T12:56:15.166093
139,FBMCL-00139,SHEHZAD SB DOIYAN,,,General,35422,2026-02-18T00:00:00,True,,False,,,,,,,,,,2026-03-25T15:47:51.038887
140,FBMCL-00140,ABDUL GHAFFAR SB JPS,,,General,506613,2026-03-17T00:00:00,True,,False,,,,,,,,,,2026-03-26T12:35:34.678777
141,FBMCL-00141,SUBEDAR RIAZ SB JPS (HAJI ASHFAQ SB JPS),,,General,0,2026-03-26T13:33:34.158109,True,,False,,,,,,,,,,2026-03-26T13:33:34.158772
142,FBMCL-00142,SIR JABIR SB JPS,,,General,21710,2026-03-26T14:34:03.471143,True,,False,,,,,,,,,,2026-03-26T14:34:03.471761
143,FBMCL-00143,RAZA TARIQ SB MALIKPUR,,,General,0,2026-03-26T14:49:05.513283,True,,False,,,,,,,,,,2026-03-26T14:49:05.513862
144,FBMCL-00144,GALI CONCRETE MALIKPUR MIRZA,,,General,57283,2026-03-26T15:17:15.205723,True,,False,,,,,,,,,,2026-03-26T15:17:15.206209
145,FBMCL-00145,MASTER ZAHOOR SB JPS,,,General,0,2026-03-26T17:14:40.381637,True,,False,,,,,,,,,,2026-03-26T17:14:40.382336
146,FBMCL-00146,ABDUL SATTAR SB DHINDA FARM,,,General,4000,2026-03-26T00:00:00,True,,False,,,,,,,,,,2026-03-26T17:28:43.944452
147,FBMCL-00147,MUHAMMAD RAZAQ SB JPS,,,General,0,2026-03-28T11:33:20.911171,True,,False,,,,,,,,,,2026-03-28T11:33:20.911838
148,FBMCL-00148,MUHAMMAD AFZAL SB DUKANDAR GHURAL,,,General,0,2026-03-28T13:32:53.243945,True,,False,,,,,,,,,,2026-03-28T13:32:53.244590
149,FBMCL-00149,NAEEM SB KHANPUR KHOKHAR,,,General,0,2026-03-28T13:36:30.145834,True,,False,,,,,,,,,,2026-03-28T13:36:30.146418
150,FBMCL-00150,MUHAMMAD AKRAM SB SANTAL SURKHIYAN,,,General,0,2026-03-28T16:50:30.346257,True,,False,,,,,,,,,,2026-03-28T16:50:30.346915
151,FBMCL-00151,MALIK MEHMOOD SB PARSUWAL,,,General,0,2026-03-29T00:00:00,True,,False,,,,,,,,,,2026-03-29T10:24:27.309944
152,FBMCL-00152,GULZAAR SB GHURAIRA,,,General,0,2026-03-29T11:54:40.195499,True,,False,,,,,,,,,,2026-03-29T11:54:40.196101
153,FBMCL-00153,RAJA ALTAF SB JPS,,,General,4964,2026-03-29T12:14:13.819011,True,,False,,,,,,,,,,2026-03-29T12:14:13.819864
154,FBMCL-00154,MUHAMMAD ABID SB KOANKH,,,General,0,2026-03-29T14:27:01.477321,True,,False,,,,,,,,,,2026-03-29T14:27:01.477938
155,FBMCL-00155,ANSAR SB DOIYAN,,,General,0,2026-03-28T00:00:00,True,,False,,,,,,,,,,2026-03-29T15:01:05.215147
156,FBMCL-00156,MUHANNAD ASLAM SB MALIKPUR,,,General,0,2026-03-30T11:57:44.249697,True,,False,,,,,,,,,,2026-03-30T11:57:44.250177
157,FBMCL-00157,MIRZA NAGHMAN SB TIBBA,,,General,0,2026-03-29T00:00:00,True,,False,,,,,,,,,,2026-03-30T12:08:47.271833
158,FBMCL-00158,JAMEEL SB JAGWAN,,,General,0,2026-03-30T17:10:20.244678,True,,False,,,,,,,,,,2026-03-30T17:10:20.245288
159,FBMCL-00159,MUHAMMAD ASGHAR SB DEDHAR SHARIF,,,General,0,2026-03-31T13:15:45.461658,True,,False,,,,,,,,,,2026-03-31T13:15:45.462075
160,FBMCL-00160,MALIK MUHAMMAD ASHRAF SB JPS,,,General,0,2026-04-02T11:04:28.130218,True,,False,,,,,,,,,,2026-04-02T11:04:28.130837
161,FBMCL-00161,EJAZ SB DUKANDAR JALPUWAL,,,General,2662,2026-04-02T00:00:00,True,,False,,,,,,,,,,2026-04-02T11:35:55.508145
162,FBMCL-00162,SHERAZ SB MALIK PUR,,,General,0,2026-04-02T11:51:03.872022,True,,False,,,,,,,,,,2026-04-02T11:51:03.878517
163,FBMCL-00163,YASIR YAQOOB SB DILAWARPUR,,,General,13548,2026-04-03T00:00:00,True,,False,,,,,,,,,,2026-04-03T11:42:34.276929
164,FBMCL-00164,MUHAMMMAD AWAIS SB PARSUWAL,,,General,0,2026-04-03T12:24:41.535153,True,,False,,,,,,,,,,2026-04-03T12:24:41.535637
165,FBMCL-00165,SHEHZAD BAIG SB KOANKH,,,General,93772,2026-04-03T00:00:00,True,,False,,,,,,,,,,2026-04-03T13:38:20.139184
166,FBMCL-00166,HAJI ASHRAF SB KOANKH(MALIK ILYAS),,,General,0,2026-04-03T14:41:09.007505,True,,False,,,,,,,,,,2026-04-03T14:41:09.008118
167,FBMCL-00167,CH MUHAMMAD AKRAM RIHANIA SB JPS,,,General,0,2026-04-03T14:58:30.730541,True,,False,,,,,,,,,,2026-04-03T14:58:30.731177
168,FBMCL-00168,ABDUL REHMAN SB JPS(ZAFAR CONT),,,General,0,2026-04-03T15:32:13.231704,True,,False,,,,,,,,,,2026-04-03T15:32:13.232657
169,FBMCL-00169,MUHAMMAD SHABEER SB CONT TIBBA AJNALA,,,General,0,2026-04-05T12:10:11.687951,True,,False,,,,,,,,,,2026-04-05T12:10:11.688827
170,FBMCL-00170,RANA ZAHEER ABBAS SB KHAN COLONY JPS,,,General,0,2026-04-05T16:03:03.293256,True,,False,,,,,,,,,,2026-04-05T16:03:03.293906
171,FBMCL-00171,FAKHAR SHAH SB AJNALA,,,General,0,2026-04-06T14:11:40.203274,True,,False,,,,,,,,,,2026-04-06T14:11:40.205605
172,FBMCL-00172,SAIF ULLAH SB KOANKH,,,General,0,2026-04-06T14:58:44.290128,True,,False,,,,,,,,,,2026-04-06T14:58:44.290580
173,FBMCL-00173,CASH SALE FBM,,,General,0,2026-04-14T15:22:11.073258,True,,False,,,,,,,,,,2026-04-14T15:22:11.075002
174,FBMCL-00174,NIKE ASIF SB KOANKH(QARI EJAZ SB),,,General,26935,2026-04-15T15:39:18.097270,True,,False,,,,,,,,,,2026-04-15T15:39:18.099489
175,FBMCL-00175,MUHAMMAD ARSHAD SB GHURAL (SUBEDAR QADAR DAD SB),,,General,1250,2026-04-16T13:50:44.104604,True,,False,,,,,,,,,,2026-04-16T13:50:44.105433
176,FBMCL-00176,TARIQ MEHMOOD SB MALIKPUR,,,General,-1100,2026-04-16T00:00:00,True,,False,,,,,,,,,,2026-04-16T15:30:14.917586
177,FBMCL-00177,MUHAMMAD ARIF BAIG SB KOANKH (KAMRAN NUMBERDAR),,,General,0,2026-04-16T00:00:00,True,,False,,,,,,,,,,2026-04-16T15:54:45.295244
178,FBMCL-00178,ZEESHAN ATTARI SB JPS,,,General,0,2026-04-17T10:09:06.734401,True,,False,,,,,,,,,,2026-04-17T10:09:06.735025
179,FBMCL-00179,ANWAR BAIG SB MADRISA KOANKH,,,General,0,2026-04-17T13:22:55.352434,True,,False,,,,,,,,,,2026-04-17T13:22:55.354342
180,FBMCL-00180,WAHEED SB KOANKH,,,General,0,2026-04-17T14:28:09.620331,True,,False,,,,,,,,,,2026-04-17T14:28:09.621016
181,FBMCL-00181,ASIF SB KOANKH ADNAN SB CLASS MATE,,,General,0,2026-04-19T10:56:49.744262,True,,False,,,,,,,,,,2026-04-19T10:56:49.744897
182,FBMCL-00182,IBRAR ASHRAF SB MALIKPUR,,,General,0,2026-04-20T12:18:09.318044,True,,False,,,,,,,,,,2026-04-20T12:18:09.318678
183,FBMCL-00183,NAEEM ABBAS SB PARSUWAL,,,General,0,2026-04-20T14:51:18.677763,True,,False,,,,,,,,,,2026-04-20T14:51:18.678250
184,FBMCL-00184,QAISER SB HAZARA,,,General,0,2026-04-21T09:55:27.695917,True,,False,,,,,,,,,,2026-04-21T09:55:27.696383
185,FBMCL-00185,DAWOOD SB HAZARA,,,General,0,2026-04-21T10:15:27.114240,True,,False,,,,,,,,,,2026-04-21T10:15:27.114771
186,FBMCL-00186,SAFDAR ALI SB AJNALA (ASLAM CONT),0333-8463912,,General,0,2026-04-21T12:39:54.256801,True,,False,,,,,,,,,,2026-04-21T12:39:54.257330
187,FBMCL-00187,MASJID YOUNS BUTT SB JPS,,,General,0,2026-04-21T00:00:00,True,,False,,,,,,,,,,2026-04-21T13:39:32.605730
188,FBMCL-00188,RAFAQAT HUSSAIN SB MALIK (MASJID),,,General,0,2026-04-22T09:18:58.118216,True,,False,,,,,,,,,,2026-04-22T09:18:58.136760
189,FBMCL-00189,IRFAN SB JPS (ATEEQ SB),,,General,0,2026-04-22T11:50:22.143779,True,,False,,,,,,,,,,2026-04-22T11:50:22.148152
190,FBMCL-00190,AZHAR BUTT SB JPS BUTT SWEETS,,,General,0,2026-04-22T13:24:19.988870,True,,False,,,,,,,,,,2026-04-22T13:24:19.990261
191,FBMCL-00191,MIRZA REHMAN SB JPS,,,General,0,2026-04-25T09:52:21.145638,True,,False,,,,,,,,,,2026-04-25T09:52:21.160157
192,FBMCL-00192,DR AMIN SB JPS,,,General,0,2026-04-25T13:09:45.679902,True,,False,,,,,,,,,,2026-04-25T13:09:45.680572
193,FBMCL-00193,ARSALAN SB GHURAL(SALMAAN SB GHURAL),,,General,0,2026-04-25T00:00:00,True,,False,,,,,,,,,,2026-04-25T13:10:13.059123
194,FBMCL-00194,DR LATEEF SB JPS,,,General,0,2026-04-25T00:00:00,True,,False,,,,,,,,,,2026-04-25T13:10:45.260015
195,FBMCL-00195,SALMAAN SB GHURAL (GOGA SB GHURAL),,,General,0,2026-04-25T14:22:54.269171,True,,False,,,,,,,,,,2026-04-25T14:22:54.269597
196,FBMCL-00196,FBM WHERE HOUSE,,,General,0,2026-04-25T15:59:56.932245,True,,False,,,,,,,,,,2026-04-25T15:59:56.932816
197,FBMCL-00197,RAOOF SB GHURAL,,,General,0,2026-04-28T14:39:18.630213,True,,False,,,,,,,,,,2026-04-28T14:39:18.632800
198,FBMCL-00198,ABDULLAH SB HANDA STOP,,,General,0,2026-04-28T15:26:47.411240,True,,False,,,,,,,,,,2026-04-28T15:26:47.411989
199,FBMCL-00199,SAEED KHAN SN JPS KOANKH,,,General,0,2026-04-29T09:09:37.219499,True,,False,,,,,,,,,,2026-04-29T09:09:37.221347
200,FBMCL-00200,HDC SYED TASSAWAR SHAH SB MALIKPUR SITE,,,General,0,2026-04-30T15:25:10.636286,True,,False,,,,,,,,,,2026-04-30T15:25:10.641700
201,FBMCL-00201,DILAWAR HUSSAIN SB GHURAL,,,General,750,2026-05-02T00:00:00,True,,False,,,,,,,,,,2026-05-02T13:10:40.151117
202,FBMCL-00202,HAFIZ ABDUL JABBAR SB RANGPUR,,,General,0,2026-05-02T14:22:02.090538,True,,False,,,,,,,,,,2026-05-02T14:22:02.092710
203,FBMCL-00203,WAJID SB AJNALA,,,General,2448,2026-05-04T10:27:24.571561,True,,False,,,,,,,,,,2026-05-04T10:27:24.572048
204,FBMCL-00204,SHEHZAD SB GHURAIRA,,,General,0,2026-05-04T11:35:07.156007,True,,False,,,,,,,,,,2026-05-04T11:35:07.159120
205,FBMCL-00205,IRFAN SB DEDHAR SHARIF,0326-7560553,,General,0,2026-05-04T00:00:00,True,,False,,,,,,,,,,2026-05-04T12:35:57.951015
206,FBMCL-00206,SAFDAR ALI SB AJNALA,,,General,0,2026-05-06T11:18:22.778481,False,,False,,,,,,,,,,2026-05-06T11:18:22.779610
207,FBMCL-00207,MALIK NAVEED SB KHAN PUR KHOKHAR,,,General,0,2026-05-09T09:00:37.259727,True,,False,,,,,,,,,,2026-05-09T09:00:37.261549
208,FBMCL-00208,MIRZA YOUNUS SB JPS,,,General,0,2026-05-12T13:02:16.561760,True,,False,,,,,,,,,,2026-05-12T13:02:16.566130
209,FBMCL-00209,SHABEEB SB KANIYAN,,,General,0,2026-05-13T11:53:53.975235,True,,False,,,,,,,,,,2026-05-13T11:53:53.976519
210,FBMCL-00210,AFGHAN SB GHURAL,,,General,0,2026-05-13T12:06:14.773359,True,,False,,,,,,,,,,2026-05-13T12:06:14.775599
211,FBMCL-00211,ALI AKBAR SB DHINDA,0327-9131489,,General,0,2026-05-13T00:00:00,True,,False,,,,,,,,,,2026-05-13T12:31:27.421454
212,FBMCL-00212,MIRZA NAZAR BAIG SB KOANKH,,,General,0,2026-05-13T14:56:04.696573,True,,False,,,,,,,,,,2026-05-13T14:56:04.697118
213,FBMCL-00213,HAFIZ NASIR SB GHURAL,,,General,0,2026-05-14T15:53:30.152429,True,,False,,,,,,,,,,2026-05-14T15:53:30.155196
214,FBMCL-00214,IMRAN SB CHACHUWAL,,,General,0,2026-05-17T13:34:18.673778,True,,False,,,,,,,,,,2026-05-17T13:34:18.675613
215,FBMCL-00215,CH IMRAN SB JPS,,,General,23649,2026-05-18T00:00:00,True,,False,,,,,,,,,,2026-05-18T16:03:16.401095
216,FBMCL-00216,SAGHEER BAIG SB KOANKH,,,General,0,2026-05-19T00:00:00,True,,False,,,,,,,,,,2026-05-19T12:18:00.859649
217,FBMCL-00217,MIRZA SHAMSHEED SB BHUCH,,,General,0,2026-05-19T12:46:43.325495,True,,False,,,,,,,,,,2026-05-19T12:46:43.326006
218,FBMCL-00218,RAZAQ SB KHANPUR KHOKHAR,,,General,0,2026-05-21T12:41:02.272910,True,,False,,,,,,,,,,2026-05-21T12:41:02.276830
219,FBMCL-00219,MUHAMMAD ARSHAD SB MARRIAGE HALL JPS,,,General,47359,2026-05-22T00:00:00,True,,False,,,,,,,,,,2026-05-22T13:03:06.936282
220,FBMCL-00220,GHULAM GHOUS SB JPS,,,General,0,2026-05-23T11:18:47.366479,True,,False,,,,,,,,,,2026-05-23T11:18:47.368682
221,TEST-REFUND-1,Test Refund Client,,,General,0,2026-05-26T12:29:11.909507,True,,False,,,,,,,,,,2026-05-26T12:29:11.909507
222,TEST-REFUND-FULL-20260526123710,Test Refund Full 20260526123710,,,General,0,2026-05-26T12:37:10.217031,True,,False,,,,,,,,,,2026-05-26T12:37:10.217031
223,TEST-REFUND-FULL-20260526123818,Test Refund Full 20260526123818,,,General,0,2026-05-26T12:38:18.593487,True,,False,,,,,,,,,,2026-05-26T12:38:18.593487
224,FBMCL-00221,MIRZA AKHTAR BAIG SB KOANKH,,,General,30986,2026-05-30T14:49:28.360338,True,,False,,,,,,,,,,2026-05-30T14:49:28.361572
225,FBMCL-00222,ILYAS RIHANIA SB JPS,,,General,0,2026-05-30T17:14:34.012536,True,,False,,,,,,,,,,2026-05-30T17:14:34.012995
226,FBMCL-00223,MUHAMMAD RIAZ SB KOANKH,,,General,0,2026-05-30T17:28:02.471320,True,,False,,,,,,,,,,2026-05-30T17:28:02.472282
227,FBMCL-00224,ATIF BAIG SB KOANKH,,,General,0,2026-05-31T13:21:18.164113,True,,False,,,,,,,,,,2026-05-31T13:21:18.164774
228,FBMCL-00225,SIKANDAR SB JAGUWAN,,,General,0,2026-05-31T14:21:47.768839,True,,False,,,,,,,,,,2026-05-31T14:21:47.769289
229,FBMCL-00226,SUHAIL SB JPS (SHAFEEQ HARDWARE JPS),,,General,26220,2026-06-03T00:00:00,True,,False,,,,,,,,,,2026-06-08T09:17:33.410989
230,FBMCL-00227,ASIF SB DERHA HANDA,,,General,0,2026-06-08T12:18:22.845417,True,,False,,,,,,,,,,2026-06-08T12:18:22.847049
231,FBMCL-00228,SHEHBAZ SB RANGPUR,,,General,131757,2026-06-08T00:00:00,True,,False,,,,,,,,,,2026-06-08T13:11:47.431673
232,FBMCL-00229,SARWAR SB MASON,,,General,0,2026-06-08T13:46:23.739402,True,,False,,,,,,,,,,2026-06-08T13:46:23.740119
233,FBMCL-00230,SULTAN BAIG SB PARSUWAL,,,General,18850,2026-06-03T00:00:00,True,,False,,,,,,,,,,2026-06-08T13:55:14.545172
234,FBMCL-00231,MISTRI SUHAIL SB DHINDA,,,Walking-Customer,0,2026-06-08T14:25:47.918026,True,,False,,,,,,,,,,2026-06-08T14:25:47.918833
235,FBMCL-00232,SHABEER HUSSAIN SB PARSUWAL,,,General,0,2026-06-08T14:31:32.703845,True,,False,,,,,,,,,,2026-06-08T14:31:32.704420
236,FBMCL-00233,NAZIM GUJJAR SB JPS,,,General,0,2026-06-08T14:34:39.424597,True,,False,,,,,,,,,,2026-06-08T14:34:39.425091
237,FBMCL-00234,MIRZA ANSAR BAIG SB KOANKH,,,Walking-Customer,0,2026-06-08T14:45:32.037974,True,,False,,,,,,,,,,2026-06-08T14:45:32.038735
238,FBMCL-00235,NASAR IQBAL BUTT SB JPS,,,General,0,2026-06-08T16:58:12.703320,True,,False,,,,,,,,,,2026-06-08T16:58:12.707321
239,FBMCL-00236,ALI SB KOANKH,,,Walking-Customer,0,2026-06-08T17:02:54.119177,True,,False,,,,,,,,,,2026-06-08T17:02:54.120177
240,FBMCL-00237,GHAZANFAR SB BHUCH,,,Walking-Customer,0,2026-06-08T17:04:55.547122,True,,False,,,,,,,,,,2026-06-08T17:04:55.548121
241,FBMCL-00238,SHEHZAD BUTT SB KOANKH,,,Walking-Customer,0,2026-06-08T17:10:12.078439,True,,False,,,,,,,,,,2026-06-08T17:10:12.079440
242,FBMCL-00239,AURANGZEB SB KOANKH,,,Open Khata,0,2026-06-09T08:36:11.544630,True,,False,,,,,,,,,,2026-06-09T08:36:11.965051
243,FBMCL-00240,ABDUL AZIZ SB DEDHAR SHARIF,,,General,0,2026-06-09T09:18:07.735295,True,,False,,,,,,,,,,2026-06-09T09:18:07.738294
244,FBMCL-00241,RAJA MUDASIR SB JPS,,,General,0,2026-06-09T13:01:25.143308,True,,False,,,,,,,,,,2026-06-09T13:01:25.149307
245,FBMCL-00242,KHALIL AHMED SB DHINDA KALAAN,,,General,0,2026-06-09T13:14:10.488227,True,,False,,,,,,,,,,2026-06-09T13:14:10.489226
246,FBMCL-00243,ALI SHAN SB RANGRA,,,General,0,2026-06-10T12:26:28.241415,True,,False,,,,,,,,,,2026-06-10T12:26:28.241415
247,FBMCL-00244,SHAMRAIZ SB JAGUWAN,,,General,0,2026-06-10T13:03:30.118229,True,,False,,,,,,,,,,2026-06-10T13:03:30.118229
248,FBMCL-00245,SYED SHAFQAT ABBAS SB GHURAIRA,,,General,0,2026-06-10T15:07:56.978710,True,,False,,,,,,,,,,2026-06-10T15:07:56.979708
249,FBMCL-00246,SHEHBAZ SB RANGPUR,,,General,0,2026-06-15T15:50:30.015221,False,,False,,,,,,,,,,2026-06-15T15:50:30.017675
250,FBMCL-00247,YOUNIS GHAFFARI SB JPS,,,General,13824,2026-06-15T16:25:04.104685,True,,False,,,,,,,,,,2026-06-15T16:25:04.105699
251,FBMCL-00248,HAJI AKRAM SB CONT DOYIAN,,,General,0,2026-06-16T10:34:48.072213,True,,False,,,,,,,,,,2026-06-16T10:34:48.075207
252,FBMCL-00249,AZHAR HUSSAIN SB JALPOWAL,,,General,0,2026-06-16T11:05:43.915536,True,,False,,,,,,,,,,2026-06-16T11:05:43.916097
253,FBMCL-00250,BILAL SB GHURAL WELDER,,,General,0,2026-06-16T12:02:01.495139,True,,False,,,,,,,,,,2026-06-16T12:02:01.497001
254,FBMCL-00251,RAJA M FARAZ SB RANGPUR,,,General,0,2026-06-16T13:22:16.406667,True,,False,,,,,,,,,,2026-06-16T13:22:16.407145
255,FBMCL-00252,SHAHID SB JPS,,,General,0,2026-06-16T14:41:15.009806,True,,False,,,,,,,,,,2026-06-16T14:41:15.010414
256,FBMCL-00253,KHALID SB HANDA DERHA,,,General,0,2026-06-16T14:52:11.366843,True,,False,,,,,,,,,,2026-06-16T14:52:11.367628
257,FBMCL-00254,MANI BUTT SB BLOCK FACTORY JPS,,,General,0,2026-06-17T08:41:19.928268,True,,False,,,,,,,,,,2026-06-17T08:41:19.929379
258,FBMCL-00255,MALIK SHEHBAZ SB DHINDA,,,General,33944,2026-06-08T00:00:00,True,,False,,,,,,,,,,2026-06-17T12:55:17.698503
259,FBMCL-00256,MUHAMMAD ARSHAD SB DHINDA POTAN WALAY,,,General,0,2026-06-17T12:56:12.727655,True,,False,,,,,,,,,,2026-06-17T12:56:12.728262
260,FBMCL-00257,JAHANGIR LOADER PARSUWAL,,,General,0,2026-06-18T09:00:29.189887,True,,False,,,,,,,,,,2026-06-18T09:00:29.192444
261,FBMCL-00258,SHEHZAD SB SHOP,,,General,0,2026-06-18T09:08:35.091982,True,,False,,,,,,,,,,2026-06-18T09:08:35.092564
262,FBMCL-00259,ASIM SB KOANKH,,,General,0,2026-06-18T14:58:18.668159,True,,False,,,,,,,,,,2026-06-18T14:58:18.668590
263,FBMCL-00260,HDC MEHAR MEHDI SB JPS,,,General,0,2026-06-19T12:30:52.918708,True,,False,,,,BN3-268,,,,,BN3-268,2026-06-19T12:30:52.919544
264,FBMCL-00261,MUSHTAQ SB JPS,,,General,0,2026-06-20T10:09:45.866239,True,,False,,,,,,,,,,2026-06-20T10:09:45.866814
265,FBMCL-00262,GHULAM MURTZA SB KOANKH,,,General,0,2026-06-20T11:43:15.503224,True,,False,,,,,,,,,,2026-06-20T11:43:15.503683
266,FBMCL-00263,QAISER SB JPS,,,General,0,2026-06-20T00:00:00,True,,False,,,,,,,,,,2026-06-20T13:30:39.548910
267,FBMCL-00264,RAJA ARSHAD SB JAGUWAN,,,General,0,2026-06-24T12:56:30.323752,True,,False,,,,,,,,,,2026-06-24T12:56:30.325230
268,FBMCL-00265,MALIK TAYYAB SB KHANPUR KHOKHAR,,,General,0,2026-06-27T10:48:06.994821,True,,False,,,,,,,,,,2026-06-27T10:48:06.996673
269,FBMCL-00266,HAFIZ ZEESHAN SB GHURAIRA,,,General,0,2026-06-27T12:59:20.982990,True,,False,,,,,,,,,,2026-06-27T12:59:20.983430
270,FBMCL-00267,ASIF SB KOANKH,,,General,0,2026-06-29T10:48:47.468585,True,,False,,,,,,,,,,2026-06-29T10:48:47.470379
271,FBMCL-00268,SHAHZAIB FAROOQ SB ALAM GARH,,,General,0,2026-06-29T16:48:04.587869,True,,False,,,,,,,,,,2026-06-29T16:48:04.588643
272,FBMCL-00269,NADEEM BUTT SB JPS,,,General,0,2026-07-08T15:10:10.445871,True,,False,,,,,,,,,,2026-07-08T15:10:10.447517
273,FBMCL-00270,YASIR JAVED SB  JPS,,,General,0,2026-07-12T10:23:46.301235,True,,False,,,,,,,,,,2026-07-12T10:23:46.302610
274,FBMCL-00271,SAJID SB GHURAL ( BOBY DRIVER ),,,General,0,2026-07-13T00:00:00,True,,False,,,,,,,,,,2026-07-13T12:26:55.927079
275,FBMCL-00272,SHAMRAIZ SB HANDA STOP,,,General,0,2026-07-14T11:47:40.847284,True,,False,,,,,,,,,,2026-07-14T11:47:40.852912
276,FBMCL-00273,KHAYAM SB MALIKPUR,,,General,0,2026-07-15T09:35:47.756114,True,,False,,,,,,,,,,2026-07-15T09:35:47.756716
277,FBMCL-00274,HAJI AMANAT SB KHARANA,,,General,0,2026-07-15T15:35:45.414010,True,,False,,,,,,,,,,2026-07-15T15:35:45.414439
278,FBMCL-00275,UMER HAYAT SB AJNALA,,,General,0,2026-07-16T12:57:13.739633,True,,False,,,,,,,,,,2026-07-16T12:57:13.741437
279,FBMCL-00276,MASTER JAMSHAID SB AJNALA,,,General,0,2026-07-19T13:09:45.646842,True,,False,,,,,,,,,,2026-07-19T13:09:45.648178
280,FBMCL-00277,TANVEER SB DHINDA,,,General,0,2026-07-19T16:05:37.250189,True,,False,,,,,,,,,,2026-07-19T16:05:37.250969
281,FBMCL-00278,EHSAN SB LOADER PARSUWAL,,,General,0,2026-07-19T17:38:37.835676,True,,False,,,,,,,,,,2026-07-19T17:38:37.836121
282,FBLCL;00394,COMPANY LOADER,,RANGPUR,General,0,2026-07-24T00:00:00,True,,False,,,,,,,,,,2026-07-24T12:03:52.915391
283,FBMCL-00279,FAROOQ SB GHURAIRA,0322-4762785,,General,0,2026-07-25T09:05:17.591100,True,,False,,,,,,,,,,2026-07-25T09:05:17.591525
284,FBMCL-00280,HAFIZ IFTIKHAR SB JPS,,,General,0,2026-07-25T16:55:55.579432,True,,False,,,,,,,,,,2026-07-25T16:55:55.579919
285,FBMCL-00281,MEHAR SHAFIQ HARDWARE STORE JPS,,,General,0,2026-07-27T11:09:39.093611,True,,False,,,,,,,,,,2026-07-27T11:09:39.095329
286,FBMCL-00282,MUHMMAD SHAREEF SB DHINDA,,,General,24370,2026-07-27T00:00:00,True,,False,,,,,,,,,,2026-07-27T14:35:31.137187
287,FBMCL-00283,RAJA MUHAMMAD ZARAAR RANGPUR,,,General,4300,2026-07-28T00:00:00,True,,False,,,,,,,,,,2026-07-28T09:03:49.833029
288,FBMCL-00284,KHAWAR SB CONT DHINDA,,,General,0,2026-07-28T16:40:01.877433,True,,False,,,,,,,,,,2026-07-28T16:40:01.878014
289,FBMCL-00285,MUHAMMAD YOUSUF SB GHURAIRA,,,General,0,2026-07-29T16:31:10.727930,True,,False,,,,,,,,,,2026-07-29T16:31:10.729724
290,FBMCL-00286,MUJEEB KHAN SB KOANKH,,,General,0,2026-07-30T16:35:48.132016,True,,False,,,,,,,,,,2026-07-30T16:35:48.133487
291,FBMCL-00287,ASIF SB LOADER JPS,,,General,0,2026-08-01T15:36:00.438584,True,,False,,,,,,,,,,2026-08-01T15:36:00.439497
292,FBMCL-00288,RASHEED AHMED SB JPS,,,General,0,2026-08-03T11:21:31.995869,True,,False,,,,,,,,,,2026-08-03T11:21:31.996614
293,FBMCL-00289,ALI SHAN SB HANDA,,,General,0,2026-08-04T11:54:17.846209,True,,False,,,,,,,,,,2026-08-04T11:54:17.849038
294,00446,AKAS AMJAD RANG PUR,,RANGPUR,General,41000,2026-08-05T00:00:00,True,,False,,,,366,,,,,366,2026-08-05T16:28:12.801198
295,FBMCL-00290,SHEHZAD KHAN SB DHINDA,,,General,0,2026-08-07T11:04:17.448168,True,,False,,,,,,,,,,2026-08-07T11:04:17.448685
296,FBMCL-00291,MALIK ZUBAIR HUSSIAN PARLY KOTHY,,,General,0,2026-08-11T16:03:01.630020,True,,False,,,,388 | 389,,,,,388 | 389,2026-08-11T16:03:01.637329
297,FBMCL-00292,MUBASHIR SB KHANPUR KHOKHAR,0329-7576817,,General,0,2026-08-12T12:59:44.477376,True,,False,,,,,,,,,,2026-08-12T12:59:44.482022
298,FBMCL-00293,ISHTAIQ BOUCH,,BOUCH,General,0,2026-08-13T13:45:47.639442,True,,False,,,,,,,,,,2026-08-13T13:45:47.640044
299,FBMCL-00294,CH SHOUKT AJNALA,,AJNALA,General,0,2026-08-13T14:12:29.746789,True,,False,,,,,,,,,,2026-08-13T14:12:29.747292
300,FBMCL-00295,FAISAL SB JPS,,,General,2775,2026-08-13T00:00:00,True,,False,,,,,,,,,,2026-08-13T14:33:17.644995
301,FBMCL-00296,MALIK IQBAL SB MALIKPUR,,,General,0,2026-08-13T16:46:54.745076,True,,False,,,,,,,,,,2026-08-13T16:46:54.746756
302,FBMCL-00297,MALIK IQBAL SB MALIKPUR,,,General,0,2026-08-13T16:54:16.270095,False,,False,,,,,,,,,,2026-08-13T16:54:16.270511
303,FBMCL-00298,ARSHAD SB DILAWARPUR,,,General,0,2026-08-14T09:21:53.653200,True,,False,,,,,,,,,,2026-08-14T09:21:53.654516
304,FBMCL-00299,JHANGIR SB MALIKPUR,,,General,0,2026-08-14T11:15:36.223633,True,,False,,,,,,,,,,2026-08-14T11:15:36.225845
305,FBMCL-00300,SUFYAN BAIG SB HAJIA KOANKH,,,General,0,2026-08-14T11:39:47.188424,True,,False,,,,,,,,,,2026-08-14T11:39:47.188958
306,FBMCL-00301,FAUJI EJAZ AHMED SB JPS,,,General,0,2026-08-16T11:17:42.488073,True,,False,,,,,,,,,,2026-08-16T11:17:42.489380
307,FBMCL-00302,MALIK ARSHAD SB JPS,,,General,0,2026-08-16T14:43:50.761817,True,,False,,,,,,,,,,2026-08-16T14:43:50.762302
308,FBMCL-00303,GHULAM MUSTAFA SB KOANKH,,,General,0,2026-08-17T12:46:05.251185,True,,False,,,,,,,,,,2026-08-17T12:46:05.252141
309,FBMCL-00304,ZEESHAN ALI SB AJNALA,,,General,0,2026-08-19T13:36:41.740344,True,,False,,,,,,,,,,2026-08-19T13:36:41.744493
310,FBMCL-00305,MUHAMMAD SHAFIQUE SB AJNALA,,,General,0,2026-08-20T10:39:50.477165,True,,False,,,,,,,,,,2026-08-20T10:39:50.481097
311,FBMCL-00306,CH SUBHANI SB AJNALA (SHABEER SB CONT),,,General,31050,2026-08-10T00:00:00,True,,False,,,,,,,,,,2026-08-20T11:27:37.376621
312,FBMCL-00307,FBM TO HDC,,,General,0,2026-08-20T13:47:29.205548,True,,False,,,,,,,,,,2026-08-20T13:47:29.206363
313,FBMCL-00308,NAEEM SB KOANKH,,KOANKH ,General,0,2026-08-21T11:45:23.287733,True,,False,,,,,,,,,,2026-08-21T11:45:23.288471
314,FBMCL-00309,AMJAD SB PEROSHAH,,,General,0,2026-08-23T14:29:10.231301,True,,False,,,,,,,,,,2026-08-23T14:29:10.237502
315,FBMCL-00310,FBM WARE HOUSE 2,,,General,0,2026-08-24T00:00:00,True,,False,,,,,,,,,,2026-08-24T12:44:02.829990
316,ORPH-00001,Orphan1,,,Orphan,0,,True,,False,,,,,,,,,"[MIGRATION] ORPHAN RECOVERY. Original client name: ""Gujr Trader DG Kohat Fauji"". Original client code: (no code). Recovered legacy rows: entry=21. This client did not exist in the legacy `client` table; rename/merge it manually once identified.",2026-08-28T13:18:57
317,ORPH-00002,Orphan2,,,Orphan,0,,True,,False,,,,,,,,,"[MIGRATION] ORPHAN RECOVERY. Original client name: ""CASH SALE"". Original client code: (no code). Recovered legacy rows: direct_sale=6, entry=6, pending_bill=6. This client did not exist in the legacy `client` table; rename/merge it manually once identified.",2026-08-28T13:18:57
318,ORPH-00003,Orphan3,,,Orphan,0,,True,,False,,,,,,,,,"[MIGRATION] ORPHAN RECOVERY. Original client name: ""Zia Traders"". Original client code: (no code). Recovered legacy rows: entry=14. This client did not exist in the legacy `client` table; rename/merge it manually once identified.",2026-08-28T13:18:57
319,ORPH-00004,Orphan4,,,Orphan,0,,True,,False,,,,,,,,,"[MIGRATION] ORPHAN RECOVERY. Original client name: ""SHAMRAIZ SB KANIYAN"". Original client code: (no code). Recovered legacy rows: direct_sale=2, entry=6, pending_bill=2, waive_off=2. This client did not exist in the legacy `client` table; rename/merge it manually once identified.",2026-08-28T13:18:57
320,ORPH-00005,Orphan5,,,Orphan,0,,True,,False,,,,,,,,,"[MIGRATION] ORPHAN RECOVERY. Original client name: ""AMIR SB AJNALA"". Original client code: (no code). Recovered legacy rows: direct_sale=2, entry=5, pending_bill=2, waive_off=2. This client did not exist in the legacy `client` table; rename/merge it manually once identified.",2026-08-28T13:18:57
321,ORPH-00006,Orphan6,,,Orphan,0,,True,,False,,,,,,,,,"[MIGRATION] ORPHAN RECOVERY. Original client name: ""MOHSIN SB PARSUWAL"". Original client code: (no code). Recovered legacy rows: direct_sale=2, entry=5, pending_bill=2, waive_off=1. This client did not exist in the legacy `client` table; rename/merge it manually once identified.",2026-08-28T13:18:57
322,ORPH-00007,Orphan7,,,Orphan,0,,True,,False,,,,,,,,,"[MIGRATION] ORPHAN RECOVERY. Original client name: ""MUBASHIR SB DHINDA"". Original client code: (no code). Recovered legacy rows: direct_sale=2, entry=4, pending_bill=2, waive_off=1. This client did not exist in the legacy `client` table; rename/merge it manually once identified.",2026-08-28T13:18:57
323,ORPH-00008,Orphan8,,,Orphan,0,,True,,False,,,,,,,,,"[MIGRATION] ORPHAN RECOVERY. Original client name: ""MUHAMMAD ALI SB KOANKH"". Original client code: (no code). Recovered legacy rows: direct_sale=2, entry=5, pending_bill=2. This client did not exist in the legacy `client` table; rename/merge it manually once identified.",2026-08-28T13:18:57
324,ORPH-00009,Orphan9,,,Orphan,0,,True,,False,,,,,,,,,"[MIGRATION] ORPHAN RECOVERY. Original client name: ""QAMAR SB TIBBA"". Original client code: (no code). Recovered legacy rows: direct_sale=2, entry=4, pending_bill=2. This client did not exist in the legacy `client` table; rename/merge it manually once identified.",2026-08-28T13:18:57
325,ORPH-00010,Orphan10,,,Orphan,0,,True,,False,,,,,,,,,"[MIGRATION] ORPHAN RECOVERY. Original client name: ""AMANAT SB JPS"". Original client code: (no code). Recovered legacy rows: direct_sale=2, entry=2, pending_bill=2, waive_off=2. This client did not exist in the legacy `client` table; rename/merge it manually once identified.",2026-08-28T13:18:57
326,ORPH-00011,Orphan11,,,Orphan,0,,True,,False,,,,,,,,,"[MIGRATION] ORPHAN RECOVERY. Original client name: ""BILAL SB KOANKH"". Original client code: (no code). Recovered legacy rows: direct_sale=2, entry=4, pending_bill=2. This client did not exist in the legacy `client` table; rename/merge it manually once identified.",2026-08-28T13:18:57
327,ORPH-00012,Orphan12,,,Orphan,0,,True,,False,,,,,,,,,"[MIGRATION] ORPHAN RECOVERY. Original client name: ""CH AWAIZ AJNALA (ASLAM CONT)"". Original client code: (no code). Recovered legacy rows: direct_sale=2, entry=4, pending_bill=2. This client did not exist in the legacy `client` table; rename/merge it manually once identified.",2026-08-28T13:18:57
328,ORPH-00013,Orphan13,,,Orphan,0,,True,,False,,,,,,,,,"[MIGRATION] ORPHAN RECOVERY. Original client name: ""ADNAN LOADER GHURAIRA"". Original client code: (no code). Recovered legacy rows: direct_sale=2, entry=3, pending_bill=2, waive_off=1. This client did not exist in the legacy `client` table; rename/merge it manually once identified.",2026-08-28T13:18:57
329,ORPH-00014,Orphan14,,,Orphan,0,,True,,False,,,,,,,,,"[MIGRATION] ORPHAN RECOVERY. Original client name: ""ADREES SB RANGPUR"". Original client code: (no code). Recovered legacy rows: direct_sale=1, entry=4, pending_bill=1, waive_off=1. This client did not exist in the legacy `client` table; rename/merge it manually once identified.",2026-08-28T13:18:57
330,ORPH-00015,Orphan15,,,Orphan,0,,True,,False,,,,,,,,,"[MIGRATION] ORPHAN RECOVERY. Original client name: ""SAGHEER SB JPS"". Original client code: (no code). Recovered legacy rows: direct_sale=2, entry=2, pending_bill=2, waive_off=1. This client did not exist in the legacy `client` table; rename/merge it manually once identified.",2026-08-28T13:18:57
331,ORPH-00016,Orphan16,,,Orphan,0,,True,,False,,,,,,,,,"[MIGRATION] ORPHAN RECOVERY. Original client name: ""DR LATIF SB JPS"". Original client code: (no code). Recovered legacy rows: direct_sale=1, entry=4, pending_bill=1, waive_off=1. This client did not exist in the legacy `client` table; rename/merge it manually once identified.",2026-08-28T13:18:57
332,ORPH-00017,Orphan17,,,Orphan,0,,True,,False,,,,,,,,,"[MIGRATION] ORPHAN RECOVERY. Original client name: ""AFZAL NUMBERDAR SB RANGPUR"". Original client code: (no code). Recovered legacy rows: direct_sale=1, entry=4, pending_bill=1, waive_off=1. This client did not exist in the legacy `client` table; rename/merge it manually once identified.",2026-08-28T13:18:57
333,ORPH-00018,Orphan18,,,Orphan,0,,True,,False,,,,,,,,,"[MIGRATION] ORPHAN RECOVERY. Original client name: ""ADEEL SB GHURAIRA"". Original client code: (no code). Recovered legacy rows: direct_sale=1, entry=3, pending_bill=1, waive_off=1. This client did not exist in the legacy `client` table; rename/merge it manually once identified.",2026-08-28T13:18:57
334,ORPH-00019,Orphan19,,,Orphan,0,,True,,False,,,,,,,,,"[MIGRATION] ORPHAN RECOVERY. Original client name: ""CASH"". Original client code: (no code). Recovered legacy rows: direct_sale=2, entry=2, pending_bill=2. This client did not exist in the legacy `client` table; rename/merge it manually once identified.",2026-08-28T13:18:57
335,ORPH-00020,Orphan20,,,Orphan,0,,True,,False,,,,,,,,,"[MIGRATION] ORPHAN RECOVERY. Original client name: ""DILAWAW HUSSAIN SB GHURAL"". Original client code: (no code). Recovered legacy rows: direct_sale=1, entry=3, pending_bill=1, waive_off=1. This client did not exist in the legacy `client` table; rename/merge it manually once identified.",2026-08-28T13:18:57
336,ORPH-00021,Orphan21,,,Orphan,0,,True,,False,,,,,,,,,"[MIGRATION] ORPHAN RECOVERY. Original client name: ""subedar sb dukandar jps"". Original client code: (no code). Recovered legacy rows: direct_sale=1, entry=3, pending_bill=1, waive_off=1. This client did not exist in the legacy `client` table; rename/merge it manually once identified.",2026-08-28T13:18:57
337,ORPH-00022,Orphan22,,,Orphan,0,,True,,False,,,,,,,,,"[MIGRATION] ORPHAN RECOVERY. Original client name: ""ASAD SB DOIYAN (MASJID)"". Original client code: (no code). Recovered legacy rows: direct_sale=1, entry=3, pending_bill=1, waive_off=1. This client did not exist in the legacy `client` table; rename/merge it manually once identified.",2026-08-28T13:18:57
338,ORPH-00023,Orphan23,,,Orphan,0,,True,,False,,,,,,,,,"[MIGRATION] ORPHAN RECOVERY. Original client name: ""ZAMAN SB MALIKPUR"". Original client code: (no code). Recovered legacy rows: direct_sale=1, entry=2, pending_bill=1, waive_off=1. This client did not exist in the legacy `client` table; rename/merge it manually once identified.",2026-08-28T13:18:57
339,ORPH-00024,Orphan24,,,Orphan,0,,True,,False,,,,,,,,,"[MIGRATION] ORPHAN RECOVERY. Original client name: ""YOUSUF SB RANGPUR"". Original client code: (no code). Recovered legacy rows: direct_sale=1, entry=2, pending_bill=1, waive_off=1. This client did not exist in the legacy `client` table; rename/merge it manually once identified.",2026-08-28T13:18:57
340,ORPH-00025,Orphan25,,,Orphan,0,,True,,False,,,,,,,,,"[MIGRATION] ORPHAN RECOVERY. Original client name: ""RIZWAN SB JPS"". Original client code: (no code). Recovered legacy rows: direct_sale=1, entry=2, pending_bill=1, waive_off=1. This client did not exist in the legacy `client` table; rename/merge it manually once identified.",2026-08-28T13:18:57
341,ORPH-00026,Orphan26,,,Orphan,0,,True,,False,,,,,,,,,"[MIGRATION] ORPHAN RECOVERY. Original client name: ""ATIF SB KOANKH"". Original client code: (no code). Recovered legacy rows: direct_sale=1, entry=2, pending_bill=1, waive_off=1. This client did not exist in the legacy `client` table; rename/merge it manually once identified.",2026-08-28T13:18:57
342,ORPH-00027,Orphan27,,,Orphan,0,,True,,False,,,,,,,,,"[MIGRATION] ORPHAN RECOVERY. Original client name: ""Faizan Fecto"". Original client code: (no code). Recovered legacy rows: entry=5. This client did not exist in the legacy `client` table; rename/merge it manually once identified.",2026-08-28T13:18:57
343,ORPH-00028,Orphan28,,,Orphan,0,,True,,False,,,,,,,,,"[MIGRATION] ORPHAN RECOVERY. Original client name: ""GHAZANFAR DOYIAN"". Original client code: (no code). Recovered legacy rows: direct_sale=1, entry=2, pending_bill=1. This client did not exist in the legacy `client` table; rename/merge it manually once identified.",2026-08-28T13:18:57
344,ORPH-00029,Orphan29,,,Orphan,0,,True,,False,,,,,,,,,"[MIGRATION] ORPHAN RECOVERY. Original client name: ""MIRZA SAIF SB KAONKH"". Original client code: (no code). Recovered legacy rows: direct_sale=1, entry=1, pending_bill=1, waive_off=1. This client did not exist in the legacy `client` table; rename/merge it manually once identified.",2026-08-28T13:18:57
345,ORPH-00030,Orphan30,,,Orphan,0,,True,,False,,,,,,,,,"[MIGRATION] ORPHAN RECOVERY. Original client name: ""CASH SALE DOYIAN"". Original client code: (no code). Recovered legacy rows: direct_sale=1, entry=2, pending_bill=1. This client did not exist in the legacy `client` table; rename/merge it manually once identified.",2026-08-28T13:18:57
346,ORPH-00031,Orphan31,,,Orphan,0,,True,,False,,,,,,,,,"[MIGRATION] ORPHAN RECOVERY. Original client name: ""RAJA ADEEL BHUCH"". Original client code: (no code). Recovered legacy rows: direct_sale=1, entry=2, pending_bill=1. This client did not exist in the legacy `client` table; rename/merge it manually once identified.",2026-08-28T13:18:57
347,ORPH-00032,Orphan32,,,Orphan,0,,True,,False,,,,,,,,,"[MIGRATION] ORPHAN RECOVERY. Original client name: ""YOUSUF RANGPUR"". Original client code: (no code). Recovered legacy rows: direct_sale=1, entry=1, pending_bill=1, waive_off=1. This client did not exist in the legacy `client` table; rename/merge it manually once identified.",2026-08-28T13:18:57
348,ORPH-00033,Orphan33,,,Orphan,0,,True,,False,,,,,,,,,"[MIGRATION] ORPHAN RECOVERY. Original client name: ""AMEER HAMZA SB PARSUWAL"". Original client code: (no code). Recovered legacy rows: direct_sale=1, entry=1, pending_bill=1, waive_off=1. This client did not exist in the legacy `client` table; rename/merge it manually once identified.",2026-08-28T13:18:57
349,ORPH-00034,Orphan34,,,Orphan,0,,True,,False,,,,,,,,,"[MIGRATION] ORPHAN RECOVERY. Original client name: ""ALI RAZA SB KOANKH"". Original client code: (no code). Recovered legacy rows: direct_sale=1, entry=1, pending_bill=1, waive_off=1. This client did not exist in the legacy `client` table; rename/merge it manually once identified.",2026-08-28T13:18:57
350,ORPH-00035,Orphan35,,,Orphan,0,,True,,False,,,,,,,,,"[MIGRATION] ORPHAN RECOVERY. Original client name: ""SAIF ALI SB JPS"". Original client code: (no code). Recovered legacy rows: direct_sale=1, entry=2, pending_bill=1. This client did not exist in the legacy `client` table; rename/merge it manually once identified.",2026-08-28T13:18:57
351,ORPH-00036,Orphan36,,,Orphan,0,,True,,False,,,,,,,,,"[MIGRATION] ORPHAN RECOVERY. Original client name: ""PARWEZ SB BHUCH"". Original client code: (no code). Recovered legacy rows: direct_sale=1, entry=1, pending_bill=1, waive_off=1. This client did not exist in the legacy `client` table; rename/merge it manually once identified.",2026-08-28T13:18:57
352,ORPH-00037,Orphan37,,,Orphan,0,,True,,False,,,,,,,,,"[MIGRATION] ORPHAN RECOVERY. Original client name: ""RUPOWAL BABA ZAFFAR"". Original client code: (no code). Recovered legacy rows: direct_sale=1, entry=2, pending_bill=1. This client did not exist in the legacy `client` table; rename/merge it manually once identified.",2026-08-28T13:18:57
353,ORPH-00038,Orphan38,,,Orphan,0,,True,,False,,,,,,,,,"[MIGRATION] ORPHAN RECOVERY. Original client name: ""NAEEM SB KOANKH CHAND CONT FRIEND"". Original client code: (no code). Recovered legacy rows: direct_sale=1, entry=2, pending_bill=1. This client did not exist in the legacy `client` table; rename/merge it manually once identified.",2026-08-28T13:18:57
354,ORPH-00039,Orphan39,,,Orphan,0,,True,,False,,,,,,,,,"[MIGRATION] ORPHAN RECOVERY. Original client name: ""MAQSOOD SB WAPDA KOANKH"". Original client code: (no code). Recovered legacy rows: direct_sale=1, entry=2, pending_bill=1. This client did not exist in the legacy `client` table; rename/merge it manually once identified.",2026-08-28T13:18:57
355,ORPH-00040,Orphan40,,,Orphan,0,,True,,False,,,,,,,,,"[MIGRATION] ORPHAN RECOVERY. Original client name: ""DILAWAR SB GHURAL"". Original client code: (no code). Recovered legacy rows: direct_sale=1, entry=2, pending_bill=1. This client did not exist in the legacy `client` table; rename/merge it manually once identified.",2026-08-28T13:18:57
356,ORPH-00041,Orphan41,,,Orphan,0,,True,,False,,,,,,,,,"[MIGRATION] ORPHAN RECOVERY. Original client name: ""HABIB SB"". Original client code: (no code). Recovered legacy rows: direct_sale=1, entry=1, pending_bill=1, waive_off=1. This client did not exist in the legacy `client` table; rename/merge it manually once identified.",2026-08-28T13:18:57
357,ORPH-00042,Orphan42,,,Orphan,0,,True,,False,,,,,,,,,"[MIGRATION] ORPHAN RECOVERY. Original client name: ""ARIF BAIG SB KOANKH (KAMRAN NUMBERDAR)"". Original client code: (no code). Recovered legacy rows: direct_sale=1, entry=2, pending_bill=1. This client did not exist in the legacy `client` table; rename/merge it manually once identified.",2026-08-28T13:18:57
358,ORPH-00043,Orphan43,,,Orphan,0,,True,,False,,,,,,,,,"[MIGRATION] ORPHAN RECOVERY. Original client name: ""NAWAZISH ALI SB POLICE CHOKI JPS"". Original client code: (no code). Recovered legacy rows: direct_sale=1, entry=1, pending_bill=1, waive_off=1. This client did not exist in the legacy `client` table; rename/merge it manually once identified.",2026-08-28T13:18:57
359,ORPH-00044,Orphan44,,,Orphan,0,,True,,False,,,,,,,,,"[MIGRATION] ORPHAN RECOVERY. Original client name: ""RUPOWAL BABA ZAFFAR SB"". Original client code: (no code). Recovered legacy rows: direct_sale=1, entry=2, pending_bill=1. This client did not exist in the legacy `client` table; rename/merge it manually once identified.",2026-08-28T13:18:57
360,ORPH-00045,Orphan45,,,Orphan,0,,True,,False,,,,,,,,,"[MIGRATION] ORPHAN RECOVERY. Original client name: ""SAFDAR SB RUPOWAL"". Original client code: (no code). Recovered legacy rows: direct_sale=1, entry=2, pending_bill=1. This client did not exist in the legacy `client` table; rename/merge it manually once identified.",2026-08-28T13:18:57
361,ORPH-00046,Orphan46,,,Orphan,0,,True,,False,,,,,,,,,"[MIGRATION] ORPHAN RECOVERY. Original client name: ""RIAZ SB JPS"". Original client code: (no code). Recovered legacy rows: direct_sale=1, entry=2, pending_bill=1. This client did not exist in the legacy `client` table; rename/merge it manually once identified.",2026-08-28T13:18:57
362,ORPH-00047,Orphan47,,,Orphan,0,,True,,False,,,,,,,,,"[MIGRATION] ORPHAN RECOVERY. Original client name: ""ASGHAR SB HAJI WALA"". Original client code: (no code). Recovered legacy rows: direct_sale=1, entry=1, pending_bill=1, waive_off=1. This client did not exist in the legacy `client` table; rename/merge it manually once identified.",2026-08-28T13:18:57
363,ORPH-00048,Orphan48,,,Orphan,0,,True,,False,,,,,,,,,"[MIGRATION] ORPHAN RECOVERY. Original client name: ""ASIF SB GHURAIRA"". Original client code: (no code). Recovered legacy rows: direct_sale=1, entry=1, pending_bill=1, waive_off=1. This client did not exist in the legacy `client` table; rename/merge it manually once identified.",2026-08-28T13:18:57
364,ORPH-00049,Orphan49,,,Orphan,0,,True,,False,,,,,,,,,"[MIGRATION] ORPHAN RECOVERY. Original client name: ""PARWEZ SB JPS"". Original client code: (no code). Recovered legacy rows: direct_sale=1, entry=1, pending_bill=1, waive_off=1. This client did not exist in the legacy `client` table; rename/merge it manually once identified.",2026-08-28T13:18:57
365,ORPH-00050,Orphan50,,,Orphan,0,,True,,False,,,,,,,,,"[MIGRATION] ORPHAN RECOVERY. Original client name: ""ALI HAIDER KOANKH"". Original client code: (no code). Recovered legacy rows: direct_sale=1, entry=2, pending_bill=1. This client did not exist in the legacy `client` table; rename/merge it manually once identified.",2026-08-28T13:18:57
366,ORPH-00051,Orphan51,,,Orphan,0,,True,,False,,,,,,,,,"[MIGRATION] ORPHAN RECOVERY. Original client name: ""ALI HAIDER SB KOANKH"". Original client code: (no code). Recovered legacy rows: direct_sale=1, entry=2, pending_bill=1. This client did not exist in the legacy `client` table; rename/merge it manually once identified.",2026-08-28T13:18:57
367,ORPH-00052,Orphan52,,,Orphan,0,,True,,False,,,,,,,,,"[MIGRATION] ORPHAN RECOVERY. Original client name: ""SHOUKAT ALI SB TIBBA"". Original client code: (no code). Recovered legacy rows: direct_sale=1, entry=1, pending_bill=1, waive_off=1. This client did not exist in the legacy `client` table; rename/merge it manually once identified.",2026-08-28T13:18:57
368,ORPH-00053,Orphan53,,,Orphan,0,,True,,False,,,,,,,,,"[MIGRATION] ORPHAN RECOVERY. Original client name: ""ASAD SB KOANKH"". Original client code: (no code). Recovered legacy rows: direct_sale=1, entry=2, pending_bill=1. This client did not exist in the legacy `client` table; rename/merge it manually once identified.",2026-08-28T13:18:57
369,ORPH-00054,Orphan54,,,Orphan,0,,True,,False,,,,,,,,,"[MIGRATION] ORPHAN RECOVERY. Original client name: ""NAZIR AHMED SB KOANKH"". Original client code: (no code). Recovered legacy rows: direct_sale=1, entry=2, pending_bill=1. This client did not exist in the legacy `client` table; rename/merge it manually once identified.",2026-08-28T13:18:57
370,ORPH-00055,Orphan55,,,Orphan,0,,True,,False,,,,,,,,,"[MIGRATION] ORPHAN RECOVERY. Original client name: ""ABDULLAH SB JALPUWAL"". Original client code: (no code). Recovered legacy rows: direct_sale=1, entry=2, pending_bill=1. This client did not exist in the legacy `client` table; rename/merge it manually once identified.",2026-08-28T13:18:57
371,ORPH-00056,Orphan56,,,Orphan,0,,True,,False,,,,,,,,,"[MIGRATION] ORPHAN RECOVERY. Original client name: ""SUBEDAR IRON STORE"". Original client code: (no code). Recovered legacy rows: direct_sale=1, entry=1, pending_bill=1, waive_off=1. This client did not exist in the legacy `client` table; rename/merge it manually once identified.",2026-08-28T13:18:57
372,ORPH-00057,Orphan57,,,Orphan,0,,True,,False,,,,,,,,,"[MIGRATION] ORPHAN RECOVERY. Original client name: ""QAISER SB DOYIAN"". Original client code: (no code). Recovered legacy rows: direct_sale=1, entry=2, pending_bill=1. This client did not exist in the legacy `client` table; rename/merge it manually once identified.",2026-08-28T13:18:57
373,ORPH-00058,Orphan58,,,Orphan,0,,True,,False,,,,,,,,,"[MIGRATION] ORPHAN RECOVERY. Original client name: ""ZAFAR SB GHURAIRA"". Original client code: (no code). Recovered legacy rows: direct_sale=1, entry=1, pending_bill=1, waive_off=1. This client did not exist in the legacy `client` table; rename/merge it manually once identified.",2026-08-28T13:18:57
374,ORPH-00059,Orphan59,,,Orphan,0,,True,,False,,,,,,,,,"[MIGRATION] ORPHAN RECOVERY. Original client name: ""JABBAR SB PARSUWAL"". Original client code: (no code). Recovered legacy rows: direct_sale=1, entry=1, pending_bill=1, waive_off=1. This client did not exist in the legacy `client` table; rename/merge it manually once identified.",2026-08-28T13:18:57
375,ORPH-00060,Orphan60,,,Orphan,0,,True,,False,,,,,,,,,"[MIGRATION] ORPHAN RECOVERY. Original client name: ""MASOOD SB KHAN PUR KHOKHAR"". Original client code: (no code). Recovered legacy rows: direct_sale=1, entry=2, pending_bill=1. This client did not exist in the legacy `client` table; rename/merge it manually once identified.",2026-08-28T13:18:57
376,ORPH-00061,Orphan61,,,Orphan,0,,True,,False,,,,,,,,,"[MIGRATION] ORPHAN RECOVERY. Original client name: ""QAISER SB JPS WELDER"". Original client code: (no code). Recovered legacy rows: direct_sale=1, entry=1, pending_bill=1, waive_off=1. This client did not exist in the legacy `client` table; rename/merge it manually once identified.",2026-08-28T13:18:57
377,ORPH-00062,Orphan62,,,Orphan,0,,True,,False,,,,,,,,,"[MIGRATION] ORPHAN RECOVERY. Original client name: ""AZAM SB AJNALA"". Original client code: (no code). Recovered legacy rows: direct_sale=1, entry=2, pending_bill=1. This client did not exist in the legacy `client` table; rename/merge it manually once identified.",2026-08-28T13:18:57
378,ORPH-00063,Orphan63,,,Orphan,0,,True,,False,,,,,,,,,"[MIGRATION] ORPHAN RECOVERY. Original client name: ""FARAZ SB KOANKH"". Original client code: (no code). Recovered legacy rows: direct_sale=1, entry=2, pending_bill=1. This client did not exist in the legacy `client` table; rename/merge it manually once identified.",2026-08-28T13:18:57
379,ORPH-00064,Orphan64,,,Orphan,0,,True,,False,,,,,,,,,"[MIGRATION] ORPHAN RECOVERY. Original client name: ""ZAHID BUTT SB JPS"". Original client code: (no code). Recovered legacy rows: direct_sale=1, entry=2, pending_bill=1. This client did not exist in the legacy `client` table; rename/merge it manually once identified.",2026-08-28T13:18:57
380,ORPH-00065,Orphan65,,,Orphan,0,,True,,False,,,,,,,,,"[MIGRATION] ORPHAN RECOVERY. Original client name: ""MALIK ARSHAD JPSB"". Original client code: (no code). Recovered legacy rows: direct_sale=1, entry=2, pending_bill=1. This client did not exist in the legacy `client` table; rename/merge it manually once identified.",2026-08-28T13:18:57
381,ORPH-00066,Orphan66,,,Orphan,0,,True,,False,,,,,,,,,"[MIGRATION] ORPHAN RECOVERY. Original client name: ""RAIZ SB JPS"". Original client code: (no code). Recovered legacy rows: entry=2, pending_bill=1. This client did not exist in the legacy `client` table; rename/merge it manually once identified.",2026-08-28T13:18:57
382,ORPH-00067,Orphan67,,,Orphan,0,,True,,False,,,,,,,,,"[MIGRATION] ORPHAN RECOVERY. Original client name: ""ZULFIQAR SB AJNALA"". Original client code: (no code). Recovered legacy rows: direct_sale=1, entry=1, pending_bill=1. This client did not exist in the legacy `client` table; rename/merge it manually once identified.",2026-08-28T13:18:57
383,ORPH-00068,Orphan68,,,Orphan,0,,True,,False,,,,,,,,,"[MIGRATION] ORPHAN RECOVERY. Original client name: ""CASH WALKING CUSTOMER"". Original client code: (no code). Recovered legacy rows: direct_sale=1, entry=1, pending_bill=1. This client did not exist in the legacy `client` table; rename/merge it manually once identified.",2026-08-28T13:18:57
384,ORPH-00069,Orphan69,,,Orphan,0,,True,,False,,,,,,,,,"[MIGRATION] ORPHAN RECOVERY. Original client name: ""ARSHAD MARRIAGE HALL JPS"". Original client code: (no code). Recovered legacy rows: direct_sale=1, entry=1, pending_bill=1. This client did not exist in the legacy `client` table; rename/merge it manually once identified.",2026-08-28T13:18:57
385,ORPH-00070,Orphan70,,,Orphan,0,,True,,False,,,,,,,,,"[MIGRATION] ORPHAN RECOVERY. Original client name: ""SHAKIR ABBAS DOYIAN"". Original client code: (no code). Recovered legacy rows: direct_sale=1, entry=1, pending_bill=1. This client did not exist in the legacy `client` table; rename/merge it manually once identified.",2026-08-28T13:18:57
386,ORPH-00071,Orphan71,,,Orphan,0,,True,,False,,,,,,,,,"[MIGRATION] ORPHAN RECOVERY. Original client name: ""MOHSIN SB KOANKH"". Original client code: (no code). Recovered legacy rows: direct_sale=1, entry=1, pending_bill=1. This client did not exist in the legacy `client` table; rename/merge it manually once identified.",2026-08-28T13:18:57
387,ORPH-00072,Orphan72,,,Orphan,0,,True,,False,,,,,,,,,"[MIGRATION] ORPHAN RECOVERY. Original client name: ""NASAR SB AJNALA"". Original client code: (no code). Recovered legacy rows: direct_sale=1, entry=1, pending_bill=1. This client did not exist in the legacy `client` table; rename/merge it manually once identified.",2026-08-28T13:18:57
388,ORPH-00073,Orphan73,,,Orphan,0,,True,,False,,,,,,,,,"[MIGRATION] ORPHAN RECOVERY. Original client name: ""JAVED SB WELDING JPS"". Original client code: (no code). Recovered legacy rows: direct_sale=1, entry=1, pending_bill=1. This client did not exist in the legacy `client` table; rename/merge it manually once identified.",2026-08-28T13:18:57
389,ORPH-00074,Orphan74,,,Orphan,0,,True,,False,,,,,,,,,"[MIGRATION] ORPHAN RECOVERY. Original client name: ""CH SHOAIB SB AJNALA"". Original client code: (no code). Recovered legacy rows: direct_sale=1, entry=1, pending_bill=1. This client did not exist in the legacy `client` table; rename/merge it manually once identified.",2026-08-28T13:18:57
390,ORPH-00075,Orphan75,,,Orphan,0,,True,,False,,,,,,,,,"[MIGRATION] ORPHAN RECOVERY. Original client name: ""QASIM SB JPS"". Original client code: (no code). Recovered legacy rows: direct_sale=1, entry=1, pending_bill=1. This client did not exist in the legacy `client` table; rename/merge it manually once identified.",2026-08-28T13:18:57
391,ORPH-00076,Orphan76,,,Orphan,0,,True,,False,,,,,,,,,"[MIGRATION] ORPHAN RECOVERY. Original client name: ""ADNAN BUTT SB JPS"". Original client code: (no code). Recovered legacy rows: direct_sale=1, entry=1, pending_bill=1. This client did not exist in the legacy `client` table; rename/merge it manually once identified.",2026-08-28T13:18:57
392,ORPH-00077,Orphan77,,,Orphan,0,,True,,False,,,,,,,,,"[MIGRATION] ORPHAN RECOVERY. Original client name: ""MIRZA ZAMAN SB JPS"". Original client code: (no code). Recovered legacy rows: direct_sale=1, entry=1, pending_bill=1. This client did not exist in the legacy `client` table; rename/merge it manually once identified.",2026-08-28T13:18:57
393,ORPH-00078,Orphan78,,,Orphan,0,,True,,False,,,,,,,,,"[MIGRATION] ORPHAN RECOVERY. Original client name: ""HAFIZ SHEHZAD GHURAIRA"". Original client code: (no code). Recovered legacy rows: direct_sale=1, entry=1, pending_bill=1. This client did not exist in the legacy `client` table; rename/merge it manually once identified.",2026-08-28T13:18:57
394,ORPH-00079,Orphan79,,,Orphan,0,,True,,False,,,,,,,,,"[MIGRATION] ORPHAN RECOVERY. Original client name: ""RASHID SB MALIKPUR"". Original client code: (no code). Recovered legacy rows: direct_sale=1, entry=1, pending_bill=1. This client did not exist in the legacy `client` table; rename/merge it manually once identified.",2026-08-28T13:18:57
395,ORPH-00080,Orphan80,,,Orphan,0,,True,,False,,,,,,,,,"[MIGRATION] ORPHAN RECOVERY. Original client name: ""GHEER SB JPS"". Original client code: (no code). Recovered legacy rows: direct_sale=1, entry=1, pending_bill=1. This client did not exist in the legacy `client` table; rename/merge it manually once identified.",2026-08-28T13:18:57
396,ORPH-00081,Orphan81,,,Orphan,0,,True,,False,,,,,,,,,"[MIGRATION] ORPHAN RECOVERY. Original client name: ""SIKANDAR IQBAL SB JAGUWAN"". Original client code: (no code). Recovered legacy rows: direct_sale=1, entry=1, pending_bill=1. This client did not exist in the legacy `client` table; rename/merge it manually once identified.",2026-08-28T13:18:57
397,ORPH-00082,Orphan82,,,Orphan,0,,True,,False,,,,,,,,,"[MIGRATION] ORPHAN RECOVERY. Original client name: ""MAQSOOD SB RANG PUR"". Original client code: (no code). Recovered legacy rows: direct_sale=1, entry=1, pending_bill=1. This client did not exist in the legacy `client` table; rename/merge it manually once identified.",2026-08-28T13:18:57
398,ORPH-00083,Orphan83,,,Orphan,0,,True,,False,,,,,,,,,"[MIGRATION] ORPHAN RECOVERY. Original client name: ""TALHA WELDER"". Original client code: (no code). Recovered legacy rows: direct_sale=1, entry=1, pending_bill=1. This client did not exist in the legacy `client` table; rename/merge it manually once identified.",2026-08-28T13:18:57
399,ORPH-00084,Orphan84,,,Orphan,0,,True,,False,,,,,,,,,"[MIGRATION] ORPHAN RECOVERY. Original client name: ""LIAQAT SB JPS"". Original client code: (no code). Recovered legacy rows: direct_sale=1, entry=1, pending_bill=1. This client did not exist in the legacy `client` table; rename/merge it manually once identified.",2026-08-28T13:18:57
400,ORPH-00085,Orphan85,,,Orphan,0,,True,,False,,,,,,,,,"[MIGRATION] ORPHAN RECOVERY. Original client name: ""M ARSHAD CONT JPS"". Original client code: (no code). Recovered legacy rows: direct_sale=1, entry=1, pending_bill=1. This client did not exist in the legacy `client` table; rename/merge it manually once identified.",2026-08-28T13:18:57
401,ORPH-00086,Orphan86,,,Orphan,0,,True,,False,,,,,,,,,"[MIGRATION] ORPHAN RECOVERY. Original client name: ""IMRAN ASHRAF"". Original client code: OPEN-KHATA. Recovered legacy rows: entry=2, pending_bill=1. This client did not exist in the legacy `client` table; rename/merge it manually once identified.",2026-08-28T13:18:57
402,ORPH-00087,Orphan87,,,Orphan,0,,True,,False,,,,,,,,,"[MIGRATION] ORPHAN RECOVERY. Original client name: ""Faizan Facto"". Original client code: (no code). Recovered legacy rows: entry=3. This client did not exist in the legacy `client` table; rename/merge it manually once identified.",2026-08-28T13:18:57
403,ORPH-00088,Orphan88,,,Orphan,0,,True,,False,,,,,,,,,"[MIGRATION] ORPHAN RECOVERY. Original client name: ""ARIF BRICK BARNALA"". Original client code: (no code). Recovered legacy rows: entry=3. This client did not exist in the legacy `client` table; rename/merge it manually once identified.",2026-08-28T13:18:57
404,ORPH-00089,Orphan89,,,Orphan,0,,True,,False,,,,,,,,,"[MIGRATION] ORPHAN RECOVERY. Original client name: ""ISM STEEL"". Original client code: (no code). Recovered legacy rows: entry=2. This client did not exist in the legacy `client` table; rename/merge it manually once identified.",2026-08-28T13:18:57
405,ORPH-00090,Orphan90,,,Orphan,0,,True,,False,,,,,,,,,"[MIGRATION] ORPHAN RECOVERY. Original client name: ""GHAZANFAR SB DOIYAN"". Original client code: (no code). Recovered legacy rows: pending_bill=1. This client did not exist in the legacy `client` table; rename/merge it manually once identified.",2026-08-28T13:18:57
406,ORPH-00091,Orphan91,,,Orphan,0,,True,,False,,,,,,,,,"[MIGRATION] ORPHAN RECOVERY. Original client name: ""IMRAN ASHRAF"". Original client code: (no code). Recovered legacy rows: direct_sale=1. This client did not exist in the legacy `client` table; rename/merge it manually once identified.",2026-08-28T13:18:57
407,ORPH-00092,Orphan92,,,Orphan,0,,True,,False,,,,,,,,,"[MIGRATION] ORPHAN RECOVERY. Original client name: ""SALMAAN SB GHURAL"". Original client code: (no code). Recovered legacy rows: booking=1. This client did not exist in the legacy `client` table; rename/merge it manually once identified.",2026-08-28T13:18:57
