id,name,phone,opening_balance,opening_balance_date,is_active,created_at
1,HAFIZ SHOAIB,,0,2026-08-17T14:03:30.689952,True,2026-03-09T09:25:42.126364
2,OUTSIDER,,0,2026-08-17T14:03:30.690856,True,2026-03-09T13:14:12.039509
3,SHARJEEL SAFWAN ABID,,0,2026-08-17T14:03:30.691428,True,2026-03-10T12:41:30.636951
4,HAJI AHMED,,0,2026-08-17T14:03:30.691977,True,2026-03-10T12:41:35.699628
5,ZAHID LOADER,0307-6224518,0,2026-08-17T14:03:30.692694,True,2026-03-16T10:01:24.594339
6,10 WHEELER,,0,2026-08-17T14:03:30.693164,True,2026-03-16T10:01:43.272655
7,20 WHEELER,,0,2026-08-17T14:03:30.693674,True,2026-03-16T10:02:59.274452
8,ALI HAMZA,0329-6354572,0,2026-08-17T14:03:30.694227,True,2026-03-16T12:28:34.675499
9,JAHANGIR PARSUWAL,,0,2026-08-17T14:03:30.694776,True,2026-03-29T16:46:24.565541
10,ZAIN ALI,0322-2417846,0,2026-08-17T14:03:30.695254,True,2026-04-02T13:34:43.770230
11,HARIS SUFWAN ABID,,0,2026-08-17T14:03:30.695818,True,2026-04-26T11:16:13.414619
12,MAUZAM +ALTAF,,0,2026-08-17T14:03:30.696288,True,2026-07-20T13:04:26.971794
13,NAZIM,,0,2026-08-17T14:03:30.696881,True,2026-07-27T14:31:09.630451
14,ALI SHAN MANI,,0,2026-08-17T14:03:30.697429,True,2026-08-16T11:37:07.408146
