id,sale_id,delivery_person_name,bill_no,amount,note,date_posted,created_by,is_void
1,1,Shoaib Loader,MB NO.6658,1200,,2026-03-09T09:24:00,Rehman Ahmed,False
2,4,HAJI AHMED,MB NO.6612,300,,2026-03-07T16:09:00,Rehman Ahmed,False
3,5,SHARJEEL SAFWAN ABID,MB NO.6718,300,,2026-03-10T16:10:00,Rehman Ahmed,False
4,6,HAJI AHMED,MB NO.6698,1538.2,,2026-03-11T06:15:00,Rehman Ahmed,False
5,9,HAFIZ SHOAIB,MB NO.6768,1000,,2026-03-12T10:20:00,Rehman Ahmed,False
6,12,HAFIZ SHOAIB,MB NO.6748,1200,,2026-03-12T14:35:00,Rehman Ahmed,False
7,14,HAFIZ SHOAIB,MB NO.6741,800,,2026-03-11T14:47:00,Rehman Ahmed,False
8,15,SHARJEEL SAFWAN ABID,MB NO.6781,1000,,2026-03-12T15:57:00,Rehman Ahmed,False
9,20,SHARJEEL SAFWAN ABID,MB NO.6802,400,,2026-03-14T10:51:00,Rehman Ahmed,False
10,21,HAJI AHMED,MB NO.6795,500,,2026-03-14T11:07:00,Rehman Ahmed,False
11,25,HAFIZ SHOAIB,MB NO.6796,6000,,2026-03-14T14:57:00,Rehman Ahmed,False
12,28,SHARJEEL SAFWAN ABID,MB NO.6827,600,,2026-03-15T12:00:00,Shujaat Muzaffar,False
13,29,HAFIZ SHOAIB,MB NO.6822,800,,2026-03-15T13:31:00,Shujaat Muzaffar,False
14,31,HAFIZ SHOAIB,MB NO.6830,800,,2026-03-15T14:07:00,Shujaat Muzaffar,False
15,33,HAFIZ SHOAIB,MB NO.6832,600,,2026-03-15T14:13:00,Shujaat Muzaffar,False
16,34,SHARJEEL SAFWAN ABID,MB NO.6831,600,,2026-03-15T16:43:00,Shujaat Muzaffar,False
17,35,HAFIZ SHOAIB,MB NO.6833,800,,2026-03-16T08:47:00,Rehman Ahmed,False
18,40,HAFIZ SHOAIB,MB NO.6837,4000,,2026-03-16T10:23:00,Rehman Ahmed,False
19,41,ZAHID LOADER,MB NO.6829,1000,,2026-03-16T09:14:00,Rehman Ahmed,False
20,44,ZAHID LOADER,MB NO.6845,800,,2026-03-16T11:59:00,Shujaat Muzaffar,False
21,47,ZAHID LOADER,MB NO.6835,500,,2026-03-16T09:33:00,Rehman Ahmed,False
22,48,ALI HAMZA,MB NO.6842,800,,2026-03-16T12:46:00,Rehman Ahmed,False
24,51,HAFIZ SHOAIB,MB NO.6847,1250,,2026-03-16T16:20:00,Rehman Ahmed,False
25,52,ALI HAMZA,MB NO.6855,300,,2026-03-16T16:22:58.874601,Rehman Ahmed,False
26,53,ALI HAMZA,MB NO.6854,150,,2026-03-16T16:23:00,Rehman Ahmed,False
27,57,SHARJEEL SAFWAN ABID,MB NO.6848,1600,,2026-03-16T17:20:35.022135,Shujaat Muzaffar,False
28,59,HAFIZ SHOAIB,MB NO.6856,800,,2026-03-16T17:33:05.237644,Rehman Ahmed,False
29,61,SHARJEEL SAFWAN ABID,MB NO.6871,800,,2026-03-17T10:38:00,Rehman Ahmed,False
30,63,SHARJEEL SAFWAN ABID,MB NO.6866,300,,2026-03-17T10:57:00,Shujaat Muzaffar,False
31,65,HAFIZ SHOAIB,MB NO.6869,800,,2026-03-17T11:17:00,Shujaat Muzaffar,False
32,67,HAJI AHMED,MB NO.6737,1500,,2026-03-11T12:17:00,Shujaat Muzaffar,False
33,68,SHARJEEL SAFWAN ABID,MB NO.6873,3750,,2026-03-17T12:45:00,Shujaat Muzaffar,False
34,70,ALI HAMZA,MB NO.6867,1000,,2026-03-17T13:35:00,Rehman Ahmed,False
35,72,ALI HAMZA,MB NO.6878,1000,,2026-03-17T14:03:00,Shujaat Muzaffar,False
36,74,HAFIZ SHOAIB,MB NO.6882,600,,2026-03-17T15:15:00,Shujaat Muzaffar,False
37,76,SHARJEEL SAFWAN ABID,MB NO.6889,600,,2026-03-18T11:00:23.696303,Shujaat Muzaffar,False
38,77,SHARJEEL SAFWAN ABID,MB NO.6891,3250,,2026-03-18T11:29:00,Shujaat Muzaffar,False
39,78,ZAHID LOADER,MB NO.6892,300,,2026-03-18T12:07:00,Shujaat Muzaffar,False
40,75,ALI HAMZA,MB NO.6884,800,,2026-03-17T16:03:00,Rehman Ahmed,False
42,86,SHARJEEL SAFWAN ABID,MB NO.6906,800,,2026-03-19T13:02:00,Shujaat Muzaffar,False
43,87,SHARJEEL SAFWAN ABID,MB NO.6908,300,,2026-03-19T13:16:00,Shujaat Muzaffar,False
44,89,ZAHID LOADER,MB NO.6954,600,,2026-03-24T14:20:00,Shujaat Muzaffar,False
45,82,SHARJEEL SAFWAN ABID,MB NO.6948,1000,,2026-03-24T12:00:00,Shujaat Muzaffar,False
46,91,SHARJEEL SAFWAN ABID,MB NO.6912,800,,2026-03-19T15:47:00,Shujaat Muzaffar,False
47,92,HAFIZ SHOAIB,MB NO.6915,400,,2026-03-19T15:50:00,Shujaat Muzaffar,False
48,94,SHARJEEL SAFWAN ABID,MB NO.6953,1800,,2026-03-25T09:30:42.813314,Shujaat Muzaffar,False
49,95,SHARJEEL SAFWAN ABID,MB NO.6968,1000,,2026-03-25T10:15:00,Shujaat Muzaffar,False
50,96,SHARJEEL SAFWAN ABID,MB NO.6963,500,,2026-03-24T10:59:00,Shujaat Muzaffar,False
51,99,ZAHID LOADER,MB NO.6971,1000,,2026-03-25T12:48:00,Shujaat Muzaffar,False
52,100,SHARJEEL SAFWAN ABID,MB NO.6970,600,,2026-03-25T13:27:00,Shujaat Muzaffar,False
53,101,SHARJEEL SAFWAN ABID,MB NO.6974,1000,,2026-03-25T14:21:00,Shujaat Muzaffar,False
54,105,HAFIZ SHOAIB,MB NO.6982,600,,2026-03-26T09:52:00,Shujaat Muzaffar,False
55,106,SHARJEEL SAFWAN ABID,MB NO.6983,800,,2026-03-26T09:55:00,Shujaat Muzaffar,False
56,69,HAFIZ SHOAIB,MB NO.6876,800,,2026-03-17T13:19:00,Shujaat Muzaffar,False
57,108,HAFIZ SHOAIB,SB-SL-1107,5680,,2026-03-26T11:57:00,Shujaat Muzaffar,False
58,107,HAFIZ SHOAIB,MB NO.6986,800,,2026-03-26T10:46:00,Shujaat Muzaffar,False
59,110,SHARJEEL SAFWAN ABID,MB NO.6992,700,,2026-03-26T14:49:00,Shujaat Muzaffar,False
60,120,SHARJEEL SAFWAN ABID,MB NO.7019,800,,2026-03-28T12:39:00,Shujaat Muzaffar,False
61,123,HAFIZ SHOAIB,MB NO.7027,1000,,2026-03-28T13:53:00,Shujaat Muzaffar,False
62,117,SHARJEEL SAFWAN ABID,MB NO.7013,1000,,2026-03-28T11:52:00,Shujaat Muzaffar,False
63,125,HAFIZ SHOAIB,MB NO.7029,1000,,2026-03-28T15:28:00,Shujaat Muzaffar,False
64,127,HAFIZ SHOAIB,MB NO.7038,800,,2026-03-29T09:29:00,Rehman Ahmed,False
65,134,HAFIZ SHOAIB,MB NO.7041,300,,2026-03-29T12:32:00,Shujaat Muzaffar,False
66,136,HAFIZ SHOAIB,MB NO.7049,1000,,2026-03-29T13:17:00,Rehman Ahmed,False
67,131,OUTSIDER,MB NO.7043,600,,2026-03-29T11:48:00,Shujaat Muzaffar,False
68,139,HAFIZ SHOAIB,MB NO.7056,600,,2026-03-29T15:39:00,Shujaat Muzaffar,False
69,140,SHARJEEL SAFWAN ABID,MB NO.7058,2000,,2026-03-29T16:22:00,Shujaat Muzaffar,False
70,132,SHARJEEL SAFWAN ABID,MB NO.7036,800,,2026-03-29T12:08:00,Shujaat Muzaffar,False
71,141,SHARJEEL SAFWAN ABID,MB NO.7069,2000,,2026-03-30T09:36:00,Shujaat Muzaffar,False
72,146,HAFIZ SHOAIB,MB NO.7059,685.71,,2026-03-30T11:24:00,Shujaat Muzaffar,False
74,150,SHARJEEL SAFWAN ABID,MB NO.7080,300,,2026-03-30T14:42:00,Shujaat Muzaffar,False
75,151,HAJI AHMED,MB NO.7082,600,,2026-03-30T15:40:00,Shujaat Muzaffar,False
76,152,HAFIZ SHOAIB,MB NO.7076,800,,2026-03-30T15:53:00,Shujaat Muzaffar,False
77,155,HAFIZ SHOAIB,MB NO.7088,1600,,2026-03-31T09:32:00,Shujaat Muzaffar,False
78,156,ZAHID LOADER,MB NO.7089,800,,2026-03-31T09:34:00,Shujaat Muzaffar,False
79,158,SHARJEEL SAFWAN ABID,MB NO.7094,500,,2026-03-31T10:05:00,Shujaat Muzaffar,False
80,159,SHARJEEL SAFWAN ABID,MB NO.7092,800,,2026-03-31T10:08:00,Shujaat Muzaffar,False
81,160,ZAHID LOADER,MB NO.7091,300,,2026-03-31T10:15:00,Shujaat Muzaffar,False
82,161,SHARJEEL SAFWAN ABID,MB NO.7085/2,600,,2026-03-31T10:38:00,Shujaat Muzaffar,False
83,164,HAFIZ SHOAIB,MB NO.7097,300,,2026-03-31T12:16:00,Shujaat Muzaffar,False
84,165,SHARJEEL SAFWAN ABID,MB NO.7099,1200,,2026-03-31T12:34:00,Shujaat Muzaffar,False
85,167,HAFIZ SHOAIB,MB NO.7103/2,1250,,2026-03-31T14:05:00,Shujaat Muzaffar,False
86,172,SHARJEEL SAFWAN ABID,MB NO.7111,300,,2026-03-31T10:55:00,Shujaat Muzaffar,False
87,176,HAJI AHMED,MB NO.7114,1250,,2026-03-31T13:54:00,Shujaat Muzaffar,False
88,175,HAFIZ SHOAIB,MB NO.7132,1200,,2026-04-01T13:14:00,Shujaat Muzaffar,False
89,180,HAFIZ SHOAIB,MB NO.7138,600,,2026-04-01T14:46:00,Shujaat Muzaffar,False
90,181,HAFIZ SHOAIB,MB NO.7119,3600,,2026-04-01T15:30:00,Shujaat Muzaffar,False
91,182,HAJI AHMED,MB NO.7120,500,,2026-04-01T15:34:00,Shujaat Muzaffar,False
92,185,ZAHID LOADER,MB NO.7123,800,,2026-04-01T16:14:00,Shujaat Muzaffar,False
93,186,SHARJEEL SAFWAN ABID,MB NO.6819,1500,,2026-03-15T10:33:00,Shujaat Muzaffar,False
94,187,HAJI AHMED,MB NO.7144,1000,,2026-04-01T09:55:00,Shujaat Muzaffar,False
95,189,SHARJEEL SAFWAN ABID,MB NO.7151,600,,2026-04-02T10:20:00,Shujaat Muzaffar,False
96,190,JAHANGIR PARSUWAL,MB NO.7152,1000,,2026-04-02T10:24:00,Shujaat Muzaffar,False
97,191,HAJI AHMED,MB NO.7148,1000,,2026-04-02T10:28:00,Shujaat Muzaffar,False
98,204,HAFIZ SHOAIB,MB NO.7165,1000,,2026-04-02T15:46:00,Shujaat Muzaffar,False
99,210,JAHANGIR PARSUWAL,MB NO.7181,600,,2026-04-04T09:37:00,Shujaat Muzaffar,False
100,215,JAHANGIR PARSUWAL,MB NO.7191,914.29,,2026-04-04T09:53:00,Shujaat Muzaffar,False
101,216,HAJI AHMED,MB NO.7192,600,,2026-04-04T10:01:00,Shujaat Muzaffar,False
102,220,SHARJEEL SAFWAN ABID,MB NO.7200,1200,,2026-04-04T14:50:00,Shujaat Muzaffar,False
103,222,HAFIZ SHOAIB,MB NO.7219,1500,,2026-04-05T12:14:00,Rehman Ahmed,False
104,225,HAJI AHMED,MB NO.7206,300,,2026-04-05T13:05:00,Rehman Ahmed,False
105,227,HAFIZ SHOAIB,MB NO.7221,800,,2026-04-05T13:22:00,Rehman Ahmed,False
106,228,ZAIN ALI,MB NO.7222,1000,,2026-04-05T13:37:00,Rehman Ahmed,False
107,230,HAFIZ SHOAIB,MB NO.7241,3000,,2026-04-06T09:32:00,Rehman Ahmed,False
108,234,JAHANGIR PARSUWAL,MB NO.7236,1200,,2026-04-06T12:18:00,Shujaat Muzaffar,False
109,237,HAJI AHMED,MB NO.7246,600,,2026-04-06T12:31:00,Shujaat Muzaffar,False
110,241,HAFIZ SHOAIB,MB NO.7256,4000,,2026-04-06T12:47:00,Shujaat Muzaffar,False
111,242,HAFIZ SHOAIB,MB NO.7257,800,,2026-04-06T12:53:00,Shujaat Muzaffar,False
112,243,SHARJEEL SAFWAN ABID,MB NO.7258,1000,,2026-04-06T12:58:00,Shujaat Muzaffar,False
113,245,JAHANGIR PARSUWAL,MB NO.7251,1250,,2026-04-06T13:25:00,Shujaat Muzaffar,False
114,247,ZAIN ALI,MB NO.7230,685.71,,2026-04-05T13:47:00,Shujaat Muzaffar,False
115,248,HAFIZ SHOAIB,MB NO.7262,1350,,2026-04-06T14:17:00,Shujaat Muzaffar,False
116,249,JAHANGIR PARSUWAL,MB NO.7264,1000,,2026-04-06T14:24:00,Shujaat Muzaffar,False
117,251,SHARJEEL SAFWAN ABID,MB NO.7265,1000,,2026-04-06T14:55:00,Shujaat Muzaffar,False
118,255,JAHANGIR PARSUWAL,MB NO.7277,800,,2026-04-06T09:37:00,Shujaat Muzaffar,False
119,256,HAJI AHMED,MB NO.7279,700,,2026-04-07T10:02:00,Shujaat Muzaffar,False
120,258,HAFIZ SHOAIB,MB NO.7161,6000,,2026-04-07T10:49:32.479820,Shujaat Muzaffar,False
121,259,SHARJEEL SAFWAN ABID,MB NO.7283,500,,2026-04-07T11:01:00,Shujaat Muzaffar,False
122,261,SHARJEEL SAFWAN ABID,MB NO.6996,1000,,2026-03-26T13:43:00,Shujaat Muzaffar,False
123,262,SHARJEEL SAFWAN ABID,MB NO.7286,1000,,2026-04-07T14:44:00,Shujaat Muzaffar,False
124,264,HAJI AHMED,MB NO.7297,1250,,2026-04-08T10:15:00,Shujaat Muzaffar,False
125,266,HAFIZ SHOAIB,MB NO.7299,2400,,2026-04-08T10:27:00,Shujaat Muzaffar,False
126,267,ZAIN ALI,MB NO.7300,400,,2026-04-08T10:32:00,Shujaat Muzaffar,False
127,274,SHARJEEL SAFWAN ABID,MB NO.7312,1000,,2026-04-08T14:25:00,Shujaat Muzaffar,False
128,277,HAFIZ SHOAIB,MB NO.7320,4470,,2026-04-09T09:58:00,Shujaat Muzaffar,False
129,283,HAJI AHMED,MB NO.7327,300,,2026-04-09T10:42:00,Shujaat Muzaffar,False
130,284,JAHANGIR PARSUWAL,MB NO.7328,600,,2026-04-09T10:45:00,Shujaat Muzaffar,False
131,285,JAHANGIR PARSUWAL,MB NO.7335,1500,,2026-04-09T10:51:00,Shujaat Muzaffar,False
132,288,HAJI AHMED,MB NO.7310,300,,2026-04-09T12:31:00,Shujaat Muzaffar,False
133,289,HAJI AHMED,MB NO.7336,1350,,2026-04-09T12:49:20.021924,Shujaat Muzaffar,False
134,290,JAHANGIR PARSUWAL,MB NO.7337,1200,,2026-04-09T12:50:00,Shujaat Muzaffar,False
135,294,HAFIZ SHOAIB,MB NO.7346,1000,,2026-04-09T14:40:00,Shujaat Muzaffar,False
136,295,SHARJEEL SAFWAN ABID,MB NO.7347,1000,,2026-04-09T14:52:00,Shujaat Muzaffar,False
137,306,SHARJEEL SAFWAN ABID,MB NO.7358,1000,,2026-04-10T10:31:00,Shujaat Muzaffar,False
138,311,HAFIZ SHOAIB,MB NO.7367,700,,2026-04-10T14:42:00,Shujaat Muzaffar,False
139,313,HAFIZ SHOAIB,MB NO.7371,630,,2026-04-10T16:40:00,Shujaat Muzaffar,False
140,310,HAFIZ SHOAIB,MB NO.7366,6300,,2026-04-10T14:37:00,Shujaat Muzaffar,False
141,315,HAFIZ SHOAIB,MB NO.7375,1250,,2026-04-11T12:43:00,Shujaat Muzaffar,False
142,320,HAFIZ SHOAIB,MB NO.7386,800,,2026-04-11T15:25:00,Shujaat Muzaffar,False
143,321,ZAIN ALI,MB NO.7388/2,600,,2026-04-13T15:35:00,Shujaat Muzaffar,False
144,324,HAJI AHMED,MB NO.7393,1000,,2026-04-13T15:55:00,Shujaat Muzaffar,False
145,329,HAJI AHMED,MB NO.7405,600,,2026-04-12T16:22:00,Shujaat Muzaffar,False
146,331,OUTSIDER,MB NO.7415,1350,,2026-04-12T16:57:00,Shujaat Muzaffar,False
147,335,HAFIZ SHOAIB,MB NO.7424,1000,,2026-04-13T09:21:00,Shujaat Muzaffar,False
148,338,SHARJEEL SAFWAN ABID,SB-SL-1337,800,,2026-04-13T11:01:00,Shujaat Muzaffar,False
149,342,JAHANGIR PARSUWAL,MB NO.7439,1800,,2026-04-13T11:34:00,Shujaat Muzaffar,False
150,346,HAFIZ SHOAIB,MB NO.7460,1350,,2026-04-14T12:21:00,Shujaat Muzaffar,False
151,347,SHARJEEL SAFWAN ABID,MB NO.7447,5500,,2026-04-14T12:33:00,Shujaat Muzaffar,False
152,348,SHARJEEL SAFWAN ABID,MB NO.7448,350,,2026-04-14T12:38:00,Shujaat Muzaffar,False
153,349,HAFIZ SHOAIB,MB NO.7449,600,,2026-04-14T12:49:00,Shujaat Muzaffar,False
154,351,HAFIZ SHOAIB,MB NO.7452,400,,2026-04-14T13:46:00,Shujaat Muzaffar,False
155,355,HAJI AHMED,MB NO.7456,600,,2026-04-14T13:56:00,Shujaat Muzaffar,False
156,356,SHARJEEL SAFWAN ABID,MB NO.7459,350,,2026-04-14T14:25:00,Shujaat Muzaffar,False
157,357,SHARJEEL SAFWAN ABID,MB NO.7462,500,,2026-04-14T14:44:00,Shujaat Muzaffar,False
158,358,SHARJEEL SAFWAN ABID,MB NO.7470,800,,2026-04-14T14:45:00,Shujaat Muzaffar,False
159,359,HAJI AHMED,MB NO.7463,600,,2026-04-14T15:00:00,Shujaat Muzaffar,False
160,360,HAFIZ SHOAIB,MB NO.7466,100,,2026-04-14T15:02:00,Shujaat Muzaffar,False
161,369,HAFIZ SHOAIB,MB NO.7474,2543.62,,2026-04-14T10:01:00,Shujaat Muzaffar,False
162,370,SHARJEEL SAFWAN ABID,MB NO.7475,500,,2026-04-15T10:04:00,Shujaat Muzaffar,False
163,373,HAJI AHMED,MB NO.7464,1300,,2026-04-14T10:18:00,Shujaat Muzaffar,False
164,375,SHARJEEL SAFWAN ABID,MB NO.7482,1800,,2026-04-15T11:52:00,Shujaat Muzaffar,False
165,377,HAFIZ SHOAIB,MB NO.7486,1250,,2026-04-15T14:07:00,Shujaat Muzaffar,False
166,378,HAFIZ SHOAIB,MB NO.7487,1000,,2026-04-15T14:12:00,Shujaat Muzaffar,False
167,383,HAFIZ SHOAIB,MB NO.7494,400.01,,2026-04-15T15:54:00,Shujaat Muzaffar,False
168,385,HAFIZ SHOAIB,MB NO.7497,1400,,2026-04-15T17:30:00,Shujaat Muzaffar,False
169,387,HAFIZ SHOAIB,MB NO.7502,8000,,2026-04-16T10:19:00,Shujaat Muzaffar,False
170,388,SHARJEEL SAFWAN ABID,MB NO.7503,1000,,2026-04-16T10:22:00,Shujaat Muzaffar,False
171,389,JAHANGIR PARSUWAL,MB NO.7504,270,,2026-04-16T10:41:00,Shujaat Muzaffar,False
172,393,HAFIZ SHOAIB,MB NO.7506,1000,,2026-04-16T11:42:00,Shujaat Muzaffar,False
173,394,JAHANGIR PARSUWAL,MB NO.7505/2,300,,2026-04-16T11:55:00,Shujaat Muzaffar,False
174,395,HAJI AHMED,MB NO.7507,800,,2026-04-16T12:34:00,Shujaat Muzaffar,False
175,396,SHARJEEL SAFWAN ABID,MB NO.7509,1350,,2026-04-16T13:18:00,Shujaat Muzaffar,False
176,398,HAJI AHMED,MB NO.7511/2,300,,2026-04-15T15:02:00,Shujaat Muzaffar,False
177,401,HAFIZ SHOAIB,MB NO.7516,800,,2026-04-16T17:06:00,admin,False
178,414,SHARJEEL SAFWAN ABID,MB NO.7531,800,,2026-04-18T10:20:00,Shujaat Muzaffar,False
179,415,JAHANGIR PARSUWAL,MB NO.7532,1200,,2026-04-18T10:23:00,Shujaat Muzaffar,False
180,418,ZAIN ALI,MB NO.7540,200,,2026-04-18T10:33:00,Shujaat Muzaffar,False
181,423,HAJI AHMED,MB NO.7548,1200,,2026-04-18T10:47:00,Shujaat Muzaffar,False
182,424,HAFIZ SHOAIB,MB NO.7552,500,,2026-04-18T10:53:00,Shujaat Muzaffar,False
183,426,HAJI AHMED,MB NO.7556,700,,2026-04-19T11:00:00,Shujaat Muzaffar,False
184,427,HAFIZ SHOAIB,MB NO.7557,800,,2026-04-19T11:01:00,Shujaat Muzaffar,False
185,433,HAFIZ SHOAIB,MB NO.7563,2400,,2026-04-19T11:27:00,Shujaat Muzaffar,False
186,436,HAFIZ SHOAIB,MB NO.7571,700,,2026-04-19T17:13:00,Shujaat Muzaffar,False
187,443,SHARJEEL SAFWAN ABID,MB NO.7581,800,,2026-04-20T11:11:00,Shujaat Muzaffar,False
188,442,HAFIZ SHOAIB,MB NO.7580,1000,,2026-04-20T11:06:00,Shujaat Muzaffar,False
189,438,HAJI AHMED,MB NO.7576,1000,,2026-04-20T09:03:00,Shujaat Muzaffar,False
190,445,HAFIZ SHOAIB,MB NO.7583,800,,2026-04-20T11:58:00,Shujaat Muzaffar,False
191,447,HAJI AHMED,MB NO.7587/2,1250,,2026-04-20T13:41:00,Shujaat Muzaffar,False
192,449,SHARJEEL SAFWAN ABID,MB NO.7590,1250,,2026-04-20T14:51:00,Shujaat Muzaffar,False
193,450,HAFIZ SHOAIB,MB NO.7595,625,,2026-04-20T16:11:00,Shujaat Muzaffar,False
194,451,HAFIZ SHOAIB,MB NO.7597,1350,,2026-04-20T16:51:00,Shujaat Muzaffar,False
195,453,HAJI AHMED,MB NO.7602,200,,2026-04-21T10:19:00,Shujaat Muzaffar,False
196,454,HAFIZ SHOAIB,MB NO.7603,1250,,2026-04-21T10:20:00,Shujaat Muzaffar,False
197,456,ZAIN ALI,MB NO.7605,600,,2026-04-21T10:23:00,Shujaat Muzaffar,False
198,457,HAJI AHMED,MB NO.7606,1000,,2026-04-21T12:07:00,Shujaat Muzaffar,False
199,460,HAFIZ SHOAIB,MB NO.7618,1000,,2026-04-21T12:41:00,Shujaat Muzaffar,False
200,461,JAHANGIR PARSUWAL,MB NO.7619,520,,2026-04-21T12:42:00,Shujaat Muzaffar,False
201,466,HAFIZ SHOAIB,MB NO.7622,1300,,2026-04-21T15:45:00,Shujaat Muzaffar,False
202,467,HAJI AHMED,MB NO.7629,1250,,2026-04-21T16:47:00,Shujaat Muzaffar,False
203,476,HAJI AHMED,MB NO.7640,1250,,2026-04-22T13:13:00,Shujaat Muzaffar,False
204,485,JAHANGIR PARSUWAL,MB NO.7653,1200,,2026-04-23T09:45:00,Shujaat Muzaffar,False
205,486,HAJI AHMED,MB NO.7657,400,,2026-04-23T10:23:00,Shujaat Muzaffar,False
206,488,HAFIZ SHOAIB,MB NO.7658,7200,,2026-04-23T12:00:00,Shujaat Muzaffar,False
207,489,HAFIZ SHOAIB,MB NO.7664/2,1350,,2026-04-23T13:57:00,Shujaat Muzaffar,False
208,490,JAHANGIR PARSUWAL,MB NO.7665,350,,2026-04-23T14:08:00,Shujaat Muzaffar,False
209,492,ZAIN ALI,SB-SL-1491,800,,2026-04-23T14:19:00,Shujaat Muzaffar,False
210,493,HAJI AHMED,MB NO.7666,2777.32,,2026-04-23T14:37:00,Shujaat Muzaffar,False
211,497,HAFIZ SHOAIB,MB NO.7667,2000,,2026-04-24T10:38:00,admin,False
212,500,HAFIZ SHOAIB,MB NO.7676,1200,,2026-04-25T12:41:00,Shujaat Muzaffar,False
213,501,HAJI AHMED,MB NO.7677,700,,2026-04-25T12:43:00,Shujaat Muzaffar,False
214,505,JAHANGIR PARSUWAL,MB NO.7681,1500,,2026-04-25T12:51:00,Shujaat Muzaffar,False
215,507,HAFIZ SHOAIB,MB NO.7688,800,,2026-04-25T13:00:00,Shujaat Muzaffar,False
216,509,HAFIZ SHOAIB,MB NO.7694/2,1000,,2026-04-25T13:13:00,Shujaat Muzaffar,False
217,510,JAHANGIR PARSUWAL,MB NO.7695,1500,,2026-04-25T13:18:00,Shujaat Muzaffar,False
218,511,HAFIZ SHOAIB,MB NO.7699,250,,2026-04-25T13:31:01.524430,Shujaat Muzaffar,False
219,513,JAHANGIR PARSUWAL,MB NO.7705,700,,2026-04-25T14:38:00,Shujaat Muzaffar,False
220,514,HAFIZ SHOAIB,MB NO.7701,1000,,2026-04-25T14:53:00,Shujaat Muzaffar,False
221,516,HAFIZ SHOAIB,MB NO.7700,600,,2026-04-25T16:09:00,Shujaat Muzaffar,False
222,517,HAFIZ SHOAIB,MB NO.7708,7000,,2026-04-25T16:28:00,Shujaat Muzaffar,False
223,518,JAHANGIR PARSUWAL,MB NO.7713,850,,2026-04-25T21:49:00,Shujaat Muzaffar,False
224,520,JAHANGIR PARSUWAL,MB NO.7715,800,,2026-04-25T22:06:00,Shujaat Muzaffar,False
225,521,JAHANGIR PARSUWAL,MB NO.7719,1500,,2026-04-25T22:09:00,Shujaat Muzaffar,False
226,523,HAFIZ SHOAIB,MB NO.7721,2080,,2026-04-25T22:55:00,Shujaat Muzaffar,False
227,526,HARIS SUFWAN ABID,MB NO.7727,1000,,2026-04-26T13:06:00,Shujaat Muzaffar,False
228,529,HARIS SUFWAN ABID,MB NO.7736,700,,2026-04-26T15:23:49.103660,Shujaat Muzaffar,False
229,531,JAHANGIR PARSUWAL,MB NO.7735,600,,2026-04-26T15:36:00,Shujaat Muzaffar,False
230,532,HARIS SUFWAN ABID,MB NO.7739,1040,,2026-04-26T16:49:00,Shujaat Muzaffar,False
231,535,HAFIZ SHOAIB,MB NO.7628,1200,,2026-04-21T17:12:00,Shujaat Muzaffar,False
232,543,HARIS SUFWAN ABID,MB NO.7754,1250,,2026-04-27T12:32:00,Shujaat Muzaffar,False
233,544,HAFIZ SHOAIB,MB NO.7755,1250,,2026-04-27T12:34:00,Shujaat Muzaffar,False
234,545,HARIS SUFWAN ABID,MB NO.7756,350,,2026-04-27T12:35:00,Shujaat Muzaffar,False
235,549,HARIS SUFWAN ABID,MB NO.7764,500,,2026-04-27T14:18:00,Shujaat Muzaffar,False
236,553,HAFIZ SHOAIB,MB NO.7768,600,,2026-04-27T16:36:00,Shujaat Muzaffar,False
237,555,HAFIZ SHOAIB,MB NO.7773,1500,,2026-04-28T09:26:00,Shujaat Muzaffar,False
238,556,HAFIZ SHOAIB,MB NO.7774,1000,,2026-04-28T09:28:00,Shujaat Muzaffar,False
239,560,HARIS SUFWAN ABID,MB NO.7780,600,,2026-04-28T10:34:00,Shujaat Muzaffar,False
240,567,HAFIZ SHOAIB,MB NO.7790,2800,,2026-04-28T12:37:00,Shujaat Muzaffar,False
241,570,JAHANGIR PARSUWAL,MB NO.7798,600,,2026-04-28T16:26:00,Shujaat Muzaffar,False
242,571,HARIS SUFWAN ABID,MB NO.7799,1000,,2026-04-28T16:28:00,Shujaat Muzaffar,False
243,574,JAHANGIR PARSUWAL,MB NO.7802,1350,,2026-04-28T09:58:00,Shujaat Muzaffar,False
244,577,HAFIZ SHOAIB,MB NO.7806,600,,2026-04-29T10:10:00,Shujaat Muzaffar,False
245,578,JAHANGIR PARSUWAL,MB NO.7811,1100,,2026-04-29T12:20:00,Shujaat Muzaffar,False
246,537,HARIS SUFWAN ABID,MB NO.7744,800,,2026-04-26T10:34:00,admin,False
247,579,HAFIZ SHOAIB,MB NO.7814,1000,,2026-04-29T15:32:00,Shujaat Muzaffar,False
248,580,HARIS SUFWAN ABID,MB NO.7815,1250,,2026-04-29T15:43:00,Shujaat Muzaffar,False
249,583,HARIS SUFWAN ABID,MB NO.7819,560,,2026-04-29T19:18:00,Shujaat Muzaffar,False
250,584,HAFIZ SHOAIB,MB NO.7820,600,,2026-04-29T19:20:00,Shujaat Muzaffar,False
251,587,HAFIZ SHOAIB,MB NO.7825,600,,2026-04-29T19:29:00,Shujaat Muzaffar,False
252,588,HAFIZ SHOAIB,MB NO.7826,300,,2026-04-30T11:27:00,Shujaat Muzaffar,False
253,589,HARIS SUFWAN ABID,MB NO.7827,700,,2026-04-30T11:27:00,Shujaat Muzaffar,False
254,590,HARIS SUFWAN ABID,MB NO.7828,1200,,2026-04-30T20:25:00,Shujaat Muzaffar,False
255,591,HAFIZ SHOAIB,MB NO.7830,600,,2026-04-30T20:25:00,Shujaat Muzaffar,False
256,596,HAFIZ SHOAIB,MB NO.7838,1200,,2026-04-30T13:15:00,Shujaat Muzaffar,False
257,597,HARIS SUFWAN ABID,MB NO.7845,1200,,2026-04-30T14:37:00,Shujaat Muzaffar,False
258,599,HAJI AHMED,MB NO.1820,200,,2025-07-07T15:54:00,Shujaat Muzaffar,False
259,603,HAJI AHMED,MB NO.2778,4574,,2026-04-30T16:49:22.431426,Shujaat Muzaffar,False
260,608,HAFIZ SHOAIB,MB NO.7874,600,,2026-05-02T10:54:00,Shujaat Muzaffar,False
261,609,HAFIZ SHOAIB,MB NO.7875,1000,,2026-05-02T10:55:00,Shujaat Muzaffar,False
262,610,HARIS SUFWAN ABID,MB NO.7876,1100,,2026-05-02T11:00:00,Shujaat Muzaffar,False
263,611,JAHANGIR PARSUWAL,MB NO.7878,1250,,2026-05-02T11:04:55.332228,Shujaat Muzaffar,False
264,612,JAHANGIR PARSUWAL,MB NO.7879,800,,2026-05-02T11:20:00,Shujaat Muzaffar,False
265,615,HARIS SUFWAN ABID,MB NO.7882,1350,,2026-05-02T11:26:00,Shujaat Muzaffar,False
266,616,JAHANGIR PARSUWAL,MB NO.7884,600,,2026-05-02T11:30:00,Shujaat Muzaffar,False
267,617,JAHANGIR PARSUWAL,MB NO.7898,2500,,2026-05-02T11:34:00,Shujaat Muzaffar,False
268,625,HAJI AHMED,MB NO.2903,520,,2025-10-11T15:39:00,Shujaat Muzaffar,False
269,626,HAJI AHMED,MB NO.2935,400,,2025-10-12T09:09:00,Shujaat Muzaffar,False
270,629,HARIS SUFWAN ABID,MB NO.7910,1000,,2026-05-03T08:46:00,Shujaat Muzaffar,False
271,631,HAFIZ SHOAIB,MB NO.7907,1200,,2026-05-02T09:11:00,Shujaat Muzaffar,False
272,633,HAFIZ SHOAIB,MB NO.7911,1500,,2026-05-03T09:19:00,Shujaat Muzaffar,False
273,635,HARIS SUFWAN ABID,MB NO.7913,1100,,2026-05-03T09:46:00,Shujaat Muzaffar,False
274,637,JAHANGIR PARSUWAL,MB NO.7917,700,,2026-05-03T11:14:00,Shujaat Muzaffar,False
275,640,HAFIZ SHOAIB,MB NO.7923,600,,2026-05-03T12:12:00,Shujaat Muzaffar,False
276,641,JAHANGIR PARSUWAL,MB NO.7920,750,,2026-05-03T12:44:00,Shujaat Muzaffar,False
277,642,HARIS SUFWAN ABID,MB NO.7926,350,,2026-05-03T13:04:00,Shujaat Muzaffar,False
278,643,JAHANGIR PARSUWAL,MB NO.7934,750,,2026-05-03T14:50:00,Shujaat Muzaffar,False
279,644,HARIS SUFWAN ABID,MB NO.7921,3200,,2026-05-03T15:21:00,Shujaat Muzaffar,False
280,648,HARIS SUFWAN ABID,MB NO.7935,750,,2026-05-03T15:55:00,Shujaat Muzaffar,False
281,649,HAFIZ SHOAIB,MB NO.7936,1000,,2026-05-03T16:01:00,Shujaat Muzaffar,False
282,650,HAFIZ SHOAIB,MB NO.7944,12000,,2026-05-02T09:32:00,Shujaat Muzaffar,False
283,651,HAFIZ SHOAIB,MB NO.7938,1000,,2026-05-03T10:13:00,Shujaat Muzaffar,False
284,653,HAFIZ SHOAIB,MB NO.7943,4800,,2026-05-04T10:50:00,Shujaat Muzaffar,False
285,654,HAFIZ SHOAIB,SB-SL-1653,1000,,2026-05-04T11:07:00,Shujaat Muzaffar,False
286,656,HARIS SUFWAN ABID,MB NO.7952,1100,,2026-05-04T11:42:00,Shujaat Muzaffar,False
287,657,HARIS SUFWAN ABID,MB NO.7954,3000,,2026-05-04T12:14:00,Shujaat Muzaffar,False
288,658,HAFIZ SHOAIB,SB-SL-1657,1000,,2026-05-04T15:07:00,Shujaat Muzaffar,False
289,659,HAFIZ SHOAIB,SB-SL-1658,1000,,2026-05-04T15:07:00,Shujaat Muzaffar,False
290,661,HAJI AHMED,MB NO.3170,790,,2025-10-23T15:25:00,Shujaat Muzaffar,False
291,662,HAJI AHMED,MB NO.3190,800,,2025-10-25T15:41:00,Shujaat Muzaffar,False
292,663,HAJI AHMED,MB NO.3198,1600,,2025-10-25T15:56:00,Shujaat Muzaffar,False
293,665,HAJI AHMED,MB NO.3203,400,,2025-10-22T16:13:00,Shujaat Muzaffar,False
294,666,HAJI AHMED,MB NO.3216,200,,2026-05-04T16:23:10.069378,Shujaat Muzaffar,False
295,667,HAJI AHMED,MB NO.3262,200,,2025-10-27T16:23:00,Shujaat Muzaffar,False
296,668,HAJI AHMED,MB NO.3271,200,,2025-10-29T16:28:00,Shujaat Muzaffar,False
297,670,HAJI AHMED,MB NO.3298,500,,2025-10-30T09:39:00,Shujaat Muzaffar,False
298,671,HARIS SUFWAN ABID,MB NO.7967,1250,,2026-05-05T10:01:49.507460,Shujaat Muzaffar,False
299,672,HAJI AHMED,MB NO.3342,196,,2025-11-02T10:03:00,Shujaat Muzaffar,False
300,673,JAHANGIR PARSUWAL,MB NO.7971,600,,2026-05-05T10:57:00,Shujaat Muzaffar,False
301,674,JAHANGIR PARSUWAL,MB NO.7964,1200,,2026-05-05T11:37:00,Shujaat Muzaffar,False
302,676,HAFIZ SHOAIB,MB NO.7970,1000,,2026-05-05T12:09:00,Shujaat Muzaffar,False
303,678,ALI HAMZA,MB NO.7977,520,,2026-05-05T12:41:00,Shujaat Muzaffar,False
304,680,JAHANGIR PARSUWAL,MB NO.7983,1500,,2026-05-05T12:59:00,Shujaat Muzaffar,False
305,682,HAFIZ SHOAIB,MB NO.7981,1000,,2026-05-05T13:28:00,Shujaat Muzaffar,False
306,684,JAHANGIR PARSUWAL,MB NO.7987/7989,1000,,2026-05-05T15:29:00,Shujaat Muzaffar,False
307,685,ALI HAMZA,MB NO.7990,1500,,2026-05-05T15:33:00,Shujaat Muzaffar,False
308,687,HAJI AHMED,MB NO.3404,200,,2025-11-04T16:35:00,Shujaat Muzaffar,False
309,688,HAJI AHMED,MB NO.3438,400,,2025-11-02T16:49:00,Shujaat Muzaffar,False
310,689,HAJI AHMED,MB NO.3439,40,,2025-11-03T16:54:00,Shujaat Muzaffar,False
311,690,HAJI AHMED,MB NO.3446,200,,2025-11-05T16:56:00,Shujaat Muzaffar,False
312,686,ZAIN ALI,MB NO.7991,1250,,2026-05-05T15:37:00,Shujaat Muzaffar,False
313,695,HARIS SUFWAN ABID,MB NO.7996,1100,,2026-05-06T16:41:00,Shujaat Muzaffar,False
314,699,HARIS SUFWAN ABID,SB-SL-1698,600,,2026-05-06T16:59:53.707771,Shujaat Muzaffar,False
315,702,HARIS SUFWAN ABID,MB NO.8006,700,,2026-05-06T17:05:00,Shujaat Muzaffar,False
316,709,HARIS SUFWAN ABID,MB NO.8013,1000,,2026-05-06T09:39:00,Shujaat Muzaffar,False
317,710,ZAIN ALI,MB NO.8016,350,,2026-05-06T10:03:00,Shujaat Muzaffar,False
318,711,JAHANGIR PARSUWAL,MB NO.8019,600,,2026-05-06T10:07:00,Shujaat Muzaffar,False
319,713,HARIS SUFWAN ABID,MB NO.8025,1100,,2026-05-06T10:36:00,Shujaat Muzaffar,False
320,714,HARIS SUFWAN ABID,MB NO.8030,800,,2026-05-07T10:44:00,Shujaat Muzaffar,False
321,716,HAFIZ SHOAIB,MB NO.8032,300,,2026-05-07T10:59:00,Shujaat Muzaffar,False
322,717,HAFIZ SHOAIB,MB NO.8034,300,,2026-05-07T11:02:00,Shujaat Muzaffar,False
323,718,JAHANGIR PARSUWAL,MB NO.8037,600,,2026-05-07T11:09:00,Shujaat Muzaffar,False
324,719,ALI HAMZA,MB NO.8040,1350,,2026-05-07T12:38:00,Shujaat Muzaffar,False
325,728,HARIS SUFWAN ABID,MB NO.8074,1100,,2026-05-08T10:09:00,Rehman Ahmed,False
326,733,HARIS SUFWAN ABID,MB NO.8078,1500,,2026-05-08T11:16:00,Rehman Ahmed,False
327,735,HAFIZ SHOAIB,MB NO.8084,1100,,2026-05-09T11:55:00,Shujaat Muzaffar,False
328,741,ZAIN ALI,MB NO.8092,600,,2026-05-09T12:17:00,Shujaat Muzaffar,False
329,751,HARIS SUFWAN ABID,MB NO.8118,520,,2026-05-09T17:24:00,Rehman Ahmed,False
330,754,OUTSIDER,MB NO.8064,1200,,2026-05-07T10:32:00,Shujaat Muzaffar,False
331,755,HAFIZ SHOAIB,MB NO.8123,1100,,2026-05-10T10:37:00,Shujaat Muzaffar,False
332,759,HAJI AHMED,MB NO.8068,2500,,2026-05-07T10:49:00,Shujaat Muzaffar,False
333,761,HAFIZ SHOAIB,MB NO.8131,7200,,2026-05-10T11:02:00,Shujaat Muzaffar,False
334,763,JAHANGIR PARSUWAL,MB NO.8133,1000,,2026-05-10T11:24:00,Shujaat Muzaffar,False
335,764,ZAIN ALI,MB NO.8135,1250,,2026-05-10T11:26:00,Shujaat Muzaffar,False
336,768,HAFIZ SHOAIB,MB NO.8144,920,,2026-05-10T14:13:00,Shujaat Muzaffar,False
337,772,ZAIN ALI,MB NO.8153,800,,2026-05-10T16:20:00,Shujaat Muzaffar,False
338,773,ALI HAMZA,MB NO.8155,1000,,2026-05-11T11:10:00,Shujaat Muzaffar,False
339,774,HARIS SUFWAN ABID,MB NO.8156,1000,,2026-05-11T11:11:00,Shujaat Muzaffar,False
340,779,ZAIN ALI,MB NO.8165,1200,,2026-05-11T12:00:00,Shujaat Muzaffar,False
341,780,HAFIZ SHOAIB,SB-SL-1779,6500,,2026-05-11T17:10:00,Shujaat Muzaffar,False
342,782,ZAIN ALI,MB NO.8173,1000,,2026-05-11T17:17:00,Shujaat Muzaffar,False
343,783,HAFIZ SHOAIB,MB NO.8174,1350,,2026-05-11T17:18:00,Shujaat Muzaffar,False
344,785,JAHANGIR PARSUWAL,MB NO.8176,308.67,,2026-05-11T17:25:00,Shujaat Muzaffar,False
345,777,HARIS SUFWAN ABID,MB NO.8159,1006.5,,2026-05-11T11:24:00,Shujaat Muzaffar,False
346,769,HARIS SUFWAN ABID,MB NO.8147,200,,2026-05-10T14:15:00,Shujaat Muzaffar,False
347,790,HARIS SUFWAN ABID,MB NO.8190,750,,2026-05-12T10:30:55.804358,Shujaat Muzaffar,False
348,791,JAHANGIR PARSUWAL,MB NO.8191,1300,,2026-05-12T10:33:00,Shujaat Muzaffar,False
349,793,HARIS SUFWAN ABID,MB NO.8193,1000,,2026-05-12T10:40:00,Shujaat Muzaffar,False
350,750,ZAIN ALI,MB NO.8115,1000,,2026-05-09T16:19:00,Shujaat Muzaffar,False
351,732,HARIS SUFWAN ABID,MB NO.8077,1000,,2026-05-08T11:15:00,Shujaat Muzaffar,False
352,795,HAFIZ SHOAIB,MB NO.8195,1500,,2026-05-12T10:53:00,Shujaat Muzaffar,False
353,796,HAFIZ SHOAIB,MB NO.8200,2000,,2026-05-12T12:02:00,Shujaat Muzaffar,False
354,797,ALI HAMZA,MB NO.8202,1000,,2026-05-12T12:47:00,Shujaat Muzaffar,False
355,806,ALI HAMZA,MB NO.8228,350,,2026-05-13T12:52:00,Shujaat Muzaffar,False
356,807,HAFIZ SHOAIB,MB NO.8231,350,,2026-05-13T13:33:00,Shujaat Muzaffar,False
357,808,HARIS SUFWAN ABID,MB NO.8233,1200,,2026-05-13T13:36:00,Shujaat Muzaffar,False
358,813,HAFIZ SHOAIB,MB NO.8247,1000,,2026-05-13T15:40:00,Shujaat Muzaffar,False
359,814,ALI HAMZA,MB NO.8248,350,,2026-05-13T15:50:00,Shujaat Muzaffar,False
360,821,ALI HAMZA,MB NO.8257-1b,700,,2026-05-14T15:05:00,Rehman Ahmed,False
361,822,JAHANGIR PARSUWAL,MB NO.8259,1500,,2026-05-14T15:12:00,Shujaat Muzaffar,False
363,831,JAHANGIR PARSUWAL,MB NO.8284,800,,2026-05-14T16:16:00,Shujaat Muzaffar,False
364,832,HARIS SUFWAN ABID,MB NO.8285,1200,,2026-05-14T16:17:00,Shujaat Muzaffar,False
365,839,ALI HAMZA,MB NO.8314,100,,2026-05-15T10:49:00,Shujaat Muzaffar,False
366,840,ZAIN ALI,MB NO.8315,3500,,2026-05-16T11:27:00,Shujaat Muzaffar,False
367,841,HAFIZ SHOAIB,MB NO.8316,4000,,2026-05-16T11:30:00,Shujaat Muzaffar,False
368,843,ALI HAMZA,MB NO.8326,1250,,2026-05-16T13:07:00,Shujaat Muzaffar,False
369,844,HARIS SUFWAN ABID,MB NO.8331,600,,2026-05-16T13:13:00,Shujaat Muzaffar,False
370,845,ZAIN ALI,MB NO.8333,1000,,2026-05-16T13:19:00,Shujaat Muzaffar,False
371,847,HARIS SUFWAN ABID,MB NO.8344,1800,,2026-05-16T13:38:00,Shujaat Muzaffar,False
372,848,ZAHID LOADER,MB NO.8345,350,,2026-05-16T13:40:00,Shujaat Muzaffar,False
373,849,HAFIZ SHOAIB,MB NO.8347,1350,,2026-05-16T13:42:00,Shujaat Muzaffar,False
374,854,ALI HAMZA,MB NO.8357,1100,,2026-05-17T14:18:00,Shujaat Muzaffar,False
375,856,HAFIZ SHOAIB,MB NO.8361,600,,2026-05-17T14:21:00,Shujaat Muzaffar,False
376,858,ALI HAMZA,MB NO.8364,1200,,2026-05-17T14:24:00,Shujaat Muzaffar,False
377,860,ALI HAMZA,MB NO.8369,1000,,2026-05-17T15:18:00,Shujaat Muzaffar,False
378,861,ZAIN ALI,MB NO.8312,235.13,,2026-05-15T15:46:00,Shujaat Muzaffar,False
380,869,HARIS SUFWAN ABID,MB NO.8385,1000,,2026-05-18T03:24:00,Shujaat Muzaffar,False
381,870,HAFIZ SHOAIB,MB NO.8387,4740,,2026-05-18T03:26:00,Shujaat Muzaffar,False
382,873,HARIS SUFWAN ABID,MB NO.8396,2100,,2026-05-18T03:35:00,Shujaat Muzaffar,False
383,877,HAFIZ SHOAIB,MB NO.8412,6000,,2026-05-18T04:03:00,Shujaat Muzaffar,False
384,879,JAHANGIR PARSUWAL,MB NO.8414,1000,,2026-05-18T04:06:00,Shujaat Muzaffar,False
387,886,HARIS SUFWAN ABID,MB NO.8428,2400,,2026-05-18T05:18:00,Shujaat Muzaffar,False
388,887,ALI HAMZA,MB NO.8430,1000,,2026-05-18T21:41:00,Shujaat Muzaffar,False
389,890,ALI HAMZA,MB NO.8438,600,,2026-05-18T00:22:00,Shujaat Muzaffar,False
390,893,HAFIZ SHOAIB,MB NO.8444,960,,2026-05-18T00:56:00,Shujaat Muzaffar,False
391,894,ALI HAMZA,MB NO.8446,550,,2026-05-19T01:05:00,Shujaat Muzaffar,False
392,895,HARIS SUFWAN ABID,MB NO.8447,700,,2026-05-19T01:11:00,Shujaat Muzaffar,False
393,898,HARIS SUFWAN ABID,MB NO.8454,550,,2026-05-19T01:33:00,Shujaat Muzaffar,False
394,899,ALI HAMZA,MB NO.8455,1500,,2026-05-19T01:40:00,Shujaat Muzaffar,False
395,900,HARIS SUFWAN ABID,MB NO.8458,1200,,2026-05-19T01:43:00,Shujaat Muzaffar,False
396,901,ALI HAMZA,MB NO.8462,600,,2026-05-19T01:46:00,Shujaat Muzaffar,False
397,902,ALI HAMZA,MB NO.8380,4160,,2026-05-19T16:21:47.141947,Rehman Ahmed,False
398,906,HAFIZ SHOAIB,MB NO.8465,1200,,2026-05-19T22:18:00,Shujaat Muzaffar,False
399,907,HARIS SUFWAN ABID,MB NO.8469,700,,2026-05-19T22:19:00,Shujaat Muzaffar,False
400,909,HAFIZ SHOAIB,MB NO.8472.2,500,,2026-05-19T22:43:00,Shujaat Muzaffar,False
401,911,ALI HAMZA,MB NO.8477,600,,2026-05-19T22:49:00,Shujaat Muzaffar,False
402,912,HAFIZ SHOAIB,MB NO.8480,1200,,2026-05-20T10:51:00,Shujaat Muzaffar,False
403,913,ZAIN ALI,MB NO.8482,800,,2026-05-20T10:54:00,Shujaat Muzaffar,False
404,914,HAFIZ SHOAIB,MB NO.8483,1300,,2026-05-20T11:01:45.446707,Shujaat Muzaffar,False
405,916,HARIS SUFWAN ABID,MB NO.8487,2400,,2026-05-20T11:03:00,Shujaat Muzaffar,False
406,917,HAFIZ SHOAIB,MB NO.8488,600,,2026-05-20T11:05:00,Shujaat Muzaffar,False
407,918,HAFIZ SHOAIB,MB NO.8489,600,,2026-05-20T11:07:00,Shujaat Muzaffar,False
408,919,ZAIN ALI,MB NO.8490,700,,2026-05-20T11:46:00,Shujaat Muzaffar,False
409,922,ALI HAMZA,MB NO.8495,7000,,2026-05-16T12:06:00,Shujaat Muzaffar,False
410,923,ZAIN ALI,MB NO.8496,350,,2026-05-20T12:09:00,Shujaat Muzaffar,False
411,924,HAFIZ SHOAIB,MB NO.8501,1500,,2026-05-20T12:13:00,Shujaat Muzaffar,False
412,926,ALI HAMZA,MB NO.8503,1500,,2026-05-20T12:33:00,Shujaat Muzaffar,False
413,927,HAFIZ SHOAIB,MB NO.8504,1200,,2026-05-20T12:38:00,Shujaat Muzaffar,False
414,929,JAHANGIR PARSUWAL,MB NO.8509,700,,2026-05-21T12:54:00,Shujaat Muzaffar,False
415,930,HAFIZ SHOAIB,MB NO.8514,1200,,2026-05-20T13:02:00,Shujaat Muzaffar,False
416,931,ALI HAMZA,MB NO.8516,1500,,2026-05-21T13:12:00,Shujaat Muzaffar,False
417,934,ZAHID LOADER,MB NO.8519,2000,,2026-05-21T13:48:00,Shujaat Muzaffar,False
418,938,ZAIN ALI,MB NO.8525,750,,2026-05-21T14:31:00,Shujaat Muzaffar,False
419,939,HAFIZ SHOAIB,MB NO.8517,942.81,,2026-05-21T14:33:00,Shujaat Muzaffar,False
420,941,ALI HAMZA,MB NO.8515,300,,2026-05-21T11:18:00,Rehman Ahmed,False
421,942,JAHANGIR PARSUWAL,MB NO.8527,2000,,2026-05-23T01:34:00,Shujaat Muzaffar,False
422,948,ZAIN ALI,MB NO.8537,497.18,,2026-05-21T01:52:00,Shujaat Muzaffar,False
423,949,ZAIN ALI,MB NO.8543,600,,2026-05-21T02:13:00,Shujaat Muzaffar,False
424,951,HAFIZ SHOAIB,MB NO.8548,1200,,2026-05-21T14:40:00,Shujaat Muzaffar,False
425,952,HAFIZ SHOAIB,MB NO.8550,1200,,2026-05-21T02:42:00,Shujaat Muzaffar,False
426,954,JAHANGIR PARSUWAL,MB NO.8553,1200,,2026-05-21T03:01:00,Shujaat Muzaffar,False
427,955,JAHANGIR PARSUWAL,MB NO.8249,1500,,2026-05-13T03:14:00,Shujaat Muzaffar,False
428,957,ALI HAMZA,MB NO.8563,750,,2026-05-23T03:30:00,Shujaat Muzaffar,False
429,959,ZAHID LOADER,MB NO.8566,5600,,2026-05-23T03:38:00,Shujaat Muzaffar,False
430,960,ZAIN ALI,MB NO.8568,1200,,2026-05-23T03:41:00,Shujaat Muzaffar,False
431,962,ZAIN ALI,MB NO.8570,350,,2026-05-23T03:43:00,Shujaat Muzaffar,False
432,963,ALI HAMZA,MB NO.8571,1300,,2026-05-23T03:45:00,Shujaat Muzaffar,False
433,964,HARIS SUFWAN ABID,MB NO.8572,800,,2026-05-23T03:51:00,Shujaat Muzaffar,False
434,965,HARIS SUFWAN ABID,MB NO.8574,600,,2026-05-23T03:58:00,Shujaat Muzaffar,False
435,966,JAHANGIR PARSUWAL,MB NO.8576,2678.4,,2026-05-23T04:01:00,Shujaat Muzaffar,False
436,967,ALI HAMZA,MB NO.8578,350,,2026-05-23T04:07:00,Shujaat Muzaffar,False
437,968,JAHANGIR PARSUWAL,MB NO.8580,1300,,2026-05-23T04:08:00,Shujaat Muzaffar,False
438,972,ZAIN ALI,MB NO.8586,1200,,2026-05-23T04:23:00,Shujaat Muzaffar,False
439,883,JAHANGIR PARSUWAL,MB NO.8423,2000,,2026-05-18T04:21:00,Rehman Ahmed,False
440,974,JAHANGIR PARSUWAL,MB NO.8590,300,,2026-05-23T22:58:00,Shujaat Muzaffar,False
441,975,HAFIZ SHOAIB,MB NO.8592,450,,2026-05-23T23:00:00,Shujaat Muzaffar,False
442,976,HARIS SUFWAN ABID,MB NO.8593/2,2000,,2026-05-23T23:56:00,Shujaat Muzaffar,False
443,977,JAHANGIR PARSUWAL,MB NO.8594,600,,2026-05-23T00:57:00,Shujaat Muzaffar,False
444,982,ALI HAMZA,MB NO.8604,350,,2026-05-24T04:20:00,Shujaat Muzaffar,False
445,985,JAHANGIR PARSUWAL,MB NO.8613,600,,2026-05-24T04:40:00,Shujaat Muzaffar,False
446,989,HARIS SUFWAN ABID,MB NO.8621,1000,,2026-05-24T05:05:00,Shujaat Muzaffar,False
447,990,ZAIN ALI,MB NO.8624,572.4,,2026-05-24T11:10:00,Shujaat Muzaffar,False
448,991,JAHANGIR PARSUWAL,MB NO.8625,750,,2026-05-25T11:15:00,Shujaat Muzaffar,False
449,992,OUTSIDER,MB NO.8626/2,3000,,2026-05-24T11:54:00,Shujaat Muzaffar,False
450,993,HAFIZ SHOAIB,MB NO.8628,1000,,2026-05-25T12:46:00,Shujaat Muzaffar,False
451,994,ZAIN ALI,MB NO.8629,300,,2026-05-25T12:49:00,Shujaat Muzaffar,False
452,995,ALI HAMZA,MB NO.8631,2400,,2026-05-25T12:52:00,Shujaat Muzaffar,False
454,1003,HAFIZ SHOAIB,MB NO.8639,1000,,2026-05-25T14:44:00,Shujaat Muzaffar,False
455,1004,HARIS SUFWAN ABID,MB NO.8640,1000,,2026-05-25T14:49:00,Shujaat Muzaffar,False
456,1006,ALI HAMZA,MB NO.8644,1500,,2026-05-25T15:26:00,Shujaat Muzaffar,False
457,1008,JAHANGIR PARSUWAL,MB NO.8649,800,,2026-05-25T15:32:00,Shujaat Muzaffar,False
458,1010,ZAIN ALI,MB NO.8651,1500,,2026-05-25T15:43:00,Shujaat Muzaffar,False
459,1015,JAHANGIR PARSUWAL,MB NO.8713,500,,2026-05-30T16:31:00,Shujaat Muzaffar,False
460,1017,JAHANGIR PARSUWAL,MB NO.8666,1800,,2026-05-25T16:58:00,Shujaat Muzaffar,False
461,1019,JAHANGIR PARSUWAL,MB NO.8670,300,,2026-05-25T17:04:00,Shujaat Muzaffar,False
462,1020,JAHANGIR PARSUWAL,MB NO.8703,350,,2026-05-30T17:12:00,Shujaat Muzaffar,False
463,1022,ALI HAMZA,MB NO.8676,1250,,2026-05-26T17:21:00,Shujaat Muzaffar,False
464,1023,HAFIZ SHOAIB,MB NO.8705,1250,,2026-05-30T17:23:48.152335,Shujaat Muzaffar,False
465,1024,JAHANGIR PARSUWAL,MB NO.8706,1000,,2026-05-30T17:24:00,Shujaat Muzaffar,False
466,1028,HAFIZ SHOAIB,MB NO.8714,1500,,2026-05-30T17:38:00,Shujaat Muzaffar,False
467,1032,JAHANGIR PARSUWAL,MB NO.8718,1250,,2026-05-30T09:14:00,Shujaat Muzaffar,False
468,1035,HAFIZ SHOAIB,MB NO.8721,600,,2026-05-31T10:52:00,Shujaat Muzaffar,False
469,1040,HAFIZ SHOAIB,MB NO.8727,600,,2026-05-31T11:07:00,Shujaat Muzaffar,False
470,1043,HAFIZ SHOAIB,MB NO.8733,1000,,2026-05-31T13:24:00,Shujaat Muzaffar,False
471,1046,ZAIN ALI,MB NO.8673,600,,2026-05-26T13:39:00,Shujaat Muzaffar,False
472,1051,HAFIZ SHOAIB,MB NO.8685,700,,2026-05-26T15:12:00,Shujaat Muzaffar,False
473,1053,HAFIZ SHOAIB,MB NO.8687,700,,2026-05-26T15:26:00,Shujaat Muzaffar,False
474,1054,ZAIN ALI,MB NO.8690,1400,,2026-05-26T15:26:00,Shujaat Muzaffar,False
475,1058,HARIS SUFWAN ABID,MB NO.8696,525,,2026-05-26T15:33:00,Shujaat Muzaffar,False
476,1060,HAFIZ SHOAIB,MB NO.8739/8742,2500,,2026-05-31T15:45:00,Shujaat Muzaffar,False
477,1061,ZAIN ALI,MB NO.8744,600,,2026-05-31T16:49:00,Shujaat Muzaffar,False
478,1062,HAFIZ SHOAIB,MB NO.8745,2504,,2026-05-31T09:50:00,Shujaat Muzaffar,False
479,1063,ALI HAMZA,MB NO.8737,1500,,2026-05-31T10:04:00,Shujaat Muzaffar,False
480,1064,ZAIN ALI,MB NO.8734,1000,,2026-05-31T10:05:00,Shujaat Muzaffar,False
481,1065,HARIS SUFWAN ABID,MB NO.8750,1000,,2026-06-01T10:53:00,Shujaat Muzaffar,False
482,1066,HAFIZ SHOAIB,MB NO.8751,1000,,2026-06-01T10:56:00,Shujaat Muzaffar,False
483,1067,JAHANGIR PARSUWAL,MB NO.8754,600,,2026-06-01T12:37:00,Shujaat Muzaffar,False
485,1070,JAHANGIR PARSUWAL,MB NO.8760,1000,,2026-06-01T13:00:00,Shujaat Muzaffar,False
486,1071,JAHANGIR PARSUWAL,MB NO.8762,2500,,2026-06-01T13:04:00,Shujaat Muzaffar,False
487,1076,HAFIZ SHOAIB,MB NO.8771,520,,2026-06-01T13:29:00,Shujaat Muzaffar,False
488,1080,HAFIZ SHOAIB,MB NO.8778,600,,2026-06-01T15:40:00,Shujaat Muzaffar,False
489,1084,ALI HAMZA,MB NO.8788,600,,2026-06-02T11:02:00,Shujaat Muzaffar,False
490,1088,ZAIN ALI,MB NO.8793,1000,,2026-06-02T12:00:00,Shujaat Muzaffar,False
491,1089,HAFIZ SHOAIB,MB NO.8794,600,,2026-06-02T12:02:00,Shujaat Muzaffar,False
492,1090,ALI HAMZA,MB NO.8795,1500,,2026-06-02T12:08:00,Shujaat Muzaffar,False
493,1092,HARIS SUFWAN ABID,MB NO.8800,350,,2026-06-02T12:21:00,Shujaat Muzaffar,False
494,1096,ZAIN ALI,MB NO.8805,700,,2026-06-02T12:52:00,Shujaat Muzaffar,False
495,1097,HARIS SUFWAN ABID,MB NO.8810,600,,2026-06-02T16:01:00,Shujaat Muzaffar,False
496,1099,HAFIZ SHOAIB,MB NO.8822,5312.98,,2026-06-02T17:13:00,Shujaat Muzaffar,False
497,1100,HAFIZ SHOAIB,SB-SL-2096,1500,,2026-06-03T10:38:00,Shujaat Muzaffar,False
498,1104,HAFIZ SHOAIB,MB NO.8875,1500,,2026-06-03T17:53:00,Rehman Ahmed,False
499,1107,HAFIZ SHOAIB,MB NO.8878,350,,2026-06-08T09:17:00,Rehman Ahmed,False
500,1108,JAHANGIR PARSUWAL,MB NO.8879,900,,2026-06-08T09:19:00,Rehman Ahmed,False
501,1109,ZAIN ALI,MB NO.8880,1000,,2026-06-08T09:23:00,Rehman Ahmed,False
502,1110,HARIS SUFWAN ABID,MB NO.8881,600,,2026-06-04T09:25:00,Rehman Ahmed,False
503,1114,HAFIZ SHOAIB,MB NO.8883,800,,2026-06-04T11:48:00,Rehman Ahmed,False
504,1118,JAHANGIR PARSUWAL,MB NO.8867,1200,,2026-06-08T12:27:00,Rehman Ahmed,False
505,1122,JAHANGIR PARSUWAL,MB NO.8894,2000,,2026-06-08T12:47:00,Rehman Ahmed,False
506,1129,ALI HAMZA,MB NO.8905-1,600,,2026-06-04T14:03:00,Rehman Ahmed,False
507,1130,HARIS SUFWAN ABID,MB NO.8906,800,,2026-06-08T14:26:00,Rehman Ahmed,False
508,1138,JAHANGIR PARSUWAL,MB NO.8918,1000,,2026-06-05T17:05:00,Rehman Ahmed,False
509,1140,ALI HAMZA,MB NO.8921,1000,,2026-06-05T17:10:00,Rehman Ahmed,False
510,1141,ZAIN ALI,MB NO.8923,5825,,2026-06-05T17:12:00,Rehman Ahmed,False
511,1142,JAHANGIR PARSUWAL,MB NO.8924,1300,,2026-06-08T17:18:00,Rehman Ahmed,False
513,1154,HAFIZ SHOAIB,MB NO.8928,700,,2026-06-06T10:05:00,Rehman Ahmed,False
514,1156,ALI HAMZA,MB NO.8929,1500,,2026-06-06T10:47:00,Rehman Ahmed,False
515,1158,ZAHID LOADER,MB NO.9085,700,,2026-06-09T11:24:00,Rehman Ahmed,False
516,1159,HARIS SUFWAN ABID,MB NO.9084,3000,,2026-06-09T11:26:00,Rehman Ahmed,False
517,1161,HAFIZ SHOAIB,MB NO.8932,1250,,2026-06-06T11:44:00,Rehman Ahmed,False
518,1164,HAFIZ SHOAIB,MB NO.9076/2,1500,,2026-06-09T11:50:00,Rehman Ahmed,False
519,1165,HAFIZ SHOAIB,MB NO.9086,700,,2026-06-09T12:02:00,Rehman Ahmed,False
520,1166,HARIS SUFWAN ABID,MB NO.9087,800,,2026-06-09T12:07:00,Rehman Ahmed,False
521,1167,HAFIZ SHOAIB,MB NO.9088,700,,2026-06-09T12:28:00,Rehman Ahmed,False
522,1168,ALI HAMZA,MB NO.9075/2,1000,,2026-06-09T12:48:00,Rehman Ahmed,False
523,1170,ZAIN ALI,MB NO.9092,1700,,2026-06-09T13:35:59.596994,Rehman Ahmed,False
524,1181,ZAHID LOADER,MB NO.9116,1400,,2026-06-10T12:38:00,Rehman Ahmed,False
525,1186,HAFIZ SHOAIB,MB NO.8975,6000,,2026-06-06T12:49:00,Rehman Ahmed,False
526,1187,HAFIZ SHOAIB,MB NO.9120,1000,,2026-06-10T12:59:00,Rehman Ahmed,False
527,1188,ZAHID LOADER,MB NO.9125,1500,,2026-06-10T13:00:00,Rehman Ahmed,False
528,1190,HARIS SUFWAN ABID,MB NO.8954,520,,2026-06-10T13:10:00,Rehman Ahmed,False
529,1193,HAFIZ SHOAIB,MB NO.9139,1500,,2026-06-10T14:30:00,Rehman Ahmed,False
530,1195,HARIS SUFWAN ABID,MB NO.9141,1800,,2026-06-10T14:36:00,Rehman Ahmed,False
531,1197,ZAIN ALI,MB NO.9145,1500,,2026-06-10T15:31:00,Rehman Ahmed,False
532,1206,HAFIZ SHOAIB,MB NO.9324,1250,,2026-06-15T11:35:00,Shujaat Muzaffar,False
533,1207,HARIS SUFWAN ABID,MB NO.9325,1200,,2026-06-15T11:37:00,Shujaat Muzaffar,False
534,1212,HARIS SUFWAN ABID,MB NO.8938,300,,2026-06-06T12:29:00,Shujaat Muzaffar,False
535,1213,HAFIZ SHOAIB,MB NO.8939,1000,,2026-06-06T12:35:00,Shujaat Muzaffar,False
536,1215,ALI HAMZA,MB NO.8946,1000,,2026-06-06T12:52:00,Shujaat Muzaffar,False
537,1218,HAFIZ SHOAIB,MB NO.9345,1500,,2026-06-15T15:29:00,Shujaat Muzaffar,False
538,1220,JAHANGIR PARSUWAL,MB NO.9347,500,,2026-06-15T15:45:00,Shujaat Muzaffar,False
539,1224,HARIS SUFWAN ABID,MB NO.8957,1200,,2026-06-06T16:02:00,Shujaat Muzaffar,False
540,1230,ZAIN ALI,MB NO.8981,1400,,2026-06-07T10:15:00,Rehman Ahmed,False
541,1234,JAHANGIR PARSUWAL,MB NO.8985,600,,2026-06-07T10:50:00,Rehman Ahmed,False
542,1235,ALI HAMZA,SB-SL-2231,1100,,2026-06-07T11:06:00,Rehman Ahmed,False
543,1237,ZAIN ALI,MB NO.8990,1250,,2026-06-07T11:29:00,Rehman Ahmed,False
544,1244,ZAIN ALI,MB NO.8998-A,700,,2026-06-07T12:39:00,Rehman Ahmed,False
545,1245,JAHANGIR PARSUWAL,MB NO.8837,600,,2026-06-03T12:39:00,Rehman Ahmed,False
546,1246,HARIS SUFWAN ABID,MB NO.8999,600,,2026-06-07T12:47:00,Rehman Ahmed,False
547,1257,HAFIZ SHOAIB,MB NO.8759-A,1050,,2026-06-16T14:59:27.040707,Rehman Ahmed,False
548,1266,ALI HAMZA,MB NO.8838,1000,,2026-06-03T09:14:00,Rehman Ahmed,False
549,1267,JAHANGIR PARSUWAL,MB NO.9032,1000,,2026-06-08T09:22:00,Rehman Ahmed,False
550,1268,ALI HAMZA,MB NO.9296,1250,,2026-06-14T10:48:00,Shujaat Muzaffar,False
551,1269,HAFIZ SHOAIB,MB NO.9164,1000,,2026-06-11T10:50:00,Shujaat Muzaffar,False
552,1270,HARIS SUFWAN ABID,MB NO.9033,800,,2026-06-08T10:16:00,Rehman Ahmed,False
553,1271,ZAIN ALI,MB NO.9034,1250,,2026-06-17T12:03:45.040821,Rehman Ahmed,False
554,1273,HAFIZ SHOAIB,MB NO.9036,525,,2026-06-08T12:05:00,Rehman Ahmed,False
555,1276,ZAIN ALI,MB NO.9040,350,,2026-06-08T12:15:00,Rehman Ahmed,False
556,1277,ALI HAMZA,MB NO.8855,600,,2026-06-03T12:16:00,Rehman Ahmed,False
557,1278,HAFIZ SHOAIB,MB NO.9041,600,,2026-06-17T12:20:00,Rehman Ahmed,False
558,1288,HARIS SUFWAN ABID,MB NO.9349,1000,,2026-06-15T12:51:00,Shujaat Muzaffar,False
559,1295,HAFIZ SHOAIB,MB NO.9356,1000,,2026-06-16T14:44:00,Shujaat Muzaffar,False
560,1296,ZAIN ALI,MB NO.9357,350,,2026-06-16T15:04:00,Shujaat Muzaffar,False
561,1299,ZAIN ALI,MB NO.9360,1250,,2026-06-16T15:15:00,Shujaat Muzaffar,False
562,1304,HARIS SUFWAN ABID,MB NO.9364,1500,,2026-06-16T15:22:00,Shujaat Muzaffar,False
563,1146,HARIS SUFWAN ABID,MB NO.9072/1,600,,2026-06-09T08:57:00,Rehman Ahmed,False
564,1316,HAFIZ SHOAIB,MB NO.9411,1500,,2026-06-17T10:18:00,Shujaat Muzaffar,False
565,1315,HAFIZ SHOAIB,MB NO.9409,1250,,2026-06-17T10:08:00,Shujaat Muzaffar,False
566,1317,HARIS SUFWAN ABID,MB NO.9412,1100,,2026-06-17T10:21:00,Shujaat Muzaffar,False
567,1321,HAFIZ SHOAIB,MB NO.9421,350,,2026-06-17T10:32:00,Shujaat Muzaffar,False
568,1323,HAFIZ SHOAIB,MB NO.9281,1800,,2026-06-14T10:39:00,Shujaat Muzaffar,False
569,1326,HAFIZ SHOAIB,MB NO.9400,1400,,2026-06-16T10:43:00,Shujaat Muzaffar,False
570,1327,ALI HAMZA,MB NO.9430,3000,,2026-06-17T10:54:00,Shujaat Muzaffar,False
571,1331,ALI HAMZA,MB NO.9434,300,,2026-06-17T11:40:00,Shujaat Muzaffar,False
572,1336,ALI HAMZA,MB NO.9435,600,,2026-06-17T11:51:00,Shujaat Muzaffar,False
573,1337,HAFIZ SHOAIB,MB NO.9144,600,,2026-06-10T12:12:00,Rehman Ahmed,False
574,1231,JAHANGIR PARSUWAL,MB NO.8982,3600,,2026-06-07T10:21:00,Shujaat Muzaffar,False
575,1209,ZAIN ALI,MB NO.8937,3400,,2026-06-06T11:53:00,Shujaat Muzaffar,False
577,1340,HAFIZ SHOAIB,MB NO.9451,1000,,2026-06-18T13:48:00,Shujaat Muzaffar,False
578,1322,ALI HAMZA,MB NO.9425,1500,,2026-06-17T10:37:00,Shujaat Muzaffar,False
579,1344,HARIS SUFWAN ABID,MB NO.9457,1250,,2026-06-18T15:33:00,Shujaat Muzaffar,False
580,1350,JAHANGIR PARSUWAL,MB NO.9496,1250,,2026-06-19T10:23:00,Rehman Ahmed,False
581,1353,JAHANGIR PARSUWAL,MB NO.9498,1250,,2026-06-19T11:41:00,Rehman Ahmed,False
582,1355,ALI HAMZA,MB NO.9466,350,,2026-06-18T12:00:00,Rehman Ahmed,False
583,1356,ZAIN ALI,MB NO.9461,1200,,2026-06-18T12:15:00,Rehman Ahmed,False
584,1359,ALI HAMZA,MB NO.9462,600,,2026-06-18T14:14:00,Rehman Ahmed,False
585,1361,JAHANGIR PARSUWAL,MB NO.9504,300,,2026-06-19T14:19:00,Rehman Ahmed,False
587,1365,JAHANGIR PARSUWAL,MB NO.9515,2000,,2026-06-20T08:54:00,Shujaat Muzaffar,False
588,1374,HAFIZ SHOAIB,MB NO.9518,2250,,2026-06-20T13:35:00,Shujaat Muzaffar,False
590,1376,ALI HAMZA,MB NO.9521,800,,2026-06-20T13:39:00,Shujaat Muzaffar,False
591,1377,JAHANGIR PARSUWAL,MB NO.9522,2000,,2026-06-20T13:41:00,Shujaat Muzaffar,False
592,1379,HARIS SUFWAN ABID,MB NO.9183,1498.38,,2026-06-15T13:51:00,Shujaat Muzaffar,False
593,1381,HAFIZ SHOAIB,MB NO.9528,1500,,2026-06-20T13:58:00,Shujaat Muzaffar,False
594,1382,OUTSIDER,MB NO.9529,300,,2026-06-20T13:59:00,Shujaat Muzaffar,False
595,1385,ALI HAMZA,MB NO.9533,7500,,2026-06-20T14:23:00,Shujaat Muzaffar,False
596,1386,ZAIN ALI,MB NO.9534,1250,,2026-06-20T14:26:00,Shujaat Muzaffar,False
597,1389,HAFIZ SHOAIB,MB NO.9538,1000,,2026-06-20T15:06:00,Shujaat Muzaffar,False
598,1391,ZAIN ALI,MB NO.9540,1250,,2026-06-20T15:09:00,Shujaat Muzaffar,False
599,1393,HAFIZ SHOAIB,MB NO.9544,1000,,2026-06-20T15:54:00,Shujaat Muzaffar,False
600,1394,ALI HAMZA,MB NO.9546,1000,,2026-06-20T15:57:00,Shujaat Muzaffar,False
601,1289,HAFIZ SHOAIB,MB NO.9056,1000,,2026-06-08T12:53:00,Shujaat Muzaffar,False
603,1400,HAFIZ SHOAIB,MB NO.9549/2,7425,,2026-06-20T16:51:00,Shujaat Muzaffar,False
604,1403,ALI HAMZA,MB NO.9555,600,,2026-06-20T17:19:00,Shujaat Muzaffar,False
605,1413,JAHANGIR PARSUWAL,MB NO.9571,180,,2026-06-21T12:10:00,Shujaat Muzaffar,False
606,1414,ZAIN ALI,MB NO.9572,600,,2026-06-21T12:19:00,Shujaat Muzaffar,False
607,1415,HAFIZ SHOAIB,MB NO.9573,1500,,2026-06-21T12:22:00,Shujaat Muzaffar,False
608,1420,HARIS SUFWAN ABID,MB NO.9584,400,,2026-06-21T12:44:00,Shujaat Muzaffar,False
609,1217,HARIS SUFWAN ABID,MB NO.9342,865.5,,2026-06-15T13:14:00,Shujaat Muzaffar,False
610,1424,ZAHID LOADER,MB NO.9564,3000,,2026-06-21T15:00:00,Shujaat Muzaffar,False
611,1426,HARIS SUFWAN ABID,MB NO.9305,1300,,2026-06-14T15:06:00,Shujaat Muzaffar,False
612,1428,HARIS SUFWAN ABID,MB NO.9598,1000,,2026-06-17T15:40:00,Shujaat Muzaffar,False
613,1430,HARIS SUFWAN ABID,MB NO.9576/2,1250,,2026-06-21T17:14:00,Shujaat Muzaffar,False
614,1433,HARIS SUFWAN ABID,MB NO.9601,1000,,2026-06-21T17:42:00,Shujaat Muzaffar,False
615,1434,ZAIN ALI,MB NO.9618,1000,,2026-06-22T09:59:00,Shujaat Muzaffar,False
616,1435,HAFIZ SHOAIB,MB NO.9622,422.7,,2026-06-22T10:28:00,Shujaat Muzaffar,False
617,1425,JAHANGIR PARSUWAL,MB NO.9594,1250,,2026-06-21T15:01:00,Shujaat Muzaffar,False
618,1439,HARIS SUFWAN ABID,SB-SL-2435,600,,2026-06-22T12:36:00,Shujaat Muzaffar,False
619,1462,HARIS SUFWAN ABID,MB NO.9649,800,,2026-06-23T09:26:00,Shujaat Muzaffar,False
620,1463,HAFIZ SHOAIB,MB NO.9652,8000,,2026-06-22T09:27:00,Shujaat Muzaffar,False
621,1469,ZAIN ALI,MB NO.9676,1250,,2026-06-23T10:53:00,Shujaat Muzaffar,False
622,1472,HARIS SUFWAN ABID,MB NO.9665,600,,2026-06-23T11:12:00,Shujaat Muzaffar,False
623,1473,HAFIZ SHOAIB,MB NO.9668,1200,,2026-06-23T11:14:00,Shujaat Muzaffar,False
624,1474,JAHANGIR PARSUWAL,MB NO.9669,1400,,2026-06-23T11:16:00,Shujaat Muzaffar,False
625,1477,HARIS SUFWAN ABID,MB NO.9673,60,,2026-06-23T11:35:00,Shujaat Muzaffar,False
626,1478,HAFIZ SHOAIB,MB NO.9677,750,,2026-06-23T11:40:00,Shujaat Muzaffar,False
627,1479,JAHANGIR PARSUWAL,MB NO.9679,2000,,2026-06-23T11:48:00,Shujaat Muzaffar,False
628,1480,HAFIZ SHOAIB,MB NO.9684,1250,,2026-06-23T12:28:00,Shujaat Muzaffar,False
629,1481,ZAIN ALI,MB NO.9680,300,,2026-06-23T13:15:00,Shujaat Muzaffar,False
630,1494,HAFIZ SHOAIB,MB NO.9710,3000,,2026-06-24T10:45:00,Shujaat Muzaffar,False
631,1497,ZAIN ALI,MB NO.9713,1500,,2026-06-24T11:03:00,Shujaat Muzaffar,False
633,1507,HAFIZ SHOAIB,MB NO.9733,1000,,2026-06-24T13:34:00,Shujaat Muzaffar,False
634,1508,HARIS SUFWAN ABID,MB NO.9741,400,,2026-06-24T13:42:00,Shujaat Muzaffar,False
635,1509,ZAIN ALI,MB NO.9735,1500,,2026-06-24T13:51:00,Shujaat Muzaffar,False
636,1511,ZAIN ALI,MB NO.9742,300,,2026-06-24T14:32:00,Shujaat Muzaffar,False
637,1512,HARIS SUFWAN ABID,MB NO.9743,800,,2026-06-24T14:38:00,Shujaat Muzaffar,False
638,1513,HAFIZ SHOAIB,MB NO.9486,1000,,2026-06-18T14:48:00,Shujaat Muzaffar,False
639,1514,ALI HAMZA,MB NO.9467,1000,,2026-06-18T14:52:00,Shujaat Muzaffar,False
640,1515,ALI HAMZA,MB NO.9286,1000,,2026-06-14T15:00:00,Shujaat Muzaffar,False
641,1523,ZAIN ALI,MB NO.9757,4830,,2026-06-25T12:11:00,Shujaat Muzaffar,False
642,1525,HAFIZ SHOAIB,MB NO.9154,1000,,2026-06-10T13:37:00,Shujaat Muzaffar,False
643,1251,HARIS SUFWAN ABID,MB NO.9006,1500,,2026-06-07T13:14:00,Shujaat Muzaffar,False
644,1528,HAFIZ SHOAIB,MB NO.9159,1728,,2026-06-11T15:38:00,Shujaat Muzaffar,False
645,1529,ALI HAMZA,MB NO.9160,1500,,2026-06-25T15:41:00,Shujaat Muzaffar,False
646,1530,ZAIN ALI,MB NO.9162,600,,2026-06-11T15:42:00,Shujaat Muzaffar,False
647,1541,JAHANGIR PARSUWAL,MB NO.9793,600,,2026-06-27T12:44:00,Shujaat Muzaffar,False
648,1543,ZAIN ALI,MB NO.9796,100,,2026-06-27T12:50:00,Shujaat Muzaffar,False
649,1546,JAHANGIR PARSUWAL,MB NO.9802,300,,2026-06-27T13:10:00,Shujaat Muzaffar,False
650,1254,ZAIN ALI,MB NO.9013,500,,2026-06-07T13:55:00,Shujaat Muzaffar,False
651,1554,ZAIN ALI,MB NO.9819,10000,,2026-06-27T17:33:00,Shujaat Muzaffar,False
652,1557,HARIS SUFWAN ABID,MB NO.9825,1000,,2026-06-28T11:34:00,Shujaat Muzaffar,False
653,1558,HAFIZ SHOAIB,MB NO.9826,1000,,2026-06-28T11:37:00,Shujaat Muzaffar,False
654,1560,HAFIZ SHOAIB,MB NO.9828,300,,2026-06-28T11:52:00,Shujaat Muzaffar,False
655,1566,HARIS SUFWAN ABID,MB NO.9837,1000,,2026-06-28T12:56:00,Shujaat Muzaffar,False
656,1567,JAHANGIR PARSUWAL,MB NO.9838,600,,2026-06-28T12:59:00,Shujaat Muzaffar,False
657,1569,JAHANGIR PARSUWAL,MB NO.9757/2,720,,2026-06-24T13:07:00,Shujaat Muzaffar,False
658,1571,HAFIZ SHOAIB,MB NO.9840,520,,2026-06-28T13:24:00,Shujaat Muzaffar,False
659,1577,JAHANGIR PARSUWAL,MB NO.9859,600,,2026-06-28T16:19:00,Shujaat Muzaffar,False
660,1586,HAFIZ SHOAIB,MB NO.9871,1000,,2026-06-29T10:52:00,Shujaat Muzaffar,False
661,1591,ZAIN ALI,MB NO.9888,1800,,2026-06-29T13:35:01.340396,Shujaat Muzaffar,False
662,1595,HAFIZ SHOAIB,MB NO.9900,1000,,2026-06-29T14:31:00,Shujaat Muzaffar,False
663,1596,JAHANGIR PARSUWAL,MB NO.9137/1,1300,,2026-06-10T15:18:00,Shujaat Muzaffar,False
664,1599,JAHANGIR PARSUWAL,MB NO.9901,1500,,2026-06-29T15:51:00,Shujaat Muzaffar,False
665,1600,HARIS SUFWAN ABID,MB NO.9167,1300,,2026-06-11T16:20:00,Shujaat Muzaffar,False
666,1602,ZAHID LOADER,MB NO.9169,700,,2026-06-29T16:36:00,Shujaat Muzaffar,False
667,1607,ZAHID LOADER,MB NO.9909,1000,,2026-06-30T11:18:00,Shujaat Muzaffar,False
668,1614,HARIS SUFWAN ABID,MB NO.9920,1000,,2026-06-30T13:14:00,Shujaat Muzaffar,False
669,1622,ZAIN ALI,MB NO.9928,520,,2026-06-30T15:02:00,Shujaat Muzaffar,False
670,1625,HARIS SUFWAN ABID,MB NO.9946,600,,2026-06-30T15:49:00,Shujaat Muzaffar,False
671,1626,ZAHID LOADER,MB NO.9919,1250,,2026-06-30T15:52:00,Shujaat Muzaffar,False
672,1632,HARIS SUFWAN ABID,MB NO.9962,600,,2026-07-01T11:05:00,Shujaat Muzaffar,False
673,1633,ZAHID LOADER,MB NO.9966,750,,2026-07-01T11:25:00,Shujaat Muzaffar,False
674,1634,JAHANGIR PARSUWAL,MB NO.9969,1500,,2026-07-01T12:07:00,Shujaat Muzaffar,False
675,1635,ALI HAMZA,MB NO.9974,1500,,2026-07-01T12:26:00,Shujaat Muzaffar,False
676,1640,ZAHID LOADER,MB NO.9982,600,,2026-07-01T13:45:00,Shujaat Muzaffar,False
677,1642,ZAHID LOADER,MB NO.9968,600,,2026-07-01T13:51:00,Shujaat Muzaffar,False
678,1644,HARIS SUFWAN ABID,MB NO.10000,3000,,2026-07-01T15:44:00,Shujaat Muzaffar,False
679,1648,HARIS SUFWAN ABID,MB NO.9033/2,949.8,,2026-06-08T16:21:00,Shujaat Muzaffar,False
680,1649,ZAHID LOADER,MB NO.9080/2,592.05,,2026-06-09T16:24:00,Shujaat Muzaffar,False
681,1652,JAHANGIR PARSUWAL,MB NO.10007,1200,,2026-07-01T17:24:00,Shujaat Muzaffar,False
682,1655,ZAIN ALI,MB NO.10010,4272,,2026-07-01T10:45:00,Shujaat Muzaffar,False
683,1658,ZAIN ALI,MB NO.10016,1500,,2026-07-02T12:31:00,Shujaat Muzaffar,False
684,1665,HARIS SUFWAN ABID,MB NO.10023,1485,,2026-07-02T12:43:00,Shujaat Muzaffar,False
685,1675,JAHANGIR PARSUWAL,MB NO.10045,750,,2026-07-02T15:46:00,Shujaat Muzaffar,False
686,1678,HARIS SUFWAN ABID,MB NO.10047,1999.6,,2026-07-02T17:20:00,Shujaat Muzaffar,False
687,1689,HAJI AHMED,MB NO.10095,300,,2026-07-04T11:41:00,Shujaat Muzaffar,False
688,1690,HAJI AHMED,MB NO.10079,520,,2026-07-04T11:47:00,Shujaat Muzaffar,False
689,1694,JAHANGIR PARSUWAL,MB NO.10084,1500,,2026-07-04T12:35:00,Shujaat Muzaffar,False
690,1695,ALI HAMZA,MB NO.10089,690,,2026-07-04T12:55:00,Shujaat Muzaffar,False
691,1696,ZAIN ALI,MB NO.10092,2765,,2026-07-04T12:58:00,Shujaat Muzaffar,False
692,1698,JAHANGIR PARSUWAL,MB NO.10094,1997.8,,2026-07-04T13:02:00,Shujaat Muzaffar,False
693,1699,HARIS SUFWAN ABID,MB NO.10097,10500,,2026-07-04T13:12:00,Shujaat Muzaffar,False
694,1702,HAFIZ SHOAIB,MB NO.10105,1100,,2026-07-04T15:30:00,Shujaat Muzaffar,False
695,1703,HARIS SUFWAN ABID,MB NO.10106,1000,,2026-07-04T15:33:00,Shujaat Muzaffar,False
696,1704,ALI HAMZA,MB NO.10108,600,,2026-07-04T15:34:00,Shujaat Muzaffar,False
697,1705,JAHANGIR PARSUWAL,MB NO.10110,1500,,2026-07-04T15:36:00,Shujaat Muzaffar,False
698,1709,HARIS SUFWAN ABID,MB NO.10121,4000,,2026-07-04T17:00:00,Shujaat Muzaffar,False
699,1711,JAHANGIR PARSUWAL,MB NO.10130,6600,,2026-07-05T13:07:00,Shujaat Muzaffar,False
700,1713,HARIS SUFWAN ABID,MB NO.10132,800,,2026-07-05T13:29:00,Shujaat Muzaffar,False
701,1716,ZAIN ALI,MB NO.10137,800,,2026-07-05T14:20:00,Shujaat Muzaffar,False
702,1717,HARIS SUFWAN ABID,MB NO.10142,600,,2026-07-05T14:26:00,Shujaat Muzaffar,False
703,1719,HARIS SUFWAN ABID,MB NO.10144,473.85,,2026-07-05T14:53:00,Shujaat Muzaffar,False
704,1720,HARIS SUFWAN ABID,MB NO.10151,4050,,2026-07-05T14:57:00,Shujaat Muzaffar,False
705,1686,HAFIZ SHOAIB,MB NO.10065,500,,2026-07-03T10:41:00,Shujaat Muzaffar,False
706,1722,HARIS SUFWAN ABID,SB-SL-2718,600,,2026-07-05T15:09:00,Shujaat Muzaffar,False
707,1723,ZAIN ALI,MB NO.10155,750,,2026-07-05T15:12:00,Shujaat Muzaffar,False
708,1724,JAHANGIR PARSUWAL,MB NO.10158,1000,,2026-07-05T15:25:00,Shujaat Muzaffar,False
709,1725,HAFIZ SHOAIB,MB NO.10167,5250,,2026-07-04T15:38:00,Shujaat Muzaffar,False
710,1726,HAJI AHMED,MB NO.10168,500,,2026-07-05T16:22:00,Shujaat Muzaffar,False
711,1730,HAFIZ SHOAIB,MB NO.9473,5400,,2026-06-18T16:59:00,Shujaat Muzaffar,False
712,1732,HAFIZ SHOAIB,MB NO.10087,798,,2026-07-06T10:46:00,Shujaat Muzaffar,False
713,1734,HAFIZ SHOAIB,MB NO.10196,1000,,2026-07-06T16:37:00,Shujaat Muzaffar,False
714,1735,HAFIZ SHOAIB,MB NO.10197,600,,2026-07-06T16:41:00,Shujaat Muzaffar,False
716,1739,HAJI AHMED,MB NO.10213,1000,,2026-07-07T13:34:00,Shujaat Muzaffar,False
717,1741,HAJI AHMED,MB NO.10222,1100,,2026-07-07T13:56:00,Shujaat Muzaffar,False
718,1742,JAHANGIR PARSUWAL,MB NO.10223,1200,,2026-07-07T13:58:00,Shujaat Muzaffar,False
719,1745,HAFIZ SHOAIB,MB NO.10226,1500,,2026-07-07T14:04:00,Shujaat Muzaffar,False
720,1747,JAHANGIR PARSUWAL,MB NO.10255,690,,2026-07-07T14:41:00,Shujaat Muzaffar,False
721,1754,HAJI AHMED,MB NO.10278,600,,2026-07-08T10:16:00,Shujaat Muzaffar,False
722,1755,HAFIZ SHOAIB,MB NO.10281,1250,,2026-07-08T10:18:00,Shujaat Muzaffar,False
723,1760,HARIS SUFWAN ABID,MB NO.10291,800,,2026-07-08T12:49:00,Shujaat Muzaffar,False
724,1766,HAJI AHMED,MB NO.10315,600,,2026-07-08T14:39:00,Shujaat Muzaffar,False
725,1769,JAHANGIR PARSUWAL,MB NO.10312,500,,2026-07-08T15:28:00,Shujaat Muzaffar,False
727,1775,HAFIZ SHOAIB,MB NO.10327,2500,,2026-07-08T10:26:00,Shujaat Muzaffar,False
728,1776,HAFIZ SHOAIB,MB NO.10330,1250,,2026-07-09T11:20:00,Shujaat Muzaffar,False
729,1784,HAFIZ SHOAIB,MB NO.9254,1100,,2026-06-13T13:49:00,Shujaat Muzaffar,False
730,1787,HAJI AHMED,MB NO.9369,766.8,,2026-06-16T15:22:00,Shujaat Muzaffar,False
731,1790,HARIS SUFWAN ABID,MB NO.10362,600,,2026-07-09T17:02:18.807814,Shujaat Muzaffar,False
732,1791,JAHANGIR PARSUWAL,MB NO.10364,1500,,2026-07-09T17:08:29.503267,Shujaat Muzaffar,False
735,1798,HAFIZ SHOAIB,MB NO.10386,1250,,2026-07-10T13:03:00,Shujaat Muzaffar,False
736,1804,HAFIZ SHOAIB,MB NO.9482,1500,,2026-07-11T10:35:00,Shujaat Muzaffar,False
737,1803,ZAIN ALI,MB NO.9258,1666.28,,2026-06-13T10:32:00,Shujaat Muzaffar,False
738,1805,HAJI AHMED,MB NO.10403,1300,,2026-07-11T10:48:00,Shujaat Muzaffar,False
739,1806,HAJI AHMED,MB NO.10399,7720,,2026-07-11T11:48:00,Shujaat Muzaffar,False
740,1811,HAJI AHMED,MB NO.10418,600,,2026-07-11T15:23:00,Shujaat Muzaffar,False
741,1812,HAJI AHMED,MB NO.10421,1250,,2026-07-11T15:28:00,Shujaat Muzaffar,False
742,1815,HAFIZ SHOAIB,MB NO.10431,1560,,2026-07-11T15:49:00,Shujaat Muzaffar,False
743,1816,HARIS SUFWAN ABID,MB NO.10432,1000,,2026-07-11T15:58:00,Shujaat Muzaffar,False
744,1821,HAFIZ SHOAIB,MB NO.10377,1500,,2026-07-10T10:40:00,Shujaat Muzaffar,False
745,1822,HAJI AHMED,MB NO.10390,1250,,2026-07-11T10:47:00,Shujaat Muzaffar,False
746,1823,HAJI AHMED,MB NO.10447,800,,2026-07-12T10:55:00,Shujaat Muzaffar,False
747,1824,HAFIZ SHOAIB,MB NO.9269,800,,2026-06-13T11:00:00,Shujaat Muzaffar,False
748,1825,JAHANGIR PARSUWAL,MB NO.9394,800,,2026-06-16T11:16:00,Shujaat Muzaffar,False
749,1826,HARIS SUFWAN ABID,MB NO.9470,800,,2026-06-18T11:17:00,Shujaat Muzaffar,False
750,1830,ZAIN ALI,MB NO.10456,1250,,2026-07-12T16:25:00,Shujaat Muzaffar,False
751,1831,HAFIZ SHOAIB,MB NO.10458,600,,2026-07-12T16:28:00,Shujaat Muzaffar,False
752,1832,ZAIN ALI,MB NO.10459,1000,,2026-07-12T16:30:00,Shujaat Muzaffar,False
753,1834,HAFIZ SHOAIB,MB NO.10241,1000,,2026-07-07T16:53:00,Shujaat Muzaffar,False
754,1841,HAFIZ SHOAIB,MB NO.10183,800,,2026-07-06T09:56:00,Shujaat Muzaffar,False
755,1843,ZAIN ALI,MB NO.9372,800,,2026-06-16T10:29:00,Shujaat Muzaffar,False
756,1844,JAHANGIR PARSUWAL,MB NO.10474,1500,,2026-07-08T10:32:00,Shujaat Muzaffar,False
757,1845,HARIS SUFWAN ABID,MB NO.10478,680.47,,2026-07-13T11:02:00,Shujaat Muzaffar,False
758,1846,ZAIN ALI,MB NO.10326,1250,,2026-07-08T12:30:00,Shujaat Muzaffar,False
759,1847,HAFIZ SHOAIB,MB NO.10482,1250,,2026-07-13T12:33:00,Shujaat Muzaffar,False
760,1848,HAJI AHMED,MB NO.10486,1000,,2026-07-13T13:24:00,Shujaat Muzaffar,False
761,1849,HAFIZ SHOAIB,MB NO.10491,1250,,2026-07-13T14:40:29.889396,Shujaat Muzaffar,False
762,1851,HAJI AHMED,MB NO.10269,1000,,2026-07-07T14:43:00,Shujaat Muzaffar,False
763,1853,ALI HAMZA,MB NO.9255,600,,2026-06-13T15:04:00,Shujaat Muzaffar,False
764,1856,HARIS SUFWAN ABID,MB NO.9474,600,,2026-06-18T15:30:00,Shujaat Muzaffar,False
765,1857,HARIS SUFWAN ABID,MB NO.9377,668.28,,2026-06-18T15:32:00,Shujaat Muzaffar,False
766,1858,HARIS SUFWAN ABID,MB NO.10506,1500,,2026-07-13T15:42:00,Shujaat Muzaffar,False
767,1859,HAFIZ SHOAIB,MB NO.10508,1000,,2026-07-13T16:53:45.934973,Shujaat Muzaffar,False
768,1861,HAJI AHMED,MB NO.10514,1250,,2026-07-14T08:49:00,Shujaat Muzaffar,False
769,1862,JAHANGIR PARSUWAL,MB NO.10515,520,,2026-07-14T08:50:00,Shujaat Muzaffar,False
770,1863,HAFIZ SHOAIB,MB NO.10516,300,,2026-07-14T08:51:00,Shujaat Muzaffar,False
771,1864,JAHANGIR PARSUWAL,MB NO.10517,1000,,2026-07-14T09:02:16.239714,Shujaat Muzaffar,False
772,1865,HARIS SUFWAN ABID,MB NO.9280,1000,,2026-06-14T09:16:00,Shujaat Muzaffar,False
773,1871,HAFIZ SHOAIB,MB NO.10532,1200,,2026-07-14T11:29:00,Shujaat Muzaffar,False
774,1876,JAHANGIR PARSUWAL,MB NO.9245,600,,2026-06-13T13:19:00,Shujaat Muzaffar,False
775,1879,HAFIZ SHOAIB,MB NO.9225,1560,,2026-07-14T15:02:00,Shujaat Muzaffar,False
776,1880,HARIS SUFWAN ABID,MB NO.9243,1740,,2026-06-13T15:05:00,Shujaat Muzaffar,False
777,1882,20 WHEELER,MB NO.9262,1200,,2026-06-13T15:33:00,Shujaat Muzaffar,False
778,1885,ALI HAMZA,MB NO.9293,2800,,2026-06-14T15:45:00,Shujaat Muzaffar,False
779,1886,HAFIZ SHOAIB,MB NO.10542,1000,,2026-07-14T16:05:00,Shujaat Muzaffar,False
780,1892,HAFIZ SHOAIB,MB NO.10556,1500,,2026-07-15T09:17:00,Shujaat Muzaffar,False
781,1893,HAJI AHMED,MB NO.10560,300,,2026-07-15T10:09:00,Shujaat Muzaffar,False
782,1897,ZAIN ALI,MB NO.10553,6000,,2026-07-15T10:42:00,Shujaat Muzaffar,False
783,1898,HAFIZ SHOAIB,MB NO.10567,1250,,2026-07-15T10:48:00,Shujaat Muzaffar,False
784,1899,JAHANGIR PARSUWAL,MB NO.10561,303.2,,2026-07-15T11:00:00,Shujaat Muzaffar,False
785,1900,HAJI AHMED,MB NO.10565,1250,,2026-07-15T11:16:00,Shujaat Muzaffar,False
786,1901,ZAHID LOADER,MB NO.10570,1000,,2026-07-15T11:23:00,Shujaat Muzaffar,False
787,1902,JAHANGIR PARSUWAL,MB NO.10563,1200,,2026-07-15T11:53:00,Shujaat Muzaffar,False
788,1903,HARIS SUFWAN ABID,MB NO.10575,500,,2026-07-15T12:13:00,Shujaat Muzaffar,False
789,1904,HAFIZ SHOAIB,MB NO.10573,300,,2026-07-15T12:17:00,Shujaat Muzaffar,False
790,1907,HARIS SUFWAN ABID,MB NO.10576,300,,2026-07-15T12:38:00,Shujaat Muzaffar,False
791,1911,ZAHID LOADER,MB NO.10583,1250,,2026-07-15T14:20:00,Shujaat Muzaffar,False
792,1912,HAFIZ SHOAIB,MB NO.10216/2,1250,,2026-07-07T14:42:00,Shujaat Muzaffar,False
793,1913,HARIS SUFWAN ABID,MB NO.10584,1000,,2026-07-15T14:44:00,Shujaat Muzaffar,False
794,1915,HAJI AHMED,MB NO.10382/2,1200,,2026-07-10T16:05:00,Shujaat Muzaffar,False
795,1918,HARIS SUFWAN ABID,MB NO.9065/4,1250,,2026-06-08T16:43:00,Shujaat Muzaffar,False
796,1921,JAHANGIR PARSUWAL,MB NO.10599,1000,,2026-07-16T10:25:00,Shujaat Muzaffar,False
797,1926,HAFIZ SHOAIB,MB NO.10617,750,,2026-07-16T12:04:16.763121,Shujaat Muzaffar,False
798,1930,HAJI AHMED,MB NO.10622/2,3900,,2026-07-16T13:17:00,Shujaat Muzaffar,False
799,1931,HAJI AHMED,MB NO.10625,300,,2026-07-16T14:02:00,Shujaat Muzaffar,False
800,1932,ZAIN ALI,MB NO.10627,600,,2026-07-16T14:15:00,Shujaat Muzaffar,False
803,1939,HAFIZ SHOAIB,MB NO.10672,500,,2026-07-18T11:39:00,Shujaat Muzaffar,False
804,1940,JAHANGIR PARSUWAL,MB NO.10676,1560,,2026-07-18T11:49:00,Shujaat Muzaffar,False
805,1941,HARIS SUFWAN ABID,MB NO.10677,1000,,2026-07-18T11:53:00,Shujaat Muzaffar,False
807,1943,HARIS SUFWAN ABID,MB NO.10654,1400,,2026-07-18T12:50:21.334557,Shujaat Muzaffar,False
808,1946,HARIS SUFWAN ABID,MB NO.10679,278,,2026-07-18T13:00:00,Shujaat Muzaffar,False
809,1948,JAHANGIR PARSUWAL,MB NO.10683,1000,,2026-07-18T13:12:00,Shujaat Muzaffar,False
810,1950,ZAIN ALI,MB NO.10685,1250,,2026-07-18T13:15:00,Shujaat Muzaffar,False
811,1951,ZAHID LOADER,MB NO.10686,300,,2026-07-18T13:32:00,Shujaat Muzaffar,False
812,1952,JAHANGIR PARSUWAL,MB NO.10687,1500,,2026-07-18T13:40:00,Shujaat Muzaffar,False
813,1953,ZAIN ALI,MB NO.10692,1000,,2026-07-18T13:47:00,Shujaat Muzaffar,False
814,1954,ZAIN ALI,MB NO.10694,1000,,2026-07-18T13:49:00,Shujaat Muzaffar,False
815,1955,JAHANGIR PARSUWAL,MB NO.10177,1000,,2026-07-05T13:51:00,Shujaat Muzaffar,False
816,1957,HARIS SUFWAN ABID,MB NO.10640,3000,,2026-07-17T14:37:00,Shujaat Muzaffar,False
817,1958,HAFIZ SHOAIB,MB NO.10697,8000,,2026-07-18T15:00:00,Shujaat Muzaffar,False
818,1959,HAFIZ SHOAIB,MB NO.10700,3124.8,,2026-07-17T15:02:00,Shujaat Muzaffar,False
819,1965,HARIS SUFWAN ABID,MB NO.10701,1607.5,,2026-07-18T11:34:00,Shujaat Muzaffar,False
820,1966,HAFIZ SHOAIB,MB NO.10712,6600,,2026-07-17T13:02:00,Shujaat Muzaffar,False
821,1968,ZAIN ALI,MB NO.10719,800,,2026-07-19T13:14:00,Shujaat Muzaffar,False
822,1970,HARIS SUFWAN ABID,MB NO.10722,800,,2026-07-19T13:17:00,Shujaat Muzaffar,False
823,1971,HAJI AHMED,MB NO.10696,1000,,2026-07-18T13:18:00,Shujaat Muzaffar,False
824,1972,HAFIZ SHOAIB,MB NO.10745,1000,,2026-07-19T13:24:00,Shujaat Muzaffar,False
825,1975,HAFIZ SHOAIB,MB NO.10731,3300,,2026-07-19T13:34:00,Shujaat Muzaffar,False
826,1976,JAHANGIR PARSUWAL,MB NO.10732,300,,2026-07-19T13:38:00,Shujaat Muzaffar,False
827,1979,HAFIZ SHOAIB,MB NO.10738,1237.5,,2026-07-19T14:24:00,Shujaat Muzaffar,False
828,1980,HAFIZ SHOAIB,MB NO.10741,1400,,2026-07-19T14:31:00,Shujaat Muzaffar,False
829,1982,JAHANGIR PARSUWAL,MB NO.10740,6000,,2026-07-19T15:41:00,Shujaat Muzaffar,False
830,1984,HAFIZ SHOAIB,MB NO.10756,1250,,2026-07-19T16:14:00,Shujaat Muzaffar,False
831,1985,HAFIZ SHOAIB,MB NO.10868,1250,,2026-07-25T16:25:00,Shujaat Muzaffar,False
832,1986,JAHANGIR PARSUWAL,MB NO.10695/2,1000,,2026-07-19T16:33:39.172329,Shujaat Muzaffar,False
833,1990,HAFIZ SHOAIB,MB NO.10772,300,,2026-07-20T09:12:00,Shujaat Muzaffar,False
834,1991,ZAIN ALI,MB NO.10767,1250,,2026-07-19T09:13:00,Shujaat Muzaffar,False
835,1993,HARIS SUFWAN ABID,MB NO.10703,1200,,2026-07-20T09:50:13.535061,Shujaat Muzaffar,False
836,1996,HAFIZ SHOAIB,MB NO.8843,800,,2026-06-03T10:26:00,Shujaat Muzaffar,False
837,2000,HAFIZ SHOAIB,MB NO.10789,750,,2026-07-20T13:01:00,Shujaat Muzaffar,False
838,2001,MAUZAM +ALTAF,MB NO.10791,600,,2026-07-20T13:05:00,Shujaat Muzaffar,False
839,2007,HAFIZ SHOAIB,MB NO.10801,5400,,2026-07-20T14:58:00,Shujaat Muzaffar,False
840,2009,JAHANGIR PARSUWAL,MB NO.10806,300,,2026-07-20T15:47:00,Shujaat Muzaffar,False
841,2011,HAFIZ SHOAIB,MB NO.10812,500,,2026-07-20T17:34:00,Shujaat Muzaffar,False
842,2012,HAFIZ SHOAIB,MB NO.10813,500,,2026-07-20T17:39:00,Shujaat Muzaffar,False
843,2013,MAUZAM +ALTAF,MB NO.10814,500,,2026-07-20T17:44:00,Shujaat Muzaffar,False
844,2015,HARIS SUFWAN ABID,MB NO.10816/2,4000,,2026-07-20T09:21:00,Shujaat Muzaffar,False
845,2017,HAJI AHMED,MB NO.10820,500,,2026-07-22T09:26:00,Shujaat Muzaffar,False
846,2019,HARIS SUFWAN ABID,MB NO.10827,500,,2026-07-23T09:35:00,Shujaat Muzaffar,False
847,2025,HAFIZ SHOAIB,MB NO.8222/21,87.02,,2026-02-06T10:58:00,Shujaat Muzaffar,False
848,2027,HAFIZ SHOAIB,MB NO.9302/2,1500,,2026-06-14T11:16:00,Shujaat Muzaffar,False
849,2033,HAFIZ SHOAIB,MB NO.9316,2000,,2026-06-14T12:06:00,Shujaat Muzaffar,False
850,2038,JAHANGIR PARSUWAL,MB NO.9385,2050,,2026-06-16T12:23:00,Shujaat Muzaffar,False
851,2040,HAFIZ SHOAIB,MB NO.10823,1250,,2026-07-23T13:36:00,Shujaat Muzaffar,False
852,2042,ZAIN ALI,MB NO.10837,6960,,2026-07-23T14:49:00,Shujaat Muzaffar,False
853,2043,HAJI AHMED,MB NO.3515,1200,,2025-11-11T16:04:00,Shujaat Muzaffar,False
854,2045,HAJI AHMED,MB NO.3554,240,,2025-11-11T16:26:00,Shujaat Muzaffar,False
855,2046,HAJI AHMED,MB NO.3589,400,,2025-11-13T16:28:00,Shujaat Muzaffar,False
856,2048,HAFIZ SHOAIB,MB NO.10845,500,,2026-07-23T16:51:00,Shujaat Muzaffar,False
857,2050,HAJI AHMED,MB NO.3705,200,,2025-11-06T17:09:00,Shujaat Muzaffar,False
858,2051,HAJI AHMED,MB NO.4645,400,,2025-12-27T17:13:00,Shujaat Muzaffar,False
859,2052,HAJI AHMED,MB NO.4678,400,,2025-12-28T17:18:00,Shujaat Muzaffar,False
860,2053,HAFIZ SHOAIB,MB NO.4723,400,,2025-12-30T17:21:00,Shujaat Muzaffar,False
861,2055,HAJI AHMED,MB NO.4844,800,,2026-01-05T17:37:00,Shujaat Muzaffar,False
862,2056,HAJI AHMED,MB NO.4868,280,,2026-01-05T17:38:00,Shujaat Muzaffar,False
863,2057,HAJI AHMED,MB NO.4928,400,,2025-10-15T17:41:00,Shujaat Muzaffar,False
864,2061,HAJI AHMED,MB NO.10857,600,,2026-07-25T09:02:00,Shujaat Muzaffar,False
865,2075,HARIS SUFWAN ABID,MB NO.7744/2,1360,,2026-04-26T13:21:00,Shujaat Muzaffar,False
866,2076,HAJI AHMED,MB NO.6457,560,,2026-02-03T13:24:00,Shujaat Muzaffar,False
867,2078,JAHANGIR PARSUWAL,MB NO.10869,1000,,2026-07-26T09:05:00,Shujaat Muzaffar,False
868,2079,HAFIZ SHOAIB,MB NO.10870,1250,,2026-07-26T09:06:00,Shujaat Muzaffar,False
869,2080,HAFIZ SHOAIB,MB NO.10871,1200,,2026-07-26T09:06:00,Shujaat Muzaffar,False
870,2081,ZAIN ALI,MB NO.10872,1000,,2026-07-26T09:08:00,Shujaat Muzaffar,False
871,2082,HAJI AHMED,MB NO.10874,600,,2026-07-26T09:14:00,Shujaat Muzaffar,False
872,2083,HAFIZ SHOAIB,MB NO.10878,800,,2026-07-26T10:34:00,Shujaat Muzaffar,False
873,2086,HAJI AHMED,MB NO.10880,1006.5,,2026-07-26T12:19:00,Shujaat Muzaffar,False
874,2087,JAHANGIR PARSUWAL,MB NO.10886,960.13,,2026-07-26T12:41:28.996780,Shujaat Muzaffar,False
875,2089,HAJI AHMED,MB NO.5128,800,,2026-01-14T12:56:00,Shujaat Muzaffar,False
876,2090,HAJI AHMED,MB NO.5299,400,,2026-01-21T13:34:00,Shujaat Muzaffar,False
877,2091,HAJI AHMED,MB NO.5437,400,,2026-01-26T13:35:00,Shujaat Muzaffar,False
878,2093,HAJI AHMED,MB NO.5594,400,,2026-01-31T13:45:00,Shujaat Muzaffar,False
879,2094,HAJI AHMED,MB NO.5710,160,,2026-02-04T13:47:00,Shujaat Muzaffar,False
880,2095,HAJI AHMED,MB NO.10890,1000,,2026-07-26T13:57:00,Shujaat Muzaffar,False
881,2099,HAJI AHMED,MB NO.5875,200,,2026-02-10T15:42:00,Shujaat Muzaffar,False
882,2100,HAJI AHMED,MB NO.6115,1000,,2026-02-17T16:03:00,Shujaat Muzaffar,False
883,2101,HAJI AHMED,MB NO.6139,1511.2,,2026-02-18T16:06:00,Shujaat Muzaffar,False
884,2102,HAJI AHMED,MB NO.6184,1478.4,,2026-02-19T16:23:00,Shujaat Muzaffar,False
885,2103,HAJI AHMED,MB NO.6240,1000,,2026-02-22T16:26:00,Shujaat Muzaffar,False
886,2104,HAJI AHMED,MB NO.6255,6600,,2026-02-22T16:31:00,Shujaat Muzaffar,False
887,2105,JAHANGIR PARSUWAL,MB NO.6270,1000,,2026-02-23T16:35:00,Shujaat Muzaffar,False
888,2106,HAJI AHMED,MB NO.6329,2000,,2026-07-26T16:41:02.565495,Shujaat Muzaffar,False
889,2107,HAJI AHMED,MB NO.6356,2000,,2026-02-26T16:41:00,Shujaat Muzaffar,False
890,2108,HAJI AHMED,MB NO.6821,1000,,2026-03-14T16:45:00,Shujaat Muzaffar,False
891,2109,HAFIZ SHOAIB,MB NO.6896,400,,2026-03-13T16:52:00,Shujaat Muzaffar,False
892,2110,HAJI AHMED,MB NO.10898,1000,,2026-07-26T17:08:00,Shujaat Muzaffar,False
893,2111,SHARJEEL SAFWAN ABID,MB NO.6952/2,800,,2026-04-24T17:13:00,Shujaat Muzaffar,False
894,2113,HAFIZ SHOAIB,MB NO.10900,2496,,2026-07-26T17:16:00,Shujaat Muzaffar,False
895,2114,HAJI AHMED,MB NO.7302,322.8,,2026-04-08T17:18:00,Shujaat Muzaffar,False
896,2116,HAJI AHMED,MB NO.7343,3320,,2026-04-09T17:24:00,Shujaat Muzaffar,False
897,2117,HAJI AHMED,MB NO.7410,400,,2026-04-12T17:31:00,Shujaat Muzaffar,False
898,2121,HAJI AHMED,MB NO.10902,400,,2026-07-26T11:10:00,Shujaat Muzaffar,False
899,2122,HAFIZ SHOAIB,MB NO.10903,1000,,2026-07-26T11:13:00,Shujaat Muzaffar,False
900,2123,JAHANGIR PARSUWAL,MB NO.10906,755.38,,2026-07-27T13:37:00,Shujaat Muzaffar,False
901,2125,HARIS SUFWAN ABID,MB NO.10924,604.13,,2026-07-27T14:23:00,Shujaat Muzaffar,False
902,2126,NAZIM,MB NO.10928,1000,,2026-07-27T14:31:00,Shujaat Muzaffar,False
903,2127,HAJI AHMED,MB NO.7971/2,2250,,2026-04-05T15:13:00,Shujaat Muzaffar,False
904,2128,NAZIM,MB NO.10935,2000,,2026-07-27T15:19:00,Shujaat Muzaffar,False
905,2131,HARIS SUFWAN ABID,MB NO.10938,1250,,2026-07-27T15:30:00,Shujaat Muzaffar,False
906,2132,HAJI AHMED,MB NO.10939,2000,,2026-07-27T15:35:00,Shujaat Muzaffar,False
907,2135,HAFIZ SHOAIB,MB NO.10945,2200,,2026-07-27T16:21:00,Shujaat Muzaffar,False
908,2136,HAJI AHMED,MB NO.10947,750,,2026-07-27T16:40:00,Shujaat Muzaffar,False
909,2138,JAHANGIR PARSUWAL,MB NO.10888/2,8000,,2026-07-26T16:46:00,Shujaat Muzaffar,False
910,2139,HARIS SUFWAN ABID,MB NO.10952,600,,2026-07-28T08:53:00,Shujaat Muzaffar,False
911,2146,HAJI AHMED,MB NO.10974,1500,,2026-07-28T17:00:00,Shujaat Muzaffar,False
912,2147,HARIS SUFWAN ABID,MB NO.10978,1500,,2026-07-28T17:07:00,Shujaat Muzaffar,False
913,2150,HAFIZ SHOAIB,MB NO.10982,1250,,2026-07-28T09:11:00,Shujaat Muzaffar,False
914,2151,HAFIZ SHOAIB,MB NO.10983,6240,,2026-07-28T09:14:00,Shujaat Muzaffar,False
915,2152,NAZIM,MB NO.10984,500,,2026-07-29T09:19:00,Shujaat Muzaffar,False
916,2154,HAJI AHMED,MB NO.7842,200,,2026-04-30T10:46:00,Shujaat Muzaffar,False
917,2156,HAJI AHMED,MB NO.8273,400,,2026-05-14T11:20:00,Shujaat Muzaffar,False
918,2157,HAJI AHMED,MB NO.8260,2778.8,,2026-05-14T11:45:00,Shujaat Muzaffar,False
919,2159,ZAHID LOADER,MB NO.8329/2,4800,,2026-05-16T12:11:00,Shujaat Muzaffar,False
920,2162,HARIS SUFWAN ABID,MB NO.9721,400,,2026-06-24T12:27:00,Shujaat Muzaffar,False
921,2164,HAJI AHMED,MB NO.9918,400,,2026-06-30T12:33:00,Shujaat Muzaffar,False
922,2166,HAJI AHMED,MB NO.10011,760,,2026-07-01T12:47:00,Shujaat Muzaffar,False
923,2167,HAJI AHMED,MB NO.10088,400,,2026-07-04T12:49:00,Shujaat Muzaffar,False
924,2168,HAJI AHMED,MB NO.10123,400,,2026-07-04T13:06:00,Shujaat Muzaffar,False
925,2169,HAJI AHMED,MB NO.10163,800,,2026-07-05T13:08:00,Shujaat Muzaffar,False
926,2171,JAHANGIR PARSUWAL,MB NO.10779,240,,2026-07-20T13:15:00,Shujaat Muzaffar,False
927,2172,HARIS SUFWAN ABID,MB NO.10994,1500,,2026-07-29T13:36:00,Shujaat Muzaffar,False
928,2174,HAFIZ SHOAIB,MB NO.10989,750,,2026-07-29T14:51:00,Shujaat Muzaffar,False
929,2181,HAJI AHMED,MB NO.11017,1500,,2026-07-30T11:24:00,Shujaat Muzaffar,False
930,2184,ZAIN ALI,MB NO.11008,1250,,2026-07-30T11:50:00,Shujaat Muzaffar,False
931,2187,ZAIN ALI,MB NO.11016,600,,2026-07-30T13:33:00,Shujaat Muzaffar,False
932,2188,JAHANGIR PARSUWAL,MB NO.11018,1000,,2026-07-30T13:35:00,Shujaat Muzaffar,False
933,2189,HARIS SUFWAN ABID,MB NO.11022,1000,,2026-07-30T13:43:00,Shujaat Muzaffar,False
934,2191,HAJI AHMED,MB NO.11024,200,,2026-07-30T13:50:00,Shujaat Muzaffar,False
935,2192,HAJI AHMED,MB NO.11009/2,4500,,2026-07-30T14:14:00,Shujaat Muzaffar,False
936,2193,HAFIZ SHOAIB,MB NO.11007/2,2262,,2026-07-30T14:24:37.553409,Shujaat Muzaffar,False
937,2194,HAJI AHMED,MB NO.11027,600,,2026-07-30T14:57:00,Shujaat Muzaffar,False
938,2203,JAHANGIR PARSUWAL,MB NO.11046,600,,2026-08-01T14:33:00,Shujaat Muzaffar,False
939,2205,NAZIM,MB NO.11049,500,,2026-08-01T14:45:00,Shujaat Muzaffar,False
940,2229,NAZIM,MB NO.11113,1800,,2026-08-02T16:50:00,Shujaat Muzaffar,False
941,2239,JAHANGIR PARSUWAL,MB NO.11136,600,,2026-08-03T10:38:00,Shujaat Muzaffar,False
942,2255,HAFIZ SHOAIB,MB NO.11169,2122,,2026-08-04T10:41:00,Shujaat Muzaffar,False
943,2258,JAHANGIR PARSUWAL,MB NO.11175,1000,,2026-08-04T10:50:00,Shujaat Muzaffar,False
944,2259,JAHANGIR PARSUWAL,MB NO.11160,1200,,2026-08-03T11:58:00,Shujaat Muzaffar,False
945,2264,ZAHID LOADER,MB NO.11188/2,1500,,2026-08-04T16:45:00,Shujaat Muzaffar,False
946,2284,HAJI AHMED,MB NO.11075/2,5000,,2026-08-01T17:58:00,Shujaat Muzaffar,False
947,2295,HAFIZ SHOAIB,MB NO.11255,1500,,2026-08-06T15:12:00,Mohsan Javed,False
948,2301,JAHANGIR PARSUWAL,MB NO.11266,10125,,2026-08-06T16:40:00,Mohsan Javed,False
949,2303,JAHANGIR PARSUWAL,MB NO.11270,4500,,2026-08-04T17:09:00,Mohsan Javed,False
951,2319,OUTSIDER,MB NO.11297,750,,2026-08-07T14:36:00,Mohsan Javed,False
952,2320,MAUZAM +ALTAF,MB NO.11298,600,,2026-08-07T14:43:00,Mohsan Javed,False
953,2322,HARIS SUFWAN ABID,MB NO.11303,600,,2026-08-08T12:24:00,Mohsan Javed,False
954,2326,HAJI AHMED,MB NO.11313,520,,2026-08-08T13:02:00,Mohsan Javed,False
955,2329,HARIS SUFWAN ABID,MB NO.11318,1000,,2026-08-08T13:06:00,Mohsan Javed,False
956,2330,HAJI AHMED,MB NO.11319,1000,,2026-08-08T13:08:00,Mohsan Javed,False
957,2332,MAUZAM +ALTAF,MB NO.11328,800,,2026-08-08T14:44:00,Mohsan Javed,False
958,2335,ZAIN ALI,MB NO.11333,3000,,2026-08-08T16:40:00,Mohsan Javed,False
959,2336,MAUZAM +ALTAF,MB NO.11334,300,,2026-08-08T16:47:00,Mohsan Javed,False
960,2338,HAJI AHMED,MB NO.11337,11250,,2026-08-08T17:33:00,Mohsan Javed,False
961,2339,HAJI AHMED,MB NO.11339,1250,,2026-08-08T17:37:00,Mohsan Javed,False
962,2340,ZAIN ALI,MB NO.11340,1250,,2026-08-08T08:44:00,Mohsan Javed,False
963,2341,HARIS SUFWAN ABID,MB NO.11343,1300,,2026-08-08T11:22:00,Mohsan Javed,False
964,2342,HAFIZ SHOAIB,MB NO.11345,1250,,2026-08-09T11:38:00,Mohsan Javed,False
965,2345,HARIS SUFWAN ABID,MB NO.11348,1000,,2026-08-09T12:43:00,Mohsan Javed,False
966,2354,HAJI AHMED,MB NO.11360,1200,,2026-08-09T13:16:00,Mohsan Javed,False
967,2355,HAFIZ SHOAIB,MB NO.11362/2,9850,,2026-08-09T14:14:00,Mohsan Javed,False
968,2358,HAFIZ SHOAIB,MB NO.11361,600,,2026-08-09T15:40:00,Mohsan Javed,False
969,2360,HAFIZ SHOAIB,MB NO.11369,1000,,2026-08-09T16:02:00,Mohsan Javed,False
970,2363,ZAIN ALI,MB NO.11370,1000,,2026-08-09T16:24:00,Mohsan Javed,False
971,2364,HARIS SUFWAN ABID,MB NO.11372,1000,,2026-08-09T16:26:00,Mohsan Javed,False
972,2365,HAJI AHMED,MB NO.11367,1250,,2026-08-09T16:29:00,Mohsan Javed,False
973,2369,HAJI AHMED,MB NO.11375,501.2,,2026-08-10T11:11:00,Mohsan Javed,False
974,2373,HARIS SUFWAN ABID,MB NO.11380,1000,,2026-08-10T11:42:00,Mohsan Javed,False
975,2374,ZAIN ALI,MB NO.11381,350,,2026-08-10T12:03:00,Mohsan Javed,False
976,2381,JAHANGIR PARSUWAL,MB NO.11407,600,,2026-08-11T12:31:00,Shujaat Muzaffar,False
977,2383,HARIS SUFWAN ABID,MB NO.11409,1000,,2026-08-11T12:38:00,Shujaat Muzaffar,False
978,2384,JAHANGIR PARSUWAL,MB NO.11412,1500,,2026-08-11T12:39:00,Shujaat Muzaffar,False
979,2388,HARIS SUFWAN ABID,MB NO.11424,1000,,2026-08-11T12:50:00,Shujaat Muzaffar,False
981,2399,OUTSIDER,MB NO.11397,800,,2026-08-11T14:44:00,Mohsan Javed,False
982,2403,HAFIZ SHOAIB,MB NO.11398,1500,,2026-08-10T14:55:00,Mohsan Javed,False
983,2406,HARIS SUFWAN ABID,MB NO.11435,800,,2026-08-11T14:56:00,Shujaat Muzaffar,False
984,2416,HAFIZ SHOAIB,MB NO.11454,2250,,2026-08-11T11:19:00,Shujaat Muzaffar,False
985,2417,SHARJEEL SAFWAN ABID,MB NO.11457,1000,,2026-08-12T11:22:00,Shujaat Muzaffar,False
986,2421,HAJI AHMED,MB NO.11468,1250,,2026-08-12T14:51:00,Shujaat Muzaffar,False
987,2429,JAHANGIR PARSUWAL,MB NO.11492,1250,,2026-08-13T12:46:00,Shujaat Muzaffar,False
988,2477,JAHANGIR PARSUWAL,MB NO.11583,520,,2026-08-16T09:31:00,Shujaat Muzaffar,False
989,2478,HAJI AHMED,MB NO.11434/2,1040,,2026-08-11T10:05:00,Shujaat Muzaffar,False
990,2481,HAFIZ SHOAIB,MB NO.11576,400,,2026-08-16T10:18:00,Shujaat Muzaffar,False
991,2485,ALI SHAN MANI,MB NO.11582,400,,2026-08-16T11:37:00,Shujaat Muzaffar,False
992,2488,HAFIZ SHOAIB,MB NO.11596,600,,2026-08-16T13:46:00,Shujaat Muzaffar,False
993,2492,HAFIZ SHOAIB,MB NO.11608,2835,,2026-08-16T16:11:00,Shujaat Muzaffar,False
994,2542,ZAIN ALI,MB NO.11701,1250,,2026-08-19T09:21:00,Shujaat Muzaffar,False
995,2551,HAFIZ SHOAIB,MB NO.11109,1200,,2026-08-02T12:06:00,Shujaat Muzaffar,False
996,2554,HAFIZ SHOAIB,MB NO.11681,5000,,2026-08-18T16:57:00,Shujaat Muzaffar,False
997,2560,JAHANGIR PARSUWAL,MB NO.11612,1800,,2026-08-16T11:44:00,Shujaat Muzaffar,False
998,2561,ZAIN ALI,MB NO.11672,756,,2026-08-18T11:51:00,Shujaat Muzaffar,False
999,2382,HARIS SUFWAN ABID,MB NO.11408,300,,2026-08-11T12:32:00,Shujaat Muzaffar,False
1000,2386,JAHANGIR PARSUWAL,MB NO.11422,1000,,2026-08-11T12:48:00,Shujaat Muzaffar,False
1001,2577,HAJI AHMED,MB NO.11766,480,,2026-08-22T14:11:00,Shujaat Muzaffar,False
1002,2582,ZAHID LOADER,MB NO.11776,600,,2026-08-22T14:49:00,Shujaat Muzaffar,False
1003,2586,SHARJEEL SAFWAN ABID,MB NO.11779,1200,,2026-08-23T15:04:00,Shujaat Muzaffar,False
1004,2590,HAFIZ SHOAIB,MB NO.11785,1000,,2026-08-23T15:39:00,Shujaat Muzaffar,False
1005,2591,HAFIZ SHOAIB,MB NO.11786,600,,2026-08-23T15:41:00,Shujaat Muzaffar,False
1006,2592,JAHANGIR PARSUWAL,MB NO.11669,600,,2026-08-18T15:45:00,Shujaat Muzaffar,False
1007,2595,ZAHID LOADER,MB NO.11791,2000,,2026-08-23T16:03:00,Shujaat Muzaffar,False
1008,2596,SHARJEEL SAFWAN ABID,MB NO.11793,1000,,2026-08-23T16:25:00,Shujaat Muzaffar,False
1009,2598,HAJI AHMED,MB NO.11796,1500,,2026-08-23T16:35:00,Shujaat Muzaffar,False
1010,2601,OUTSIDER,MB NO.11802,2400,,2026-08-23T17:07:00,Shujaat Muzaffar,False
1011,2603,HAFIZ SHOAIB,MB NO.11805,700,,2026-08-23T17:09:00,Shujaat Muzaffar,False
1012,2604,ALI SHAN MANI,MB NO.11520/2,304.75,,2026-08-13T17:12:00,Shujaat Muzaffar,False
1013,2605,SHARJEEL SAFWAN ABID,MB NO.11667,600,,2026-08-18T13:13:00,Shujaat Muzaffar,False
1014,2606,HAJI AHMED,MB NO.11811,600,,2026-08-24T13:16:00,Shujaat Muzaffar,False
1015,2609,HAJI AHMED,MB NO.11819,1000,,2026-08-24T13:30:00,Shujaat Muzaffar,False
1016,2610,SHARJEEL SAFWAN ABID,MB NO.11820,800,,2026-08-24T13:34:00,Shujaat Muzaffar,False
1017,2613,OUTSIDER,MB NO.11823,800,,2026-08-24T13:45:00,Shujaat Muzaffar,False
1018,2616,HAJI AHMED,MB NO.11827,260,,2026-08-24T14:23:00,Shujaat Muzaffar,False
1019,2621,SHARJEEL SAFWAN ABID,MB NO.11836,8500,,2026-08-24T16:54:00,Shujaat Muzaffar,False
