id,pending_bill_id,remind_at,note,is_done,alerted_at,acknowledged_at,created_at
5,6402,2026-08-03T10:00:00,1ST TIME APKE ACCOUNT MAIN SEND KARON GA,False,2026-08-03T10:00:27.243317,,2026-07-21T15:50:59.076354
6,6048,2026-07-23T16:00:00,hafiz shoaib to send,False,2026-07-23T16:00:09.115346,,2026-07-21T16:10:57.643899
7,6348,2026-08-02T12:00:00,21/07/26 to call,False,2026-08-02T12:00:08.917965,,2026-07-21T16:55:57.471404
8,6501,2026-07-27T10:00:00,MON MORNING WILL PAY,False,2026-07-27T10:00:16.714651,,2026-07-24T18:40:58.963331
9,5987,2026-08-15T10:00:00,15 AUG KO CLEAR KARON GA,False,2026-08-15T10:00:01.786812,,2026-07-25T13:30:12.552886
10,6404,2026-10-01T10:00:00,OCT-26 MAIN PAY KARON GA,False,,,2026-07-25T13:32:01.331435
11,5999,2026-08-01T10:30:00,kal raat jo guzar gayi krty hain,False,2026-08-01T10:30:25.835340,,2026-07-31T21:27:51.781434
12,6658,2026-08-03T16:00:00,CHAKAR LAGATA HN,False,2026-08-03T16:00:04.980917,,2026-08-01T17:02:30.235561
13,6699,2026-08-10T09:00:00,MORNING MAIN A KAR ATM SE TRANSFER KARON GA,False,2026-08-10T09:22:38.060695,,2026-08-07T18:06:24.468377
14,6688,2026-08-10T10:00:00,ONLINE KARON GA,False,2026-08-10T10:00:11.396216,,2026-08-07T18:57:00.558961
15,6718,2026-08-10T10:45:00,MON KO ACCOUNT CHK KARNA HAI KIYA TRANSFER HO SAKTEY HAIN,False,2026-08-10T11:43:02.894621,,2026-08-08T14:09:21.027199
16,6695,2026-08-10T09:15:00,1ST TIME CHEQUE ACC MAIN TRANSFER,False,2026-08-10T09:22:38.060695,,2026-08-09T15:28:53.708961
17,6742,2026-08-10T09:30:00,INSURANCE KE PAISEY ACC MAIN AYEN GYE,False,2026-08-10T09:30:07.688592,,2026-08-09T15:57:16.575855
18,6710,2026-08-10T10:30:00,UBL KA ACC OPEN KARWAYA MON KO CASH KARWA KR DEY GYE,False,2026-08-10T11:43:02.894621,,2026-08-09T17:04:50.696520
19,6152,2026-08-17T10:00:00,MON KO PAY KRON GA BAAT WALEY HAIN,False,2026-08-17T10:00:05.282878,,2026-08-12T21:44:22.195443
20,6737,2026-08-15T10:00:00,MON KO PAYMENT AYE GI,False,2026-08-15T10:00:01.786812,,2026-08-13T11:31:52.076507
21,6783,2026-08-29T10:00:00,25 AUG BAL WILL PAY,False,,,2026-08-15T11:45:53.688115
22,6919,2026-09-01T10:00:00,1SEP WILL PAY,False,,,2026-08-27T13:19:05.251097
23,5792,2026-08-31T11:00:00,PAYMENT INSHALLAH WILL SOON,False,,,2026-08-27T15:37:25.829977
24,5632,2026-08-28T17:35:00,CONTR ASGHAR PHATO WILL PAY TODAY 2 SOTTAR AMOUNT,False,,,2026-08-28T12:48:45.201854
25,6859,2026-08-31T10:15:00,MALIK ARSHAD MON WILL PAY,False,,,2026-08-28T13:24:46.392493
