id,supplier_id,supplier,manual_bill_no,auto_bill_no,photo_path,photo_url,loading_cost,freight_cost,other_expense,adjustment_amount,discount,paid_amount,payment_type,payment_account_id,tax_percent,tax_amount,tax_type,bank_name,account_name,account_no,supplier_invoice_no,due_date,bill_date,date_posted,is_void,note
1,2,Faizan Facto,,SB-GRN-1000,,,0,0,0,0,0,0,Credit,,0,0,Asset,,,,,,,2026-07-01T00:00:00,False,
2,2,Faizan Facto,,SB-GRN-1001,,,0,0,0,0,0,0,Credit,,0,0,Asset,,,,,,,2026-07-07T00:00:00,False,
3,2,Faizan Facto,,SB-GRN-1002,,,0,0,0,0,0,0,Credit,,0,0,Asset,,,,,,,2026-07-12T00:00:00,False,
4,2,Faizan Fecto,MB NO.1003,SB-GRN-1003,,,0,0,0,0,0,0,Credit,,0,0,Asset,,,,,,,2026-07-14T00:00:00,False,380 fecto purchaise
5,2,Faizan Fecto,MB NO.1004,SB-GRN-1004,,,0,0,0,0,0,0,Credit,,0,0,Asset,,,,,,,2026-07-18T00:00:00,False,
6,1,Gujr Trader DG Kohat Fauji,,SB-GRN-1005,,,0,0,0,0,0,0,Credit,,0,0,Asset,,,,,,,2026-07-02T00:00:00,False,
8,1,Gujr Trader DG Kohat Fauji,,SB-GRN-1007,,,0,0,0,0,0,0,Credit,,0,0,Asset,,,,,,,2026-07-04T00:00:00,False,
9,1,Gujr Trader DG Kohat Fauji,,SB-GRN-1008,,,0,0,0,0,0,0,Credit,,0,0,Asset,,,,,,,2026-07-05T00:00:00,False,
10,1,Gujr Trader DG Kohat Fauji,,SB-GRN-1009,,,0,0,0,0,0,0,Credit,,0,0,Asset,,,,,,,2026-07-06T00:00:00,False,
12,1,Gujr Trader DG Kohat Fauji,,SB-GRN-1011,,,0,0,0,0,0,0,Credit,,0,0,Asset,,,,,,,2026-07-11T00:00:00,False,
13,1,Gujr Trader DG Kohat Fauji,,SB-GRN-1012,,,0,0,0,0,0,0,Credit,,0,0,Asset,,,,,,,2026-07-17T00:00:00,False,
14,1,Gujr Trader DG Kohat Fauji,,SB-GRN-1013,,,0,0,0,0,0,0,Credit,,0,0,Asset,,,,,,,2026-07-20T12:14:13.588643,False,
16,1,Gujr Trader DG Kohat Fauji,,SB-GRN-1015,,,0,0,0,0,0,0,Credit,,0,0,Asset,,,,,,,2026-07-02T00:00:00,False,
17,1,Gujr Trader DG Kohat Fauji,,SB-GRN-1016,,,0,0,0,0,0,0,Credit,,0,0,Asset,,,,,,,2026-07-20T15:42:50.714374,False,
21,4,Zia Traders,,SB-GRN-1020,,,0,0,0,0,0,0,Credit,,0,0,Asset,,,,,,,2026-07-02T00:00:00,False,300 Pioner Purchase
22,4,Zia Traders,,SB-GRN-1021,,,0,0,0,0,0,0,Credit,,0,0,Asset,,,,,,,2026-07-07T00:00:00,False,600 Pioner Purchase
24,4,Zia Traders,,SB-GRN-1023,,,0,0,0,0,0,0,Credit,,0,0,Asset,,,,,,,2026-07-11T00:00:00,False,300 Pioner Purchase
25,1,Gujr Trader DG Kohat Fauji,,SB-GRN-1024,,,0,0,0,0,0,0,Credit,,0,0,Asset,None,None,None,None,,,2026-07-22T00:00:00,False,None
26,1,Gujr Trader DG Kohat Fauji,,SB-GRN-1025,,,0,0,0,0,0,0,Credit,,0,0,Asset,,,,,,,2026-07-25T15:59:22.399198,False,
27,1,Gujr Trader DG Kohat Fauji,,SB-GRN-1026,,,0,0,0,0,0,0,Credit,,0,0,Asset,,,,,,,2026-07-25T18:11:58.762209,False,
28,4,Zia Traders,,SB-GRN-1027,,,0,0,0,0,0,0,Credit,,0,0,Asset,,,,,,,2026-07-14T00:00:00,False,
29,4,Zia Traders,,SB-GRN-1028,,,0,0,0,0,0,0,Credit,,0,0,Asset,,,,,,,2026-07-17T00:00:00,False,
30,4,Zia Traders,,SB-GRN-1029,,,0,0,0,0,0,0,Credit,,0,0,Asset,,,,,,,2026-07-17T00:00:00,False,
31,4,Zia Traders,,SB-GRN-1030,,,0,0,0,0,0,0,Credit,,0,0,Asset,,,,,,,2026-07-19T00:00:00,False,
32,4,Zia Traders,,SB-GRN-1031,,,0,0,0,0,0,0,Credit,,0,0,Asset,,,,,,,2026-07-19T00:00:00,False,
33,4,Zia Traders,,SB-GRN-1032,,,0,0,0,0,0,0,Credit,,0,0,Asset,,,,,,,2026-07-26T00:00:00,False,
34,5,ISM STEEL,,SB-GRN-1033,,,0,0,0,0,0,0,Credit,,0,0,Asset,,,,,,,2026-06-09T00:00:00,False,
35,5,ISM STEEL,,SB-GRN-1034,,,0,0,0,0,0,0,Credit,,0,0,Asset,,,,,,,2026-06-15T00:00:00,False,
37,6,ARIF BRICK BARNALA,,SB-GRN-1036,,,0,0,0,0,0,0,Credit,,0,0,Asset,,,,,,,2026-06-21T00:00:00,False,
38,6,ARIF BRICK BARNALA,,SB-GRN-1037,,,0,0,0,0,0,0,Credit,,0,0,Asset,,,,,,,2026-06-21T00:00:00,False,
39,6,ARIF BRICK BARNALA,,SB-GRN-1038,,,0,0,0,0,0,0,Credit,,0,0,Asset,,,,,,,2026-06-21T00:00:00,False,
41,1,Gujr Trader DG Kohat Fauji,,SB-GRN-1040,,,0,0,0,0,0,0,Credit,,0,0,Asset,,,,,,,2026-07-28T18:02:55.451533,False,
42,1,Gujr Trader DG Kohat Fauji,,SB-GRN-1041,,,0,0,0,0,0,0,Credit,,0,0,Asset,,,,,,,2026-07-29T12:36:03.645010,False,
43,2,Faizan Fecto,MB NO.1042,SB-GRN-1042,,,0,0,0,0,0,0,Credit,,0,0,Asset,None,None,None,None,,,2026-07-30T00:00:00,False,None
44,4,Zia Traders,,SB-GRN-1043,,,0,0,0,0,0,0,Credit,,0,0,Asset,,,,,,,2026-07-31T00:00:00,False,
45,1,Gujr Trader DG Kohat Fauji,,SB-GRN-1044,,,0,0,0,0,0,0,Credit,,0,0,Asset,,,,,,,2026-07-31T00:00:00,False,
47,1,Gujr Trader DG Kohat Fauji,,SB-GRN-1046,,,0,0,0,0,0,0,Credit,,0,0,Asset,,,,,,,2026-08-02T18:30:48.288529,False,
48,4,Zia Traders,,SB-GRN-1047,,,0,0,0,0,0,0,Credit,,0,0,Asset,,,,,,,2026-08-05T17:54:44.667130,False,
49,2,Faizan Fecto,MB NO.1048,SB-GRN-1048,,,0,0,0,0,0,0,Credit,,0,0,Asset,,,,,,,2026-08-06T00:00:00,False,
50,4,Zia Traders,,SB-GRN-1049,,,0,0,0,0,0,0,Credit,,0,0,Asset,,,,,,,2026-08-07T00:00:00,False,
51,1,Gujr Trader DG Kohat Fauji,,SB-GRN-1050,,,0,0,0,0,0,0,Credit,,0,0,Asset,,,,,,,2026-08-07T00:00:00,False,
52,1,Gujr Trader DG Kohat Fauji,,SB-GRN-1051,,,0,0,0,0,0,0,Credit,,0,0,Asset,,,,,,,2026-08-08T09:02:16.638890,False,
53,1,Gujr Trader DG Kohat Fauji,,SB-GRN-1052,,,0,0,0,0,0,0,Credit,,0,0,Asset,,,,,,,2026-08-08T16:12:20.173843,False,
54,4,Zia Traders,,SB-GRN-1053,,,0,0,0,0,0,0,Credit,,0,0,Asset,,,,,,,2026-08-09T11:40:51.990519,False,
55,1,Gujr Trader DG Kohat Fauji,,SB-GRN-1054,,,0,0,0,0,0,0,Credit,,0,0,Asset,,,,,,,2026-08-09T11:48:29.180416,False,
56,2,Faizan Fecto,,SB-GRN-1055,,,0,0,0,0,0,0,Credit,,0,0,Asset,,,,,,,2026-08-09T00:00:00,False,
57,1,Gujr Trader DG Kohat Fauji,,SB-GRN-1056,,,0,0,0,0,0,0,Credit,,0,0,Asset,,,,,,,2026-08-11T00:00:00,False,
58,4,Zia Traders,,SB-GRN-1057,,,0,0,0,0,0,0,Credit,,0,0,Asset,,,,,,,2026-08-11T00:00:00,False,
