id,sale_id,sale_item_id,grn_item_id,qty,cost_rate,is_void
1,2546,5063,21,10,1360,False
2,2546,5064,1,10,1370,False
3,2547,5065,16,10,1390,False
4,2548,5067,34,157.1,230,False
5,2551,5075,21,20,1360,False
6,2557,5086,21,2,1360,False
7,2382,5155,8,10,1360,False
8,2386,5157,38,500,21.7,False
9,2563,5160,8,15,1360,False
10,2569,5175,21,20,1360,False
12,2574,5187,6,25,1370,False
13,2416,5191,38,400,21.7,False
14,2589,5215,21,20,1360,False
15,2590,5216,1,20,1370,False
16,2598,5238,34,442.3000000000014,230,False
17,2598,5239,1,10,1370,False
18,2600,5244,16,2,1390,False
19,2603,5248,38,250,21.7,False
20,2610,5261,16,20,1390,False
21,2610,5262,39,100,17.5,False
22,2621,5283,21,15,1360,False
23,2627,5295,34,569.0999999999992,230,False
24,2632,5308,39,100,17.5,False
25,2635,5313,8,20,1360,False
26,2642,5326,8,10,1360,False
27,2646,5331,8,25,1360,False
28,2650,5339,16,20,1390,False
