id,grn_id,mat_name,qty,price_at_time,is_void,is_locked
1,1,FECTO,300,1370,False,True
2,2,FECTO,300,1370,False,False
3,3,FECTO,380,1400,False,False
4,4,FECTO,380,1440,False,False
5,5,FECTO,450,1470,False,False
6,6,FAUJI,200,1370,False,True
8,8,KOHAT,450,1360,False,True
9,9,DG,300,1380,False,False
10,10,FAUJI,380,1370,False,False
12,12,KOHAT,100,1410,False,False
13,13,KOHAT,600,1460,False,False
14,14,DG,200,1480,False,False
16,16,DG,820,1390,False,True
17,17,KOHAT,750,1460,False,False
21,21,PIONEER,300,1360,False,True
22,22,PIONEER,600,1360,False,False
24,24,PIONEER,300,1440,False,False
25,25,DG,400,1480,False,False
26,26,DG,320,1500,False,False
27,27,KOHAT,500,1490,False,False
28,28,PIONEER,450,1440,False,False
29,29,PIONEER,1470,200,False,False
30,30,LUCKY SUPREME,390,1480,False,False
31,31,PIONEER,300,1470,False,False
32,32,PIONEER,300,1470,False,False
33,33,PIONEER,300,1480,False,False
34,34,12MM STEEL,22150,230,False,True
35,35,12MM STEEL,25055,233,False,False
37,37,GOLA GOL,3000,27.5,False,False
38,38,TILE 1ST JHANG,5000,21.7,False,True
39,39,TILE 2ND JHANG,11000,17.5,False,True
40,41,KOHAT,200,1490,False,False
41,42,DG,370,1500,False,False
42,43,FECTO,500,1480,False,False
43,44,PIONEER,200,1480,False,False
44,45,FAUJI,160,1510,False,False
46,47,KOHAT,600,1500,False,False
47,48,PIONEER,300,1480,False,False
48,49,FECTO,500,1490,False,False
49,50,PIONEER,300,1480,False,False
50,51,KOHAT,200,1500,False,False
51,52,KOHAT,200,1500,False,False
52,53,KOHAT,200,1500,False,False
53,54,PIONEER,260,1500,False,False
54,55,KOHAT,400,1500,False,False
55,56,FECTO,500,1500,False,False
56,57,DG,400,1490,False,False
57,58,PIONEER,300,1500,False,False
