id,material_return_id,material_name,qty,unit_rate,rent_rate,price_at_time
1,1,BRICKS,150,,,20
2,2,12MM STEEL,50.6,,,275
3,2,6MM STEEL,13.2,,,285
4,2,20MM STEEL,100.6,,,285
5,3,GOLA GOL,24,,,45
6,3,12MM STEEL,9.8,,,275
7,4,PIONEER,26,,,1490
8,5,12MM STEEL,554.6,,,267
9,6,12MM STEEL,10,,,240
10,7,12MM STEEL,185.4,,,245
11,8,6MM STEEL,5.3,247,0,247
12,9,12MM STEEL,130.9,245,0,245
13,9,6MM STEEL,12.8,245,0,245
14,9,6MM STEEL,31,208,0,208
15,10,12MM STEEL,30.4,250,0,250
16,10,6MM STEEL,9.8,262,0,262
17,10,12MM STEEL,32.1,320,0,320
18,10,WIRE,2.1,410,0,410
19,11,ISM 12MM STEEL,10.3,235,0,235
20,12,DG,36,0,0,0
21,13,12MM STEEL,40.8,235,0,235
25,16,RING 6X6,41,255,0,255
26,17,RING 6X6,11.9,284,0,284
27,18,6MM STEEL,11.4,228,0,228
28,19,10MM STEEL,156,252,0,252
29,20,CHAUGATH,8.9,275,0,275
30,21,12MM STEEL,247.5,265,0,265
35,23,12MM STEEL,357.5,0,0,0
36,23,6MM STEEL,79.7,0,0,0
37,24,10MM STEEL,90.7,245,0,245
38,25,12MM STEEL,255.2,240,0,240
39,25,6MM STEEL,3.4,252,0,252
40,26,KOHAT,1,0,0,0
41,27,20MM STEEL,53.7,0,0,0
44,29,ISM 12MM STEEL,153.3,240,0,240
47,32,ISM 12MM STEEL,60.8,240,0,240
49,34,6MM STEEL,28.7,248,0,248
50,35,ISM 12MM STEEL,535.9,237,0,237
51,35,6MM STEEL,17.6,249,0,249
52,36,ISM 12MM STEEL,110.9,240,0,240
53,37,RINGS 7X7,21.6,265,0,265
54,38,RING 6X6,25.1,232,0,232
55,39,ISM 12MM STEEL,164.6,235,0,235
56,39,6MM STEEL,11.6,247,0,247
57,40,TILE 1ST GAGGO MANDI,90,26,0,26
58,41,WIRE,8.6,380,0,380
59,42,CHAUGATH,26,0,0,0
60,43,CHAUGATH,5.6,269,0,269
61,44,12MM STEEL,41,235,0,235
62,45,RING 6X6,11.8,252,0,252
63,46,6MM STEEL,12.8,224,0,224
64,47,ISM 12MM STEEL,106.7,235,0,235
65,47,RING 4X9,6.9,255,0,255
66,47,WIRE,1.8,400,0,400
67,48,PIONEER,10,1420,0,1420
68,49,CHAUGATH,11.7,270,0,270
69,50,FAUJI,15,0,0,0
70,51,GOLA GOL,45,35,0,35
71,52,RING 6X6,59,285,0,285
72,52,RINGS 7X7,145.8,285,0,285
73,53,CHAUGATH,5.6,269,0,269
75,55,10MM STEEL,53.9,240,0,240
76,56,12MM STEEL,30.2,0,0,0
77,57,RING SIMOSA,5.8,263,0,263
78,58,ISM 12MM STEEL,41.1,240,0,240
79,58,6MM STEEL,133,252,0,252
80,59,WIRE,3.2,420,0,420
81,60,DG,1,0,0,0
82,61,DG,8,0,0,0
83,61,ISM 12MM STEEL,19.8,0,0,0
84,62,RING 6X6,25.3,232,0,232
85,62,WIRE,0.7,330,0,330
86,62,WIRE,1,705,0,705
87,63,6MM STEEL,28.7,242,0,242
88,63,6MM STEEL,10.2,295,0,295
89,63,WIRE,1.1,380,0,380
90,64,WIRE,8.1,400,0,400
91,65,KOHAT,5,0,0,0
92,66,DG,11,0,0,0
93,67,RING 6X6,1.3,260,0,260
94,68,DG,4,0,0,0
95,69,12MM STEEL,241.5,0,0,0
96,70,12MM STEEL,51.3,0,0,0
97,70,6MM STEEL,11.9,0,0,0
98,71,CHAUGATH,5.5,268,0,268
99,72,ISM 12MM STEEL,111.8,242,0,242
100,72,6MM STEEL,44.6,240,0,240
101,72,WIRE,3.1,420,0,420
102,73,CHAUGATH,20.7,270,0,270
103,74,DG,2,0,0,0
104,75,DG,11,0,0,0
105,76,ISM 12MM STEEL,93.2,0,0,0
107,78,ISM 12MM STEEL,294.5,244,0,244
108,78,6MM STEEL,28.2,275,0,275
109,78,WIRE,4.8,430,0,430
110,79,PIONEER,30,1480,0,1480
111,80,6MM STEEL,9.7,260,0,260
117,84,ISM 12MM STEEL,82,243,0,243
118,84,6MM STEEL,37.3,265,0,265
119,85,20MM STEEL,25.5,240,0,240
121,87,DG,1,0,0,0
122,88,CHIPS ZERO,4,234,0,234
123,89,CHAUGATH,8.3,268,0,268
124,90,CHAUGATH,7.9,269,0,269
