id,code,name,category_id,unit_price,total,unit,is_active,created_at
1,FBMST-000001,12MM STEEL,1,0,-82970.89999999995,KG,True,2026-03-08T16:35:45.607155
2,FBMST-000002,20MM STEEL,1,0,-12297.29999,KG,True,2026-03-09T09:15:49.247102
3,FBMST-000003,6MM STEEL,1,0,-5937.700000000001,KG,True,2026-03-09T09:16:04.901348
4,FBMCHA-000001,CHAUGATH,4,0,-12421.30000000001,KG,True,2026-03-09T09:16:17.187443
5,FBMCHA-000002,CHAUGATH-LABOUR,4,0,-470,Pcs,True,2026-03-09T09:16:25.835983
6,FBMCEM-000001,DG,3,0,-9319,Bags,True,2026-03-09T09:16:35.833241
7,FBMCEM-000002,KOHAT,3,0,-7686,Bags,True,2026-03-09T09:16:43.377339
8,FBMCEM-000003,PIONEER,3,0,-4766,Bags,True,2026-03-09T09:16:50.305884
9,FBMREN-000001,RENT-GENERAL,5,0,-3356,Pcs,True,2026-03-09T09:17:11.804628
10,FBMREN-000002,RENT-CEMENT,5,0,-24644,Pcs,True,2026-03-09T09:17:22.753917
11,FBMREN-000003,RENT-STEEL,5,0,-53044.69999999999,Pcs,True,2026-03-09T09:17:32.955314
12,FBMST-000004,WIRE,1,0,-1078.95,KG,True,2026-03-09T10:05:59.970083
13,FBMGEN-000001,CONCRETE SPACER,2,0,-156,Bags,True,2026-03-09T13:14:58.360300
14,tmpm-00001,6M,2,225,0,Bags,True,2026-03-11T11:29:50.768424
15,FBMST-000005,10MM STEEL,1,0,-2527.8,KG,True,2026-03-12T14:25:07.228753
16,FBMST-000006,STEEL NO 9,1,0,-41,KG,True,2026-03-12T14:25:34.711760
17,FBMBRI-000001,TILE 1ST JHANG,6,0,3205,PCS,True,2026-03-16T09:16:46.957771
18,FBMBRI-000002,TILE 1ST GAGGO MANDI,6,0,-9920,Pcs,True,2026-03-16T09:17:06.183622
19,FBMBRI-000003,TILE 2ND JHANG,6,0,8260,PCS,True,2026-03-16T09:17:22.522039
20,tmpm-00002,6MM,2,262,-41.8,Bags,True,2026-03-16T11:09:14.131787
21,FBMST-000007,RINGS 7X7,1,0,-614.0000000000001,KG,True,2026-03-17T13:18:06.455708
22,FBMBRI-000004,BRICKS,6,0,-6679,Bags,True,2026-03-28T14:48:40.220241
23,FBMST-000008,RING 4X4,1,0,-148.6,Bags,True,2026-03-29T12:52:34.505772
24,FBMST-000009,RING 6X6,1,0,-789.9999999999998,Bags,True,2026-03-29T16:19:36.049964
25,FBMBRI-000005,GOLA GOL,6,0,1108,Bags,True,2026-03-29T16:20:23.881706
26,FBMBRI-000006,GOLA KALM,6,0,-160,Bags,True,2026-03-29T16:20:53.695070
27,FBMCHI-000001,CHIPS ZERO,7,0,-258,Bags,True,2026-03-30T11:39:36.488847
28,FBMCHI-000002,CHIPS 8 NUMBER,7,0,-16,Bags,True,2026-03-30T11:40:17.395076
29,FBMCHI-000003,CHIPS 8.5 NUMBER,7,0,0,Bags,True,2026-03-30T11:40:41.587104
30,FBMBRI-000007,CHIPS 9 NUMBER,6,0,-11,Bags,True,2026-03-30T11:40:56.472515
31,FBMCEM-000004,FAUJI,3,0,-3630,Bags,True,2026-03-30T12:17:32.779479
32,FBMST-000010,STEEL 10MM,1,0,-155.6,Bags,True,2026-03-30T12:18:29.904522
33,FBMCRU-000001,BAJRI MOTI,8,0,-1248,Bags,True,2026-04-02T11:22:52.705232
34,FBMCRU-000002,BAJRI PAAN,8,0,-94,Bags,True,2026-04-02T11:23:16.646584
35,FBMCEM-000005,WHITE CEMENT,3,0,-5,Bags,True,2026-04-02T12:55:52.422619
36,tmpm-00003,D,2,1450,0,Bags,True,2026-04-04T10:44:37.936045
37,FTPCEM-0001,FT-KOHAT,3,0,-965,Bags,True,2026-04-04T12:08:29.663990
38,FTPCEM-0002,FT-DG,3,0,-317,Bags,True,2026-04-04T12:43:54.894912
39,FBMCEM-000006,FT-PIONEER,3,0,0,Bags,True,2026-04-04T12:44:25.943941
40,FTPCEM-0003,FT-FAUJI,3,0,-773,Bags,True,2026-04-04T12:44:58.470756
41,FBMMAR-000001,MARBLE PATTI GREY,9,0,-500,Sq. Ft,True,2026-04-05T12:11:48.100251
42,FBMCEM-000007,OPEN CEMENT,10,0,-123,Bags,True,2026-04-14T15:22:47.575647
43,tmpm-00004,RENT STEEL,11,1.785714285719,-18343.79,Bags,True,2026-04-20T15:05:20.004722
44,FBMST-000011,RING 4X9,1,0,-123,Bags,True,2026-04-30T11:42:42.616505
45,FBMBRI-000008,RING SIMOSA,6,0,-186.6,Bags,True,2026-04-30T11:43:18.200851
46,FBMBRI-000009,RORAY,6,0,-1,Bags,True,2026-04-30T15:27:47.219914
47,FBMCRU-000003,BAJR,8,0,-2,Bags,True,2026-04-30T15:28:13.950486
48,FBMCHI-000004,SAND,7,0,-7,Bags,True,2026-04-30T15:28:36.083549
49,FBMREN-000004,LABOUR,5,0,-212,Bags,True,2026-05-02T09:35:53.079533
50,FBMST-000012,ISM 12MM STEEL,1,0,-71861.80000000003,KG,True,2026-05-07T13:29:42.444874
51,FBMBRI-000010,BOND,6,0,-44,Bags,True,2026-05-21T14:06:29.603934
52,FBMST-000013,ANGEL,1,0,-234.4,Bags,True,2026-05-21T14:07:16.030904
53,FBMOTH-000001,MISC,12,0,-55,Pcs,True,2026-06-02T12:47:09.342376
54,tmpm-00005,PIONER,2,1370,-35,Bags,True,2026-06-18T10:14:40.842612
55,FBMST-000014,RING 9X9,1,0,-16.3,KG,True,2026-06-18T11:17:01.329407
56,FBMCEM-000008,FECTO,3,0,90,Bags,True,2026-07-01T16:09:30.583251
57,FBMST-000015,RING 8X8,1,0,0,Bags,True,2026-07-16T13:54:05.314405
58,FBMST-000016,RING 10X10,1,0,0,Bags,True,2026-07-16T13:55:51.928482
59,FBMST-000017,RING 6X9,1,0,0,Bags,True,2026-07-16T13:56:17.615459
60,FBMCEM-000009,LUCKY SUPREME,3,0,90,Bags,True,2026-07-18T11:37:31.353613
61,FBMOTH-000002,BACK FILLING,12,0,-1,Bags,True,2026-07-23T16:41:09.092598
62,tmpm-00006,ISM,2,247,0,Bags,True,2026-07-28T16:34:45.673851
63,FBMCEM-000010,PAKCEM,3,0,0,Bags,True,2026-08-03T11:22:45.536479
64,123,RING 7BY 7,6,0,0,Bags,False,2026-08-13T17:27:05.788173
65,FBMST-000018,RING 7X7,1,0,-42.7,KG,True,2026-08-14T08:42:00.831805
66,FBMST-000019,RING 7X9,1,0,-43.3,KG,True,2026-08-14T08:54:06.894937
