id,client_name,return_type,amount,manual_bill_no,auto_bill_no,date_posted,note,payment_id,is_void
1,MALIK ADNAN,,3000,MB NO.7505,SB-RTN-1000,2026-04-16T11:46:00,,160,False
2,GHULAM SARWAR SB JPS(HAJI JAVED SB),,46348,MB NO.7511,SB-RTN-1001,2026-04-15T18:27:00,,165,False
3,ASHRAF SB AJNALA(SALEEM CONT),,3775,MB NO.7607,SB-RTN-1002,2026-04-21T23:46:00,EXTRA,182,False
4,MIRZA AMJAD JAVED SB AJNALA SITE,,38740,MB NO.7664,SB-RTN-1003,2026-04-23T13:56:00,,186,False
5,MEHBOOB ALAM SB KOANKH,,148078.2,MB NO.7293,SB-RTN-1004,2026-04-07T10:08:00,,197,False
6,DR LATEEF SB JPS,,2400,,SB-RTN-1005,2026-04-27T13:15:14.926834,,201,False
7,SHEHBAZ BAIG SB KOANKH,,45423,MB NO.7937,SB-RTN-1006,2026-05-03T10:05:00,,222,False
8,SAJID BAIG MAKKI KOANKH,normal,1309.1,MB NO.8129,SB-RTN-1007,2026-05-10T11:01:00,,239,False
9,SHEHZAD BAIG SB KOANKH,normal,41654.5,MB NO.8472,SB-RTN-1008,2026-05-20T10:42:53.391843,,271,False
10,TARIQ MEHMOOD SB MALIKPUR,normal,21300.6,MB NO.7793,SB-RTN-1009,2026-04-28T14:19:00,,273,False
11,GHULAM SARWAR SB JPS(HAJI JAVED SB),normal,2420.5,MB NO.8561,SB-RTN-1010,2026-05-22T03:27:00,,278,False
12,SAJID BAIG MAKKI KOANKH,booked,0,MB NO.8593,SB-RTN-1011,2026-05-23T23:04:00,,281,False
13,JAMEEL SB JAGWAN,normal,9588,MB NO.8626,SB-RTN-1012,2026-05-24T11:53:00,,292,False
16,ASIF HUSSAIN JPS (ALI ALMUNIUM),normal,10455,MB NO.8726,SB-RTN-1015,2026-05-31T11:01:45.934968,,316,False
17,CH MUHAMMAD AKRAM RIHANIA SB JPS,normal,3379.6,MB NO.8691/2,SB-RTN-1016,2026-05-26T15:30:00,,320,False
18,ABDUL REHMAN SB JPS(ZAFAR CONT),normal,2599.2,MB NO.8746,SB-RTN-1017,2026-05-31T09:54:00,,321,False
19,HAJI IQBAL SB JPS,normal,39312,MB NO.8808,SB-RTN-1018,2026-06-02T12:57:23.118953,,330,False
20,MALIK NAVEED SB KHAN PUR KHOKHAR,normal,2447.5,MB NO.8206,SB-RTN-1019,2026-05-12T08:49:00,return,338,False
21,SALMAAN SB GHURAL (GOGA SB GHURAL),normal,65587.5,MB NO.8905,SB-RTN-1020,2026-06-04T13:59:00,return,344,False
23,ZEESHAN ATTARI SB JPS,booked,0,MB NO.8661,SB-RTN-1022,2026-05-25T10:39:00,,351,False
24,ZEESHAN ATTARI SB JPS,normal,22221.5,,SB-RTN-1023,2026-05-25T10:40:00,return,352,False
25,HAFIZ ABDUL JABBAR SB RANGPUR,normal,62104.8,MB NO.8943,SB-RTN-1024,2026-06-06T12:45:00,,362,False
26,JAVED NUMBERDAR SB JPS,booked,0,MB NO.8945,SB-RTN-1025,2026-06-15T12:51:28.601389,,363,False
27,MIRZA REHMAN SB JPS,booked,0,MB NO.9030,SB-RTN-1026,2026-06-08T09:06:00,return,372,False
29,MUHAMMAD ARSHAD SB DHINDA POTAN WALAY,normal,36792,MB NO.9438,SB-RTN-1028,2026-06-17T12:58:00,,387,False
32,GHULAM GHOUS SB JPS,normal,14592,MB NO.9149,SB-RTN-1031,2026-06-10T11:10:00,,400,False
34,HAJI AKRAM SB CONT DOYIAN,normal,7117.599999999999,MB NO.9570/2,SB-RTN-1033,2026-06-21T12:02:45.646236,,404,False
35,AURANGZEB SB KOANKH,normal,131390.7,MB NO.9403,SB-RTN-1034,2026-06-16T13:35:00,,407,False
36,MAZHAR SB RUPOWAL DERA,normal,26616,MB NO.9610/2,SB-RTN-1035,2026-06-22T12:35:11.670824,,412,False
37,SAGHEER BAIG SB KOANKH,normal,5724,MB NO.9389,SB-RTN-1036,2026-06-16T15:38:00,,429,False
38,HDC MEHAR MEHDI SB JPS,normal,5823.200000000001,MB NO.9717/2,SB-RTN-1037,2026-06-24T16:31:00,,430,False
39,NAZIM GUJJAR SB JPS,normal,41546.2,MB NO.9761,SB-RTN-1038,2026-06-25T13:20:00,,433,False
40,GHULAM GHOUS SB JPS,normal,2340,MB NO.9794,SB-RTN-1039,2026-06-27T12:46:59.889242,,442,False
41,ALI SHAN SB RANGRA,normal,3268,MB NO.9849,SB-RTN-1040,2026-06-28T14:18:00,,451,False
42,RAOOF SB GHURAL,booked,0,MB NO.9303,SB-RTN-1041,2026-06-14T15:20:00,,462,False
43,DR EHSAN SB DHINDA,normal,1506.4,MB NO.9189,SB-RTN-1042,2026-06-11T16:30:00,,465,False
44,CH MUHAMMAD AKRAM RIHANIA SB JPS,normal,9635,MB NO.9935,SB-RTN-1043,2026-06-30T13:41:00,,473,False
45,MUHAMMAD ABID SB KOANKH,normal,2973.6,MB NO.9926/2,SB-RTN-1044,2026-06-30T14:52:28.972566,,475,False
46,CH MUHAMMAD AKRAM RIHANIA SB JPS,normal,2867.2,MB NO.10005,SB-RTN-1045,2026-07-01T16:55:00,,489,False
47,MIRZA NAZAR BAIG SB KOANKH,normal,27554,,SB-RTN-1046,2026-07-02T11:10:53.812260,,490,False
48,SARWAR SB MASON,normal,14200,MB NO.10368,SB-RTN-1047,2026-07-09T16:52:36.533615,,516,False
49,MUSHTAQ SB JPS,normal,3159,MB NO.10402/2,SB-RTN-1048,2026-07-11T12:48:09.079378,,521,False
50,DR EHSAN SB DHINDA,booked,0,MB NO.10380,SB-RTN-1049,2026-07-10T17:01:00,,531,False
51,CH MUHAMMAD AKRAM RIHANIA SB JPS,normal,1575,MB NO.10449,SB-RTN-1050,2026-07-12T17:27:46.344544,,534,False
52,TALHA SB JPS,normal,58368,MB NO.9264,SB-RTN-1051,2026-06-13T15:22:00,,541,False
53,DR EHSAN SB DHINDA,normal,1506.4,MB NO.9212,SB-RTN-1052,2026-06-12T09:39:00,,543,False
55,ZEESHAN ATTARI SB JPS,normal,12936,MB NO.10259,SB-RTN-1054,2026-07-06T09:52:00,,550,False
56,ZEESHAN ATTARI SB JPS,booked,0,MB NO.10259/2,SB-RTN-1055,2026-07-06T09:53:00,,551,False
57,ARIF BAIG SB KOANKH (ASIM BAIG),normal,1525.4,MB NO.10588/2,SB-RTN-1056,2026-07-15T16:13:00.418103,,560,False
58,AZHAR BUTT SB JPS BUTT SWEETS,normal,43380,MB NO.9065/3,SB-RTN-1057,2026-06-08T16:35:00,,562,False
59,HAFIZ ABDUL JABBAR SB RANGPUR,normal,1344,MB NO.10598,SB-RTN-1058,2026-06-06T10:14:00,,566,False
60,HDC MEHAR MEHDI SB JPS,booked,0,MB NO.10636,SB-RTN-1059,2026-07-16T17:10:00,,574,False
61,HDC MEHAR MEHDI SB JPS,booked,0,MB NO.10785/2,SB-RTN-1060,2026-07-19T12:14:00,,587,False
62,HDC MEHAR MEHDI SB JPS,normal,6805.6,MB NO.10785/3,SB-RTN-1061,2026-07-19T12:55:00,OPEN CEMENT ADDED AS WIRE BECASUE OF WE DIDNT SALE OPEN CEMENT TO MEHNDI SB,588,False
63,MIRZA REHMAN SB JPS,normal,10372.4,MB NO.10178,SB-RTN-1062,2026-07-05T17:11:00,RING RETURN ADDED AS 6MM,595,False
64,SHABEEB SB KANIYAN,normal,3240,MB NO.9304,SB-RTN-1063,2026-06-14T11:13:00,,599,False
65,MEHBOOB ALAM SB KOANKH,booked,0,MB NO.7753,SB-RTN-1064,2026-04-27T15:37:00,,617,False
66,FAROOQ KALAS SB PARSUWAL,booked,0,MB NO.9543/2,SB-RTN-1065,2026-06-20T10:40:00,,622,False
67,HDC SYED TASSAWAR SHAH SB MALIKPUR SITE,normal,338,MB NO.5832,SB-RTN-1066,2026-02-08T14:29:00,,624,False
68,HDC SYED TASSAWAR SHAH SB MALIKPUR SITE,booked,0,MB NO.6240/2,SB-RTN-1067,2026-02-22T16:33:00,,625,False
69,HAJI IQBAL SB JPS,booked,0,MB NO.10957,SB-RTN-1068,2026-07-27T16:29:00,,630,False
70,HDC SYED TASSAWAR SHAH SB MALIKPUR SITE,booked,0,MB NO.8295/2,SB-RTN-1069,2026-05-15T11:51:00,,637,False
71,HDC SYED TASSAWAR SHAH SB MALIKPUR SITE,normal,1474,MB NO.10111,SB-RTN-1070,2026-07-04T13:05:00,,638,False
72,MIRZA YOUNUS SB JPS,normal,39061.6,,SB-RTN-1071,2026-08-01T15:42:20.846433,,654,False
73,CH IMRAN SB JPS,normal,5589,MB NO.9288-1,SB-RTN-1072,2026-06-14T12:54:00,RETURN,663,False
74,RAJA MUDASIR SB JPS,booked,0,MB NO.11227,SB-RTN-1073,2026-08-05T13:00:00,,678,False
75,FAISAL SB AJNALA,booked,0,MB NO.11100-1R,SB-RTN-1074,2026-08-02T11:43:00,return,684,False
76,RAJA MUDASIR SB JPS,booked,0,MB NO.11335/2,SB-RTN-1075,2026-08-08T16:50:00,,692,False
78,GHULAM MURTZA SB KOANKH,normal,81677,MB NO.11362,SB-RTN-1077,2026-08-09T14:42:46.475845,,697,False
79,GHULAM MURTZA SB KOANKH,normal,44400,,SB-RTN-1078,2026-08-09T11:12:00,,701,False
80,RAOOF SB GHURAL,normal,2522,,SB-RTN-1079,2026-08-07T12:01:00,,702,False
84,DR EHSAN SB DHINDA,normal,29810.5,MB NO.11462,SB-RTN-1083,2026-08-12T11:20:00,,730,False
85,QAISER SB JPS,normal,6120,MB NO.11565,SB-RTN-1084,2026-08-15T14:59:00,,739,False
87,HDC MEHAR MEHDI SB JPS,booked,0,MB NO.11707/2,SB-RTN-1086,2026-08-19T10:23:00,,751,False
88,HDC MEHAR MEHDI SB JPS,normal,936,MB NO.11707,SB-RTN-1087,2026-08-19T10:26:00,,752,False
89,ZEESHAN ATTARI SB JPS,normal,2224.4,MB NO.11677,SB-RTN-1088,2026-08-18T12:33:00,,801,False
90,FAZAL ILAHI SB JALPUWAL,normal,2125.1,MB NO.11870,SB-RTN-1089,2026-08-25T11:53:00,,808,False
