id,name,is_active,created_at
1,STEEL,True,2026-03-08T16:35:34.109824
2,General,True,2026-03-08T17:04:54.598027
3,CEMENT,True,2026-03-09T09:14:18.807601
4,CHAUGATH,True,2026-03-09T09:14:40.289509
5,RENT,True,2026-03-09T09:14:52.586881
6,BRICKS,True,2026-03-16T09:15:55.652615
7,CHIPS,True,2026-03-30T11:38:18.137121
8,CRUSH,True,2026-04-02T11:20:43.442914
9,MARBLE,True,2026-04-05T12:11:23.300675
10,General,True,2026-04-15T13:30:36.415833
11,General,True,2026-04-22T12:54:06.574139
12,OTHERS,True,2026-06-02T12:46:40.014614
