id,supplier_id,amount,amount_minor,method,payment_type,source_type,source_id,date_posted,note,is_void,bank_name,account_name,account_no,payment_account_id,manual_bill_no,auto_bill_no,idempotency_key,idempotency_payload_hash,revision,created_by,updated_by,created_at,updated_at
1,2,411000,41100000,Cash,Payment,,,2026-07-01T14:13:00,300 bag fecto paid,False,,FBM  CASH,,2,,,,,1,,,2026-08-17T14:03:46.163378,2026-08-17T14:03:46.163387
2,2,411000,41100000,Cash,Payment,,,2026-07-07T14:21:00,300 bag fecto paid,False,,FBM  CASH,,2,,,,,1,,,2026-08-17T14:03:46.164805,2026-08-17T14:03:46.164812
3,2,480700,48070000,Bank Transfer,Payment,,,2026-07-12T14:31:00,To M,False,AL FALAH,FAZAL BUILDING MATERIAL JPS,37737.0,4,,,,,1,,,2026-08-17T14:03:46.165836,2026-08-17T14:03:46.165843
4,2,51300,5130000,Cash,Payment,,,2026-07-12T14:48:00,380 fecto rent paid,False,,FBM  CASH,,2,,,,,1,,,2026-08-17T14:03:46.166975,2026-08-17T14:03:46.166981
5,2,51300,5130000,Cash,Payment,,,2026-07-14T14:54:00,380 fecto rent paid,False,,FBM  CASH,,2,,,,,1,,,2026-08-17T14:03:46.168299,2026-08-17T14:03:46.168307
6,2,495900,49590000,Bank Transfer,Payment,,,2026-07-15T14:56:00,To M.faizan,False,AL FALAH,FAZAL BUILDING MATERIAL JPS,37737.0,4,,,,,1,,,2026-08-17T14:03:46.169393,2026-08-17T14:03:46.169400
7,3,500000,50000000,Bank Transfer,Payment,,,2026-07-17T08:39:00,advance payment,False,AL FALAH,FAZAL BUILDING MATERIAL JPS,37737.0,4,,,,,1,,,2026-08-17T14:03:46.170153,2026-08-17T14:03:46.170234
8,2,25000,2500000,Cash,Payment,,,2026-07-18T09:43:00,,False,,FBM  CASH,,2,,,,,1,,,2026-08-17T14:03:46.171086,2026-08-17T14:03:46.171092
9,1,40400,4040000,Cash,Payment,,,2026-07-02T10:42:00,200 fuji rent paid,False,,FBM  CASH,,2,,,,,1,,,2026-08-17T14:03:46.171893,2026-08-17T14:03:46.171898
10,1,110700,11070000,Cash,Payment,,,2026-07-02T10:49:00,820 beg DG,False,,FBM  CASH,,2,,,,,1,,,2026-08-17T14:03:46.172881,2026-08-17T14:03:46.172888
11,1,70000,7000000,Cash,Payment,,,2026-07-04T10:53:00,450 BEG KOHAT,False,,FBM  CASH,,2,,,,,1,,,2026-08-17T14:03:46.173751,2026-08-17T14:03:46.173757
12,1,50000,5000000,Cash,Payment,,,2026-07-05T10:56:00,300 KOHAT RENT PAID,False,,FBM  CASH,,2,,,,,1,,,2026-08-17T14:03:46.174830,2026-08-17T14:03:46.174839
13,1,53200,5320000,Cash,Payment,,,2026-07-06T11:00:00,380 BEG FAUJI,False,,FBM  CASH,,2,,,,,1,,,2026-08-17T14:03:46.177060,2026-08-17T14:03:46.177068
14,1,1000000,100000000,Bank Transfer,Payment,,,2026-07-09T11:28:00,ALFA,False,AL FALAH,FAZAL BUILDING MATERIAL JPS,37737.0,4,,,,,1,,,2026-08-17T14:03:46.180662,2026-08-17T14:03:46.180669
15,1,1500000,150000000,Cash,Payment,,,2026-07-12T11:31:00,IMRAN SB TO PAID IN OFFICE KARIANWALA,False,,FBM  CASH,,2,,,,,1,,,2026-08-17T14:03:46.183792,2026-08-17T14:03:46.183799
16,1,1250000,125000000,Bank Transfer,Payment,,,2026-07-14T11:36:00,ALFLAH,False,AL FALAH,FAZAL BUILDING MATERIAL JPS,37737.0,4,,,,,1,,,2026-08-17T14:03:46.184784,2026-08-17T14:03:46.184790
17,1,500000,50000000,Bank Transfer,Payment,,,2026-07-16T11:37:00,ALFLAH,False,AL FALAH,FAZAL BUILDING MATERIAL JPS,37737.0,4,,,,,1,,,2026-08-17T14:03:46.185663,2026-08-17T14:03:46.185669
18,1,123730,12373000,Cash,Payment,,,2026-07-17T11:49:00,600 KOHAT BAG RENT PAID,False,,FBM  CASH,,2,,,,,1,,,2026-08-17T14:03:46.186599,2026-08-17T14:03:46.186605
19,1,1000000,100000000,Bank Transfer,Payment,,,2026-07-19T12:10:00,alflah,False,AL FALAH,FAZAL BUILDING MATERIAL JPS,37737.0,4,,,,,1,,,2026-08-17T14:03:46.187432,2026-08-17T14:03:46.187437
20,1,30000,3000000,Cash,Payment,,,2026-07-20T12:16:00,DG 200 Bag Rent paid,False,,FBM  CASH,,2,,,,,1,,,2026-08-17T14:03:46.188191,2026-08-17T14:03:46.188195
21,1,121000,12100000,Cash,Payment,,,2026-07-20T15:43:00,750 Bag kohat rent paid,False,,FBM  CASH,,2,,,,,1,,,2026-08-17T14:03:46.191088,2026-08-17T14:03:46.191095
22,4,400000,40000000,Bank Transfer,Payment,,,2026-07-05T15:57:00,alfla to ubl,False,AL FALAH,FAZAL BUILDING MATERIAL JPS,37737.0,4,,,,,1,,,2026-08-17T14:03:46.192176,2026-08-17T14:03:46.192182
23,4,300000,30000000,Bank Transfer,Payment,,,2026-07-06T16:00:00,alfla to bop,False,AL FALAH,FAZAL BUILDING MATERIAL JPS,37737.0,4,,,,,1,,,2026-08-17T14:03:46.198056,2026-08-17T14:03:46.198064
24,4,144500,14450000,Cash,Payment,,,2026-07-07T16:05:00,rent paid 600 bag,False,,FBM  CASH,,2,,,,,1,,,2026-08-17T14:03:46.200297,2026-08-17T14:03:46.200303
25,4,300000,30000000,Bank Transfer,Payment,,,2026-07-09T16:07:00,alfla to bop,False,AL FALAH,FAZAL BUILDING MATERIAL JPS,37737.0,4,,,,,1,,,2026-08-17T14:03:46.201597,2026-08-17T14:03:46.201602
26,4,300000,30000000,Bank Transfer,Payment,,,2026-07-10T16:13:00,alfla to bop,False,AL FALAH,FAZAL BUILDING MATERIAL JPS,37737.0,4,,,,,1,,,2026-08-17T14:03:46.202498,2026-08-17T14:03:46.202504
27,4,86700,8670000,Cash,Payment,,,2026-07-11T16:21:00,rent paid 300,False,,FBM  CASH,,2,,,,,1,,,2026-08-17T14:03:46.203357,2026-08-17T14:03:46.203363
28,4,300000,30000000,Bank Transfer,Payment,,,2026-07-12T16:30:00,alfla to bop,False,AL FALAH,FAZAL BUILDING MATERIAL JPS,37737.0,4,,,,,1,,,2026-08-17T14:03:46.204110,2026-08-17T14:03:46.204114
29,4,500000,50000000,Bank Transfer,Payment,,,2026-07-20T17:09:00,mcb,False,MCB,ADNAN AHMED,7761.0,1,,,,,1,,,2026-08-17T14:03:46.204906,2026-08-17T14:03:46.204912
30,1,500000,50000000,Bank Transfer,Payment,,,2026-07-20T10:40:00,From MCB 7761,False,MCB,ADNAN AHMED,7761.0,1,,,,,1,,,2026-08-17T14:03:46.205706,2026-08-17T14:03:46.205712
31,1,50000,5000000,Cash,Payment,,,2026-07-21T14:31:00,"TMT 825 GHARI NUMBER ,ONLY RENT PAID",False,,FBM  CASH,,2,,,,,1,,,2026-08-17T14:03:46.206575,2026-08-17T14:03:46.206581
32,1,60000,6000000,Cash,Payment,,,2026-07-22T14:40:00,400 BAG DG RENT PAID,False,,FBM  CASH,,2,,,,,1,,,2026-08-17T14:03:46.207405,2026-08-17T14:03:46.207411
33,1,500000,50000000,Bank Transfer,Payment,,,2026-07-25T12:23:00,,False,AL FALAH,FAZAL BUILDING MATERIAL JPS,37737.0,4,,,,,1,,,2026-08-17T14:03:46.208108,2026-08-17T14:03:46.208112
34,1,46880,4688000,Cash,Payment,,,2026-07-25T15:59:00,RENT PAID 320 BAG DG,False,,FBM  CASH,,2,,,,,1,,,2026-08-17T14:03:46.208898,2026-08-17T14:03:46.208902
35,1,120000,12000000,Cash,Payment,,,2026-07-25T18:12:00,rent paid 500 kohat,False,,FBM  CASH,,2,,,,,1,,,2026-08-17T14:03:46.209660,2026-08-17T14:03:46.209665
36,4,300000,30000000,Bank Transfer,Payment,,,2026-07-13T14:37:00,alfla to bop,False,AL FALAH,FAZAL BUILDING MATERIAL JPS,37737.0,4,,,,,1,,,2026-08-17T14:03:46.210543,2026-08-17T14:03:46.210549
37,4,90000,9000000,Cash,Payment,,,2026-07-14T14:41:00,rent paid 450 bag,False,,FBM  CASH,,2,,,,,1,,,2026-08-17T14:03:46.211260,2026-08-17T14:03:46.211264
38,4,400000,40000000,Bank Transfer,Payment,,,2026-07-15T14:55:00,alflah to bop,False,AL FALAH,FAZAL BUILDING MATERIAL JPS,37737.0,4,,,,,1,,,2026-08-17T14:03:46.212068,2026-08-17T14:03:46.212073
39,4,78700,7870000,Cash,Payment,,,2026-07-17T14:59:00,rent paid ghari number 9418,False,,FBM  CASH,,2,,,,,1,,,2026-08-17T14:03:46.212836,2026-08-17T14:03:46.212841
40,4,355500,35550000,Cash,Payment,,,2026-07-19T15:01:00,cash,False,,FBM  CASH,,2,,,,,1,,,2026-08-17T14:03:46.213688,2026-08-17T14:03:46.213694
41,4,144500,14450000,Cash,Payment,,,2026-07-19T15:02:00,rent paid ghari  numbr 9421,False,,FBM  CASH,,2,,,,,1,,,2026-08-17T14:03:46.214544,2026-08-17T14:03:46.214549
42,4,700000,70000000,Bank Transfer,Payment,,,2026-07-26T15:04:00,alflah to bop,False,AL FALAH,FAZAL BUILDING MATERIAL JPS,37737.0,4,,,,,1,,,2026-08-17T14:03:46.215271,2026-08-17T14:03:46.215275
43,5,1000000,100000000,Bank Transfer,Payment,,,2026-06-10T17:01:00,steel payment,False,AL FALAH,FAZAL BUILDING MATERIAL JPS,37737.0,4,,,,,1,,,2026-08-17T14:03:46.216028,2026-08-17T14:03:46.216033
44,5,1500000,150000000,Bank Transfer,Payment,,,2026-06-13T17:02:00,steel payment,False,AL FALAH,FAZAL BUILDING MATERIAL JPS,37737.0,4,,,,,1,,,2026-08-17T14:03:46.216995,2026-08-17T14:03:46.217002
45,5,2000000,200000000,Bank Transfer,Payment,,,2026-06-15T17:08:00,steel payment,False,AL FALAH,FAZAL BUILDING MATERIAL JPS,37737.0,4,,,,,1,,,2026-08-17T14:03:46.218075,2026-08-17T14:03:46.218081
46,5,1000000,100000000,Bank Transfer,Payment,,,2026-06-18T17:12:00,,False,AL FALAH,FAZAL BUILDING MATERIAL JPS,37737.0,4,,,,,1,,,2026-08-17T14:03:46.219173,2026-08-17T14:03:46.219180
47,5,1000000,100000000,Bank Transfer,Payment,,,2026-06-22T17:13:00,,False,AL FALAH,FAZAL BUILDING MATERIAL JPS,37737.0,4,,,,,1,,,2026-08-17T14:03:46.220134,2026-08-17T14:03:46.220140
48,5,600000,60000000,Bank Transfer,Payment,,,2026-06-30T17:14:00,alflah,False,AL FALAH,FAZAL BUILDING MATERIAL JPS,37737.0,4,,,,,1,,,2026-08-17T14:03:46.221037,2026-08-17T14:03:46.221043
49,2,400000,40000000,Bank Transfer,Payment,,,2026-07-28T17:41:00,,False,AL FALAH,FAZAL BUILDING MATERIAL JPS,37737.0,4,,,,,1,,,2026-08-17T14:03:46.221847,2026-08-17T14:03:46.221852
50,6,105000,10500000,Cash,Payment,,,2026-06-21T17:57:00,RENT PAID,False,,FBM  CASH,,2,,,,,1,,,2026-08-17T14:03:46.222796,2026-08-17T14:03:46.222803
51,1,800000,80000000,Bank Transfer,Payment,,,2026-07-28T17:58:00,,False,MCB,ADNAN AHMED,7761.0,1,,,,,1,,,2026-08-17T14:03:46.223690,2026-08-17T14:03:46.223696
52,1,40000,4000000,Cash,Payment,,,2026-07-28T18:03:00,RENT PAID 200 BAG,False,,FBM  CASH,,2,,,,,1,,,2026-08-17T14:03:46.224546,2026-08-17T14:03:46.224551
53,1,73250,7325000,Cash,Payment,,,2026-07-29T12:36:00,rent paid 270 bag DG,False,,FBM  CASH,,2,,,,,1,,,2026-08-17T14:03:46.225340,2026-08-17T14:03:46.225347
54,6,100000,10000000,Bank Transfer,Payment,,,2026-06-30T12:37:00,,False,AL HABIB,ADNAN AHMED,2607.0,3,,,,,1,,,2026-08-17T14:03:46.226286,2026-08-17T14:03:46.226293
55,6,45000,4500000,Bank Transfer,Payment,,,2026-06-30T14:35:00,,False,AL HABIB,ADNAN AHMED,2607.0,3,,,,,1,,,2026-08-17T14:03:46.227103,2026-08-17T14:03:46.227108
56,6,49999.99,4999999,Cash,Payment,,,2026-07-23T14:36:00,cash paid,False,,FBM  CASH,,2,,,,,1,,,2026-08-17T14:03:46.227848,2026-08-17T14:03:46.227853
57,6,83500,8350000,Bank Transfer,Payment,,,2026-07-28T14:37:00,,False,AL HABIB,ADNAN AHMED,2607.0,3,,,,,1,,,2026-08-17T14:03:46.228636,2026-08-17T14:03:46.228641
58,2,50000,5000000,Cash,Payment,,,2026-07-30T10:16:00,rent paid 500 bag fecto,False,,FBM  CASH,,2,,,,,1,,,2026-08-17T14:03:46.229386,2026-08-17T14:03:46.229391
59,1,20300,2030000,Cash,Payment,,,2026-07-31T10:20:00,rent paid 160 bag fauji,False,,FBM  CASH,,2,,,,,1,,,2026-08-17T14:03:46.230434,2026-08-17T14:03:46.230441
60,1,50000,5000000,Cash,Payment,,,2026-08-01T09:48:00,rent paid 300 bag kohat,False,,FBM  CASH,,2,,,,,1,,,2026-08-17T14:03:46.231249,2026-08-17T14:03:46.231254
61,1,114700,11470000,Cash,Payment,,,2026-08-02T18:37:00,rent paid  600 bag kohat,False,,FBM  CASH,,2,,,,,1,,,2026-08-17T14:03:46.232050,2026-08-17T14:03:46.232055
62,2,400000,40000000,Bank Transfer,Payment,,,2026-08-04T17:51:00,,False,AL FALAH,FAZAL BUILDING MATERIAL JPS,37737.0,4,,,,,1,,,2026-08-17T14:03:46.233015,2026-08-17T14:03:46.233021
63,4,400000,40000000,Bank Transfer,Payment,,,2026-08-05T17:52:00,,False,AL HABIB,ADNAN AHMED,2607.0,3,,,,,1,,,2026-08-17T14:03:46.233924,2026-08-17T14:03:46.233930
64,4,155000,15500000,Cash,Payment,,,2026-08-05T17:53:00,rent paid 300 bag pioneer,False,,FBM  CASH,,2,,,,,1,,,2026-08-17T14:03:46.234835,2026-08-17T14:03:46.234841
65,2,400000,40000000,Bank Transfer,Payment,,,2026-08-06T10:24:00,,False,AL FALAH,FAZAL BUILDING MATERIAL JPS,37737.0,4,,,,,1,,,2026-08-17T14:03:46.235637,2026-08-17T14:03:46.235643
66,2,100000,10000000,Cash,Payment,,,2026-08-06T15:26:00,500 bag rent paid,False,,FBM  CASH,,2,,,,,1,,,2026-08-17T14:03:46.236548,2026-08-17T14:03:46.236555
67,1,43800,4380000,Cash,Payment,,,2026-08-07T09:02:00,rent paid 200 bag kohat,False,,FBM  CASH,,2,,,,,1,,,2026-08-17T14:03:46.237729,2026-08-17T14:03:46.237735
68,4,400000,40000000,Cash,Payment,,,2026-08-07T09:58:00,,False,,FBM  CASH,,2,,,,,1,,,2026-08-17T14:03:46.238627,2026-08-17T14:03:46.238633
69,1,100000,10000000,Cash,Payment,,,2026-08-08T18:13:00,RENT PAID 200 BAG KOHAT,False,,FBM  CASH,,2,,,,,1,,,2026-08-17T14:03:46.239542,2026-08-17T14:03:46.239548
70,4,300000,30000000,Cash,Payment,,,2026-08-09T11:48:00,RENT PAID 260 BAG,False,,COMPANY CASH,,12,,,,,1,,,2026-08-17T14:03:46.240418,2026-08-17T14:03:46.240425
71,1,80000,8000000,Cash,Payment,,,2026-08-09T11:52:00,RENT PAID 400 BAG,False,,FBM  CASH,,2,,,,,1,,,2026-08-17T14:03:46.241217,2026-08-17T14:03:46.241222
72,2,90000,9000000,Cash,Payment,,,2026-08-09T11:53:00,RENT PAID 500,False,,FBM  CASH,,2,,,,,1,,,2026-08-17T14:03:46.241989,2026-08-17T14:03:46.241994
73,2,410000,41000000,Bank Transfer,Payment,,,2026-08-10T16:46:00,,False,AL FALAH,FAZAL BUILDING MATERIAL JPS,37737.0,4,,,,,1,,,2026-08-17T14:03:46.243016,2026-08-17T14:03:46.243023
74,1,1000000,100000000,Cash,Payment,,,2026-08-09T10:04:00,,False,,FBM  CASH,,2,,,,,1,,,2026-08-17T14:03:46.243983,2026-08-17T14:03:46.243989
75,1,1000000,100000000,Bank Transfer,Payment,,,2026-08-10T16:28:00,,False,AL FALAH,FAZAL BUILDING MATERIAL JPS,37737.0,4,,,,,1,,,2026-08-17T14:03:46.244910,2026-08-17T14:03:46.244916
76,1,75250,7525000,Cash,Payment,,,2026-08-11T08:22:00,,False,,FBM  CASH,,2,,,,,1,,,2026-08-17T14:03:46.245840,2026-08-17T14:03:46.245846
77,4,300000,30000000,Bank Transfer,Payment,,,2026-08-11T08:57:00,,False,AL HABIB,ADNAN AHMED,2607.0,3,,,,,1,,,2026-08-17T14:03:46.246927,2026-08-17T14:03:46.246934
78,4,155000,15500000,Cash,Payment,,,2026-08-11T08:58:00,,False,,FBM  CASH,,2,,,,,1,,,2026-08-17T14:03:46.248052,2026-08-17T14:03:46.248060
