id,payment_id,client_code,client_name,bill_no,amount,reason,date_posted,created_by,note,is_void
1,,FBMCL-00020,HIDAYAT ULLAH SB CHAK BEHRAM,MB NO.6705,106,Direct sale waive-off (loss),2026-03-10T12:10:00,Rehman Ahmed,[direct_sale_discount:3],False
2,,FBMCL-00063,ABDULLAH SB KOANKH,MB NO.6777,0.5,Direct sale waive-off (loss),2026-03-12T14:25:00,Rehman Ahmed,[direct_sale_discount:10],False
3,,FBMCL-00067,MUHAMMAD BASHEER SB CONT KOANKH,MB NO.6666,0.7,Direct sale waive-off (loss),2026-03-12T16:20:00,Rehman Ahmed,[direct_sale_discount:17],False
4,20,FBMCL-00066,SUBEDAR MUHAMMAD ARSHAD SB KHANPUR KHOKHAR,SB-CP-1019,1100,Payment waive-off (loss),2026-03-15T10:32:53.475272,Shujaat Muzaffar,,False
5,21,FBMCL-00001,ABDUL AZEEM SB KHAN PUR KHOKHAR,SB-CP-1020,200,Payment waive-off (loss),2026-03-13T00:00:00,Shujaat Muzaffar,,False
6,,FBMCL-00011,GUL SHER SB CHAK BEHRAM,MB NO.6837,0.3,Direct sale waive-off (loss),2026-03-16T10:23:00,Rehman Ahmed,[direct_sale_discount:40],False
7,24,FBMCL-00104,WAHEED SB RUPOWAL (SEP CLIENT),SB-CP-1023,180,TILE DISCOUNT,2026-03-16T12:19:45.976385,Rehman Ahmed,,False
8,26,FBMCL-00106,WALEED ULLAH SB DILAWAR PUR,SB-CP-1025,108,Payment waive-off (loss),2026-03-16T15:18:00.388598,Rehman Ahmed,,False
9,35,FBMCL-00108,TARIQ BUTT SB JPS,SB-CP-1034,25,Payment waive-off (loss),2026-03-17T14:47:11.681605,Rehman Ahmed,,False
10,36,FBMCL-00087,ARIF SB JPS(HAJI ASHFAQ S),SB-CP-1035,787,Payment waive-off (loss),2026-03-17T16:15:32.566151,Rehman Ahmed,,False
11,37,FBMCL-00105,DR EHSAN SB DHINDA,SB-CP-1036,0.2,Payment waive-off (loss),2026-03-17T16:18:29.834919,Rehman Ahmed,,False
12,38,FBMCL-00055,FIYAZ BAIG SB KOANKH,SB-CP-1037,88,Payment waive-off (loss),2026-03-17T16:19:04.698547,Rehman Ahmed,,False
13,40,FBMCL-00011,GUL SHER SB CHAK BEHRAM,SB-CP-1039,10,Payment waive-off (loss),2026-03-16T00:00:00,Rehman Ahmed,,False
14,44,FBMCL-00030,MUHAMMAD ASHRAF SB AJNALA,SB-CP-1043,2780,1 BAG RETURNED AND 1400 DISCOUNT,2026-03-17T16:56:33.035591,Rehman Ahmed,,False
15,,FBMCL-00082,AMIR JAVED SB GHURAL,MB NO.6906,260,Direct sale waive-off (loss),2026-03-19T13:02:00,Shujaat Muzaffar,[direct_sale_discount:86],False
16,56,FBMCL-00072,EHSAN ATTARI SB JPS,MB NO.6985,400,DG/KOHAT RATE DIFRENCE,2026-03-26T10:35:09.577809,Shujaat Muzaffar,,False
17,61,FBMCL-00071,HAJI WARIS SB JPS,SB-CP-1060,36,Payment waive-off (loss),2026-03-28T14:59:51.543640,Shujaat Muzaffar,,False
18,62,FBMCL-00145,MASTER ZAHOOR SB JPS,MB NO.6997/2,900,Payment waive-off (loss),2026-03-27T00:00:00,Shujaat Muzaffar,,False
19,63,FBMCL-00150,MUHAMMAD AKRAM SB SANTAL SURKHIYAN,MB NO.5692/2,100,Payment waive-off (loss),2026-03-28T16:57:50.923619,Shujaat Muzaffar,,False
20,,FBMCL-00147,MUHAMMAD RAZAQ SB JPS,MB NO.7024,30.4,Direct sale waive-off (loss),2026-03-28T13:49:00,Shujaat Muzaffar,[direct_sale_discount:122],False
21,,FBMCL-00153,RAJA ALTAF SB JPS,MB NO.7051,0.5,Direct sale waive-off (loss),2026-03-29T14:18:00,Shujaat Muzaffar,[direct_sale_discount:138],False
22,68,FBMCL-00048,RANA ZAHEER SB JPS,SB-CP-1067,100,Payment waive-off (loss),2026-03-30T13:03:27.757581,Shujaat Muzaffar,,False
23,69,FBMCL-00158,JAMEEL SB JAGWAN,SB-CP-1068,250,BOOKING DISCOUNT,2026-03-30T17:14:32.869860,Rehman Ahmed,,False
24,70,FBMCL-00014,RAJA ADEEL SB,SB-CP-1069,260,Payment waive-off (loss),2026-03-30T00:00:00,Shujaat Muzaffar,,False
25,,FBMCL-00158,JAMEEL SB JAGWAN,MB NO.7096,0.6,Direct sale waive-off (loss),2026-03-31T11:20:00,Shujaat Muzaffar,[direct_sale_discount:162],False
26,,ORPH-00023,Orphan23,MB NO.7104,62,Direct sale waive-off (loss),2026-03-31T15:28:00,Shujaat Muzaffar,"[direct_sale_discount:169] | [MIGRATION] Orphan record. Original client: ""ZAMAN SB MALIKPUR"".",False
28,,FBMCL-00103,RAJA AMEER HAMZA SB JPS,MB NO.7107,7,Direct sale waive-off (loss),2026-04-01T12:47:00,Shujaat Muzaffar,[direct_sale_discount:173],False
29,,ORPH-00029,Orphan29,MB NO.7112,426,Direct sale waive-off (loss),2026-04-01T12:52:00,Shujaat Muzaffar,"[direct_sale_discount:174] | [MIGRATION] Orphan record. Original client: ""MIRZA SAIF SB KAONKH"".",False
30,,ORPH-00010,Orphan10,MB NO.7116,19,Direct sale waive-off (loss),2026-04-01T14:44:00,Shujaat Muzaffar,"[direct_sale_discount:179] | [MIGRATION] Orphan record. Original client: ""AMANAT SB JPS"".",False
31,,ORPH-00014,Orphan14,MB NO.7138,9.5,Direct sale waive-off (loss),2026-04-01T14:46:00,Shujaat Muzaffar,"[direct_sale_discount:180] | [MIGRATION] Orphan record. Original client: ""ADREES SB RANGPUR"".",False
32,,FBMCL-00066,SUBEDAR MUHAMMAD ARSHAD SB KHANPUR KHOKHAR,MB NO.7144,0.5,Direct sale waive-off (loss),2026-04-01T09:55:00,Shujaat Muzaffar,[direct_sale_discount:187],False
33,81,FBMCL-00066,SUBEDAR MUHAMMAD ARSHAD SB KHANPUR KHOKHAR,MB NO.7144/3,1082,Payment waive-off (loss),2026-04-02T11:00:31.747733,Shujaat Muzaffar,79 RUPES CHOGATH REMAING 0.3 INCLUDED IN DISCOUT,False
34,,ORPH-00032,Orphan32,MB NO.7145,176.5,Direct sale waive-off (loss),2026-04-01T11:06:00,Shujaat Muzaffar,"[direct_sale_discount:192] | [MIGRATION] Orphan record. Original client: ""YOUSUF RANGPUR"".",False
35,,ORPH-00018,Orphan18,MB NO.7136,2,Direct sale waive-off (loss),2026-04-01T11:31:00,Shujaat Muzaffar,"[direct_sale_discount:195] | [MIGRATION] Orphan record. Original client: ""ADEEL SB GHURAIRA"".",False
36,,ORPH-00033,Orphan33,MB NO.7130,1,Direct sale waive-off (loss),2026-04-01T11:41:00,Shujaat Muzaffar,"[direct_sale_discount:197] | [MIGRATION] Orphan record. Original client: ""AMEER HAMZA SB PARSUWAL"".",False
37,,ORPH-00034,Orphan34,MB NO.7171,9,Direct sale waive-off (loss),2026-04-03T09:40:00,Shujaat Muzaffar,"[direct_sale_discount:207] | [MIGRATION] Orphan record. Original client: ""ALI RAZA SB KOANKH"".",False
38,,FBMCL-00158,JAMEEL SB JAGWAN,MB NO.7201,0.7,Direct sale waive-off (loss),2026-04-04T15:07:00,Shujaat Muzaffar,[direct_sale_discount:221],False
39,98,FBMCL-00158,JAMEEL SB JAGWAN,MB NO.7201/3,214,Payment waive-off (loss),2026-04-04T15:15:05.659955,Shujaat Muzaffar,,False
40,100,FBMCL-00152,GULZAAR SB GHURAIRA,MB NO.7203,239,Payment waive-off (loss),2026-04-04T15:49:29.632756,Shujaat Muzaffar,RECEIVE BY ZAIN SB FT SHOP,False
41,104,FBMCL-00100,HAJI YOUSUF BUTT JPS,MB NO.7242/2,213,Payment waive-off (loss),2026-04-06T10:06:31.385039,Shujaat Muzaffar,500 CASH RECEIVE 500 CONCRET SPACER RETURN,False
42,,ORPH-00036,Orphan36,MB NO.7245,36,Direct sale waive-off (loss),2026-04-06T12:28:00,Shujaat Muzaffar,"[direct_sale_discount:236] | [MIGRATION] Orphan record. Original client: ""PARWEZ SB BHUCH"".",False
43,,FBMCL-00046,MEHBOOB ALAM SB KOANKH,MB NO.7256,0.4,Direct sale waive-off (loss),2026-04-06T12:47:00,Shujaat Muzaffar,[direct_sale_discount:241],False
44,108,FBMCL-00169,MUHAMMAD SHABEER SB CONT TIBBA AJNALA,MB NO.7218/2,75,Payment waive-off (loss),2026-04-06T13:57:33.287559,Shujaat Muzaffar,,False
45,,FBMCL-00155,ANSAR SB DOIYAN,MB NO.7161,0.2,Direct sale waive-off (loss),2026-04-07T10:49:32.479820,Shujaat Muzaffar,[direct_sale_discount:258],False
46,114,FBMCL-00155,ANSAR SB DOIYAN,SB-CP-1113,6000,Payment waive-off (loss),2026-04-07T10:51:12.901986,Shujaat Muzaffar,6000 DISCOUNT IN RENT,False
47,,FBMCL-00147,MUHAMMAD RAZAQ SB JPS,MB NO.7283,0.6,Direct sale waive-off (loss),2026-04-07T11:01:00,Shujaat Muzaffar,[direct_sale_discount:259],False
48,,FBMCL-00009,MAZHAR SB RUPOWAL DERA,MB NO.6996,0.8,Direct sale waive-off (loss),2026-03-26T13:43:00,Shujaat Muzaffar,[direct_sale_discount:261],False
49,116,FBMCL-00064,SULEIMAN SB AJNALA,MB NO.7291,1000,Payment waive-off (loss),2026-04-07T14:02:03.861001,Shujaat Muzaffar,RATE DIF +RENT RECEIVE,False
50,,FBMCL-00135,BASHEER SHAH SB GHURAIRA( KAKU SHAH),MB NO.7308,0.6,Direct sale waive-off (loss),2026-04-08T13:24:00,Shujaat Muzaffar,[direct_sale_discount:273],False
51,120,FBMCL-00077,MUHAMMAD ARSHAD SB SALOON JPS,SB-CP-1119,120,Payment waive-off (loss),2026-04-08T15:15:06.347054,Shujaat Muzaffar,,False
52,122,FBMCL-00055,FIYAZ BAIG SB KOANKH,SB-CP-1121,3000,Payment waive-off (loss),2026-04-08T15:17:10.270601,Shujaat Muzaffar,,False
53,124,FBMCL-00069,MUHAMMAD ASGHAR GUJJAR SB JPS,MB NO.7339,210,Payment waive-off (loss),2026-04-09T11:36:23.364088,Shujaat Muzaffar,,False
54,,FBMCL-00065,SAJID BAIG MAKKI KOANKH,MB NO.7338/3,0.5,DISCOUNT,2026-04-09T11:38:00,Shujaat Muzaffar,[direct_sale_discount:287],False
55,126,FBMCL-00147,MUHAMMAD RAZAQ SB JPS,MB NO.7283/3,5,Payment waive-off (loss),2026-04-09T13:22:10.342341,Shujaat Muzaffar,,False
56,139,FBMCL-00090,MAZHAR BUTT SB JPS,SB-CP-1138,50,Payment waive-off (loss),2026-03-31T00:00:00,Shujaat Muzaffar,MAZHAR SB KHUD,False
57,143,FBMCL-00002,TAHIR ABBAS SB KOANKH,MB NO.7348,2.8,Payment waive-off (loss),2026-04-09T15:50:49.130841,Shujaat Muzaffar,,False
58,,ORPH-00024,Orphan24,MB NO.7367,250,Direct sale waive-off (loss),2026-04-10T14:42:00,Shujaat Muzaffar,"[direct_sale_discount:311] | [MIGRATION] Orphan record. Original client: ""YOUSUF SB RANGPUR"".",False
59,,FBMCL-00153,RAJA ALTAF SB JPS,MB NO.7379,0.5,Direct sale waive-off (loss),2026-04-11T13:36:00,Shujaat Muzaffar,[direct_sale_discount:318],False
60,,FBMCL-00140,ABDUL GHAFFAR SB JPS,MB NO.7399/4,0.5,Direct sale waive-off (loss),2026-04-11T15:05:00,Shujaat Muzaffar,[direct_sale_discount:319],False
61,,FBMCL-00111,RAJA PARWEZ SB RANGPUR,MB NO.7403,600,Direct sale waive-off (loss),2026-04-12T16:19:00,Shujaat Muzaffar,[direct_sale_discount:328],False
62,,FBMCL-00171,FAKHAR SHAH SB AJNALA,SB-SL-1337,100,Direct sale waive-off (loss),2026-04-13T11:01:00,Shujaat Muzaffar,[direct_sale_discount:338],False
63,,FBMCL-00017,ASHRAF SB AJNALA(SALEEM CONT),MB NO.7439,0.5,Direct sale waive-off (loss),2026-04-13T11:34:00,Shujaat Muzaffar,[direct_sale_discount:342],False
64,,ORPH-00007,Orphan7,MB NO.7449,100,Direct sale waive-off (loss),2026-04-14T12:49:00,Shujaat Muzaffar,"[direct_sale_discount:349] | [MIGRATION] Orphan record. Original client: ""MUBASHIR SB DHINDA"".",False
66,,FBMCL-00051,FAZAL ILAHI SB JALPUWAL,MB NO.7424,0.3,Direct sale waive-off (loss),2026-04-13T09:21:00,Shujaat Muzaffar,[direct_sale_discount:335],False
67,,FBMCL-00172,SAIF ULLAH SB KOANKH,MB NO.7471/2,0.6,Direct sale waive-off (loss),2026-04-14T16:31:00,Shujaat Muzaffar,[direct_sale_discount:366],False
69,,FBMCL-00047,HAJI IQBAL SB JPS,MB NO.7492,0.2,DISCOUNT,2026-04-15T14:15:00,Shujaat Muzaffar,[direct_sale_discount:381],False
70,,ORPH-00041,Orphan41,MB NO.7498,62,DOSC,2026-04-15T17:46:00,Shujaat Muzaffar,"[direct_sale_discount:386] | [MIGRATION] Orphan record. Original client: ""HABIB SB"".",False
71,,FBMCL-00155,ANSAR SB DOIYAN,MB NO.7503,0.4,DISCOUNT,2026-04-16T10:22:00,Shujaat Muzaffar,[direct_sale_discount:388],False
72,164,FBMCL-00001,ABDUL AZEEM SB KHAN PUR KHOKHAR,SB-CP-1163,400,DISCOUNT,2026-04-13T00:00:00,Shujaat Muzaffar,,False
74,,ORPH-00043,Orphan43,MB NO.7524,2,DISCOUNT,2026-04-17T16:31:00,Shujaat Muzaffar,"[direct_sale_discount:411] | [MIGRATION] Orphan record. Original client: ""NAWAZISH ALI SB POLICE CHOKI JPS"".",False
75,169,FBMCL-00155,ANSAR SB DOIYAN,SB-CP-1168,378,DISCOUNT,2026-04-18T00:00:00,Shujaat Muzaffar,,False
76,173,FBMCL-00052,GHULAM SARWAR SB JPS(HAJI JAVED SB),MB NO.7569/2,343,DISCOUNT,2026-04-19T16:13:41.265186,Shujaat Muzaffar,,False
77,,FBMCL-00048,RANA ZAHEER SB JPS,MB NO.7571,0.9,DISCOUNT,2026-04-19T17:13:00,Shujaat Muzaffar,[direct_sale_discount:436],False
78,177,FBMCL-00103,RAJA AMEER HAMZA SB JPS,MB NO.7569/4,18.5,DISCOUNT,2026-04-20T09:49:27.385996,Shujaat Muzaffar,,False
79,,ORPH-00020,Orphan20,MB NO.7622,50,DISCOUNT,2026-04-21T15:45:00,Shujaat Muzaffar,"[direct_sale_discount:466] | [MIGRATION] Orphan record. Original client: ""DILAWAW HUSSAIN SB GHURAL"".",False
80,,FBMCL-00185,DAWOOD SB HAZARA,MB NO.7647,592.2,DISCOUNT,2026-04-22T08:52:00,Shujaat Muzaffar,[direct_sale_discount:480],False
81,,FBMCL-00184,QAISER SB HAZARA,MB NO.7649,44.5,DISCOUNT,2026-04-23T09:05:52.645606,Shujaat Muzaffar,[direct_sale_discount:481],False
82,,FBMCL-00147,MUHAMMAD RAZAQ SB JPS,MB NO.7657,3.5,DISCOUNT,2026-04-23T10:23:00,Shujaat Muzaffar,[direct_sale_discount:486],False
83,191,FBMCL-00183,NAEEM ABBAS SB PARSUWAL,MB NO.7673,29.95,discount,2026-04-24T10:56:52.669466,admin,,False
84,,ORPH-00015,Orphan15,MB NO.7680,6.5,DISCOUNT,2026-04-25T12:49:00,Shujaat Muzaffar,"[direct_sale_discount:504] | [MIGRATION] Orphan record. Original client: ""SAGHEER SB JPS"".",False
85,,FBMCL-00186,SAFDAR ALI SB AJNALA (ASLAM CONT),MB NO.7694/2,0.6,DISCOUNT,2026-04-25T13:13:00,Shujaat Muzaffar,[direct_sale_discount:509],False
86,,ORPH-00016,Orphan16,MB NO.7699,174,DISCOUNT,2026-04-25T13:31:01.524430,Shujaat Muzaffar,"[direct_sale_discount:511] | [MIGRATION] Orphan record. Original client: ""DR LATIF SB JPS"".",False
87,,FBMCL-00067,MUHAMMAD BASHEER SB CONT KOANKH,MB NO.7715,0.5,DISCOUNT,2026-04-25T22:06:00,Shujaat Muzaffar,[direct_sale_discount:520],False
88,,FBMCL-00145,MASTER ZAHOOR SB JPS,MB NO.7638,0.5,DISCOUNT,2026-04-22T23:59:00,Shujaat Muzaffar,[direct_sale_discount:524],False
89,,FBMCL-00202,HAFIZ ABDUL JABBAR SB RANGPUR,MB NO.7765,15,DISCOUNT,2026-04-27T14:59:12.565751,Shujaat Muzaffar,[direct_sale_discount:551],False
90,203,FBMCL-00048,RANA ZAHEER SB JPS,MB NO.1111,153,DISCOUNT,2026-05-03T13:04:23.735412,Shujaat Muzaffar,,False
92,206,FBMCL-00009,MAZHAR SB RUPOWAL DERA,MB NO.7791,938,DISCOUNT,2026-04-28T13:50:15.631956,Shujaat Muzaffar,,False
93,207,FBMCL-00009,MAZHAR SB RUPOWAL DERA,MB NO.7791/3,298,DISCOUNT,2026-04-28T13:53:59.928110,Shujaat Muzaffar,,False
94,208,FBMCL-00186,SAFDAR ALI SB AJNALA (ASLAM CONT),MB NO.7813,269.8,DISCOUNT,2026-04-28T00:00:00,Shujaat Muzaffar,,False
95,,FBMCL-00051,FAZAL ILAHI SB JALPUWAL,MB NO.7814,0.3,DISCOUNT,2026-04-29T15:32:00,Shujaat Muzaffar,[direct_sale_discount:579],False
96,218,FBMCL-00064,SULEIMAN SB AJNALA,MB NO.7861,424,DISCOUNT,2026-05-01T00:00:00,Shujaat Muzaffar,,False
97,,ORPH-00047,Orphan47,MB NO.7887,51,DISCOUNT,2026-05-02T12:12:00,Shujaat Muzaffar,"[direct_sale_discount:618] | [MIGRATION] Orphan record. Original client: ""ASGHAR SB HAJI WALA"".",False
98,,ORPH-00005,Orphan5,MB NO.7907,20,DISCOUNT,2026-05-02T09:11:00,Shujaat Muzaffar,"[direct_sale_discount:631] | [MIGRATION] Orphan record. Original client: ""AMIR SB AJNALA"".",False
99,,FBMCL-00051,FAZAL ILAHI SB JALPUWAL,MB NO.7920,0.5,DISCOUNT,2026-05-03T12:44:00,Shujaat Muzaffar,[direct_sale_discount:641],False
100,221,FBMCL-00195,SALMAAN SB GHURAL (GOGA SB GHURAL),MB NO.7927,180,DISCOUNT,2026-05-03T13:22:29.204040,Shujaat Muzaffar,,False
101,,ORPH-00048,Orphan48,MB NO.7924,2,DISCOUNT,2026-05-03T15:25:00,Shujaat Muzaffar,"[direct_sale_discount:645] | [MIGRATION] Orphan record. Original client: ""ASIF SB GHURAIRA"".",False
102,,ORPH-00049,Orphan49,SB-SL-1651,10,DISCOUNT,2026-05-04T10:33:26.686572,Shujaat Muzaffar,"[direct_sale_discount:652] | [MIGRATION] Orphan record. Original client: ""PARWEZ SB JPS"".",False
103,,ORPH-00006,Orphan6,MB NO.7951,122.5,DISCOUNT,2026-05-04T11:40:00,Shujaat Muzaffar,"[direct_sale_discount:655] | [MIGRATION] Orphan record. Original client: ""MOHSIN SB PARSUWAL"".",False
104,225,FBMCL-00001,ABDUL AZEEM SB KHAN PUR KHOKHAR,MB NO.7960,16.2,DISCOUNT,2026-05-04T14:38:35.257923,Shujaat Muzaffar,,False
105,227,FBMCL-00044,NADEEM SB DHINDA,MB NO.7982,450,DISCOUNT,2026-05-05T12:54:02.996606,Shujaat Muzaffar,,False
106,,ORPH-00025,Orphan25,MB NO.7979,16,DISCOUNT,2026-05-05T13:25:10.444703,Shujaat Muzaffar,"[direct_sale_discount:681] | [MIGRATION] Orphan record. Original client: ""RIZWAN SB JPS"".",False
107,,ORPH-00004,Orphan4,SB-SL-1691,1,DISCOUNT,2026-05-06T09:17:50.838582,admin,"[direct_sale_discount:692] | [MIGRATION] Orphan record. Original client: ""SHAMRAIZ SB KANIYAN"".",False
108,,FBMCL-00164,MUHAMMMAD AWAIS SB PARSUWAL,MB NO.7994,396,DISCOUNT,2026-05-05T09:34:00,Shujaat Muzaffar,[direct_sale_discount:693],False
109,,ORPH-00021,Orphan21,MB NO.7999,19,DISCOUNT,2026-05-06T16:51:03.328031,Shujaat Muzaffar,"[direct_sale_discount:697] | [MIGRATION] Orphan record. Original client: ""subedar sb dukandar jps"".",False
110,,ORPH-00004,Orphan4,MB NO.8001,1,DISCOUNT,2026-05-06T16:56:30.221560,Shujaat Muzaffar,"[direct_sale_discount:698] | [MIGRATION] Orphan record. Original client: ""SHAMRAIZ SB KANIYAN"".",False
111,,ORPH-00017,Orphan17,SB-SL-1698,4.8,DISCOUNT,2026-05-06T16:59:53.707771,Shujaat Muzaffar,"[direct_sale_discount:699] | [MIGRATION] Orphan record. Original client: ""AFZAL NUMBERDAR SB RANGPUR"".",False
112,,FBMCL-00175,MUHAMMAD ARSHAD SB GHURAL (SUBEDAR QADAR DAD SB),MB NO.8013,0.2,DISCOUNT,2026-05-06T09:39:00,Shujaat Muzaffar,[direct_sale_discount:709],False
113,,FBMCL-00175,MUHAMMAD ARSHAD SB GHURAL (SUBEDAR QADAR DAD SB),MB NO.8088,0.4,DISCOUNT,2026-05-09T12:03:00,Shujaat Muzaffar,[direct_sale_discount:737],False
114,,FBMCL-00167,CH MUHAMMAD AKRAM RIHANIA SB JPS,MB NO.8112,0.8,DISCOUNT,2026-05-09T15:08:00,Shujaat Muzaffar,[direct_sale_discount:748],False
115,235,FBMCL-00207,MALIK NAVEED SB KHAN PUR KHOKHAR,SB-CP-1232,200,Accounts receive transaction,2026-05-09T09:04:00,,8086-B 200 DISCOUNT,False
116,,FBMCL-00158,JAMEEL SB JAGWAN,MB NO.8064,52,DISCOUNT,2026-05-07T10:32:00,Shujaat Muzaffar,[direct_sale_discount:754],False
117,,FBMCL-00065,SAJID BAIG MAKKI KOANKH,MB NO.8068,0.2,DISCOUNT,2026-05-07T10:49:00,Shujaat Muzaffar,[direct_sale_discount:759],False
118,,FBMCL-00116,NAUMAN RIHANIA SB JPS,MB NO.8149,0.5,DISCOUNT,2026-05-10T15:26:00,Shujaat Muzaffar,[direct_sale_discount:770],False
119,,FBMCL-00073,MUHAMMAD ASHRAF SB JPS NEAR SCHOOL (SALEEM CONT),MB NO.8159,0.2,DISCOUNT,2026-05-11T11:24:00,Shujaat Muzaffar,[direct_sale_discount:777],False
120,,FBMCL-00066,SUBEDAR MUHAMMAD ARSHAD SB KHANPUR KHOKHAR,MB NO.8166,123,DISCOUNT,2026-05-11T11:38:00,Shujaat Muzaffar,[direct_sale_discount:778],False
121,246,FBMCL-00207,MALIK NAVEED SB KHAN PUR KHOKHAR,SB-CP-1243,596,Accounts receive transaction,2026-05-11T10:00:00,,,False
122,249,FBMCL-00175,MUHAMMAD ARSHAD SB GHURAL (SUBEDAR QADAR DAD SB),SB-CP-1246,30,Accounts receive transaction,2026-05-12T10:56:00,,M.B.N 8196,False
123,250,FBMCL-00169,MUHAMMAD SHABEER SB CONT TIBBA AJNALA,SB-CP-1247,625,Accounts receive transaction,2026-05-12T16:41:00,,,False
124,,FBMCL-00145,MASTER ZAHOOR SB JPS,MB NO.8212,0.5,DISCOUNT,2026-05-13T11:40:00,Shujaat Muzaffar,[direct_sale_discount:802],False
125,,FBMCL-00212,MIRZA NAZAR BAIG SB KOANKH,MB NO.8247,0.5,DISCOUNT,2026-05-13T15:40:00,Shujaat Muzaffar,[direct_sale_discount:813],False
126,,FBMCL-00165,SHEHZAD BAIG SB KOANKH,MB NO.8267,0.5,DISCOUNT,2026-05-14T11:07:00,Rehman Ahmed,[direct_sale_discount:817],False
127,,FBMCL-00209,SHABEEB SB KANIYAN,MB NO.8283,0.9,DISCOUNT,2026-05-14T16:01:00,Shujaat Muzaffar,[direct_sale_discount:830],False
128,,FBMCL-00165,SHEHZAD BAIG SB KOANKH,MB NO.8307,0.5,DISCOUNT,2026-05-15T10:42:00,Shujaat Muzaffar,[direct_sale_discount:838],False
129,253,FBMCL-00033,AHMED SUBHANI SB AJNALA,SB-CP-1250,473,Accounts receive transaction,2026-05-14T15:56:00,,,False
130,257,FBMCL-00066,SUBEDAR MUHAMMAD ARSHAD SB KHANPUR KHOKHAR,SB-CP-1254,350,Accounts receive transaction,2026-05-15T09:40:00,,,False
131,259,FBMCL-00209,SHABEEB SB KANIYAN,SB-CP-1256,8.5,Accounts receive transaction,2026-05-16T13:26:00,,,False
132,260,FBMCL-00126,NAWAZ SB DHINDA (RIZWAN CONT),SB-CP-1257,281,Accounts receive transaction,2026-05-17T14:28:00,,,False
133,,FBMCL-00175,MUHAMMAD ARSHAD SB GHURAL (SUBEDAR QADAR DAD SB),MB NO.8383,0.4,DISCOUNT,2026-05-17T03:21:00,Shujaat Muzaffar,[direct_sale_discount:867],False
134,,FBMCL-00191,MIRZA REHMAN SB JPS,MB NO.8407,0.5,DISCOUNT,2026-05-18T03:58:00,Shujaat Muzaffar,[direct_sale_discount:876],False
135,269,FBMCL-00217,MIRZA SHAMSHEED SB BHUCH,SB-CP-1266,330,Accounts receive transaction,2026-05-19T13:31:00,,,False
136,,FBMCL-00053,MUHAMMAD ALI SB MULL,MB NO.8483,100,DISCOUNT,2026-05-20T11:01:45.446707,Shujaat Muzaffar,[direct_sale_discount:914],False
137,,FBMCL-00140,ABDUL GHAFFAR SB JPS,MB NO.8487,100,DISCOUNT,2026-05-20T11:03:00,Shujaat Muzaffar,[direct_sale_discount:916],False
138,274,FBMCL-00219,MUHAMMAD ARSHAD SB MARRIAGE HALL JPS,SB-CP-1271,59,Accounts receive transaction,2026-05-22T13:03:00,,59 DISCOUNTED AND REST NILL,False
139,,FBMCL-00220,GHULAM GHOUS SB JPS,MB NO.8515,2900,DISCOUNT WAS FOR PREVIOUS EXCESS AMOUNT,2026-05-21T11:18:00,Rehman Ahmed,[direct_sale_discount:941],False
140,,FBMCL-00146,ABDUL SATTAR SB DHINDA FARM,MB NO.8527,20,DISCOUNT,2026-05-23T01:34:00,Shujaat Muzaffar,[direct_sale_discount:942],False
141,,FBMCL-00158,JAMEEL SB JAGWAN,MB NO.8553,2.4,DISCOUNT,2026-05-21T03:01:00,Shujaat Muzaffar,[direct_sale_discount:954],False
142,,FBMCL-00138,FAROOQ KALAS SB PARSUWAL,MB NO.8571,0.4,DISCOUNT,2026-05-23T03:45:00,Shujaat Muzaffar,[direct_sale_discount:963],False
143,,FBMCL-00178,ZEESHAN ATTARI SB JPS,MB NO.8594,0.5,DISCOUNT,2026-05-23T00:57:00,Shujaat Muzaffar,[direct_sale_discount:977],False
144,,FBMCL-00145,MASTER ZAHOOR SB JPS,MB NO.8614,0.33,DISCOUNT,2026-05-24T04:50:00,Shujaat Muzaffar,[direct_sale_discount:986],False
145,283,FBMCL-00073,MUHAMMAD ASHRAF SB JPS NEAR SCHOOL (SALEEM CONT),SB-CP-1280,79,Accounts receive transaction,2026-05-24T16:22:00,,,False
146,288,FBMCL-00216,SAGHEER BAIG SB KOANKH,SB-CP-1285,289,Accounts receive transaction,2026-05-24T16:55:00,,,False
147,289,FBMCL-00062,MUFTI YAQOOB ALAM SB KOANKH,SB-CP-1286,4425,Accounts receive transaction,2026-05-24T16:55:00,,,False
148,290,FBMCL-00178,ZEESHAN ATTARI SB JPS,SB-CP-1287,21100,Accounts receive transaction,2026-05-24T16:56:00,,,False
149,,ORPH-00052,Orphan52,MB NO.8646,3.5,DISCOUNT,2026-05-25T15:31:00,Shujaat Muzaffar,"[direct_sale_discount:1007] | [MIGRATION] Orphan record. Original client: ""SHOUKAT ALI SB TIBBA"".",False
150,,FBMCL-00001,ABDUL AZEEM SB KHAN PUR KHOKHAR,MB NO.8718,0.9,DISCOUNT,2026-05-30T09:14:00,Shujaat Muzaffar,[direct_sale_discount:1032],False
151,,FBMCL-00202,HAFIZ ABDUL JABBAR SB RANGPUR,MB NO.8719,0.5,DISCOUNT,2026-05-31T10:43:11.231124,Shujaat Muzaffar,[direct_sale_discount:1033],False
152,,FBMCL-00217,MIRZA SHAMSHEED SB BHUCH,MB NO.8671,30,DISCOUNT,2026-05-26T13:36:00,Shujaat Muzaffar,[direct_sale_discount:1044],False
153,304,FBMCL-00205,IRFAN SB DEDHAR SHARIF,SB-CP-1294,898,Accounts receive transaction,2026-05-25T15:48:00,,,False
154,308,FBMCL-00058,NASIR SUBHANI SB AJNALA,SB-CP-1298,363,Accounts receive transaction,2026-05-25T16:43:00,,,False
155,312,FBMCL-00171,FAKHAR SHAH SB AJNALA,SB-CP-1302,20,Accounts receive transaction,2026-05-17T18:16:00,,,False
156,314,FBMCL-00151,MALIK MEHMOOD SB PARSUWAL,SB-CP-1304,1999,Accounts receive transaction,2026-05-30T10:31:00,,,False
157,315,FBMCL-00194,DR LATEEF SB JPS,SB-CP-1305,270,Accounts receive transaction,2026-05-03T10:49:00,,,False
158,,FBMCL-00224,ATIF BAIG SB KOANKH,MB NO.8734,0.5,DISCOUNT,2026-05-31T10:05:00,Shujaat Muzaffar,[direct_sale_discount:1064],False
159,,FBMCL-00173,CASH SALE FBM,MB NO.8791,801.8,DISCOUNT,2026-06-02T11:27:00,Shujaat Muzaffar,[direct_sale_discount:1087],False
160,,FBMCL-00047,HAJI IQBAL SB JPS,MB NO.8796,0.9,DISCOUNT,2026-06-02T12:11:39.574472,Shujaat Muzaffar,[direct_sale_discount:1091],False
161,,FBMCL-00173,CASH SALE FBM,MB NO.8801,4,DISCOUNT,2026-06-02T12:36:00,Shujaat Muzaffar,[direct_sale_discount:1093],False
162,322,FBMCL-00222,ILYAS RIHANIA SB JPS,SB-CP-1312,20,Accounts receive transaction,2026-06-01T12:47:00,,,False
163,325,FBMCL-00066,SUBEDAR MUHAMMAD ARSHAD SB KHANPUR KHOKHAR,SB-CP-1315,1,Accounts receive transaction,2026-06-01T13:21:00,,,False
164,327,FBMCL-00224,ATIF BAIG SB KOANKH,SB-CP-1316,6,Accounts receive transaction,2026-05-31T16:04:00,,,False
165,333,FBMCL-00202,HAFIZ ABDUL JABBAR SB RANGPUR,SB-CP-1322,38370,Accounts receive transaction,2026-06-02T17:37:00,,,False
167,340,FBMCL-00207,MALIK NAVEED SB KHAN PUR KHOKHAR,SB-CP-1328,167.5,Accounts receive transaction,2026-06-03T08:51:00,,discount,False
168,,FBMCL-00188,RAFAQAT HUSSAIN SB MALIK (MASJID),MB NO.8883,169.2,DISCOUNT,2026-06-04T11:48:00,Rehman Ahmed,[direct_sale_discount:1114],False
169,,ORPH-00056,Orphan56,MB NO.8884,35,DISCOUNT,2026-06-08T12:09:00,Rehman Ahmed,"[direct_sale_discount:1115] | [MIGRATION] Orphan record. Original client: ""SUBEDAR IRON STORE"".",False
170,,FBMCL-00086,RIZWAN KAKA SB JPS,MB NO.8886,4,Direct sale waive-off (loss),2026-06-08T12:13:00,Rehman Ahmed,[direct_sale_discount:1116],False
171,,FBMCL-00209,SHABEEB SB KANIYAN,MB NO.8889,500,STEEL RENT DISCOUNT,2026-06-08T12:31:00,Rehman Ahmed,[direct_sale_discount:1119],False
172,,ORPH-00026,Orphan26,MB NO.8891,11,Direct sale waive-off (loss),2026-06-04T12:42:00,Rehman Ahmed,"[direct_sale_discount:1121] | [MIGRATION] Orphan record. Original client: ""ATIF SB KOANKH"".",False
173,,FBMCL-00066,SUBEDAR MUHAMMAD ARSHAD SB KHANPUR KHOKHAR,MB NO.8894,0.4,ADJUSTMENT,2026-06-08T12:47:00,Rehman Ahmed,[direct_sale_discount:1122],False
174,,FBMCL-00234,MIRZA ANSAR BAIG SB KOANKH,MB NO.8913,0.1,ADJUSTMENT,2026-06-05T14:46:00,Rehman Ahmed,[direct_sale_discount:1133],False
175,347,FBMCL-00195,SALMAAN SB GHURAL (GOGA SB GHURAL),SB-CP-1334,12.5,Accounts receive transaction,2026-06-04T14:10:00,,,False
176,,FBMCL-00237,GHAZANFAR SB BHUCH,MB NO.8918,0.4,ADJUSTMENT,2026-06-05T17:05:00,Rehman Ahmed,[direct_sale_discount:1138],False
177,,FBMCL-00238,SHEHZAD BUTT SB KOANKH,MB NO.8921,1056.8,Direct sale waive-off (loss),2026-06-05T17:10:00,Rehman Ahmed,[direct_sale_discount:1140],False
178,,FBMCL-00217,MIRZA SHAMSHEED SB BHUCH,MB NO.9092,294.3,DISCOUNT,2026-06-09T13:35:59.596994,Rehman Ahmed,[direct_sale_discount:1170],False
179,354,FBMCL-00225,SIKANDAR SB JAGUWAN,SB-CP-1341,879,Accounts receive transaction,2026-06-09T13:29:00,,,False
180,356,FBMCL-00239,AURANGZEB SB KOANKH,SB-CP-1343,32,Accounts receive transaction,2026-06-09T15:20:00,,,False
181,,FBMCL-00162,SHERAZ SB MALIK PUR,MB NO.9114,4319.9,DISCOUNT,2026-06-09T12:06:00,Rehman Ahmed,[direct_sale_discount:1180],False
182,,FBMCL-00154,MUHAMMAD ABID SB KOANKH,MB NO.9122,2.2,DISCOUNT,2026-06-09T12:45:00,Rehman Ahmed,[direct_sale_discount:1184],False
183,,ORPH-00010,Orphan10,SB-SL-2200,3.5,Direct sale waive-off (loss),2026-06-15T11:31:00,Shujaat Muzaffar,"[direct_sale_discount:1204] | [MIGRATION] Orphan record. Original client: ""AMANAT SB JPS"".",False
184,,ORPH-00005,Orphan5,SB-SL-2201,14,DISCOUNT,2026-06-15T11:33:00,Shujaat Muzaffar,"[direct_sale_discount:1205] | [MIGRATION] Orphan record. Original client: ""AMIR SB AJNALA"".",False
185,,FBMCL-00188,RAFAQAT HUSSAIN SB MALIK (MASJID),MB NO.9331,10,DISCOUNT,2026-06-15T12:26:58.266101,Shujaat Muzaffar,[direct_sale_discount:1210],False
186,,FBMCL-00190,AZHAR BUTT SB JPS BUTT SWEETS,MB NO.8938,0.8,DISCOUNT,2026-06-06T12:29:00,Shujaat Muzaffar,[direct_sale_discount:1212],False
187,364,FBMCL-00025,MALIK JAVED SB KHAN PUR KHOKHAR,SB-CP-1351,3489,Accounts receive transaction,2026-06-06T14:06:00,,,False
188,365,FBMCL-00207,MALIK NAVEED SB KHAN PUR KHOKHAR,SB-CP-1352,415.2,Accounts receive transaction,2026-06-06T15:18:00,,,False
189,366,FBMCL-00178,ZEESHAN ATTARI SB JPS,SB-CP-1353,6099,Accounts receive transaction,2026-06-06T16:20:00,,,False
190,,FBMCL-00154,MUHAMMAD ABID SB KOANKH,MB NO.8978,0.5,ADJUSTMENT,2026-06-07T10:05:00,Rehman Ahmed,[direct_sale_discount:1229],False
191,,FBMCL-00238,SHEHZAD BUTT SB KOANKH,MB NO.8983,23,Direct sale waive-off (loss),2026-06-07T10:43:00,Rehman Ahmed,[direct_sale_discount:1233],False
192,,FBMCL-00249,AZHAR HUSSAIN SB JALPOWAL,SB-SL-2231,50,DISCOUNT,2026-06-07T11:06:00,Rehman Ahmed,[direct_sale_discount:1235],False
193,,FBMCL-00197,RAOOF SB GHURAL,MB NO.8859,1725,20X15= 300 DSICOUNTSTEEL CEMENT DISCOUNT,2026-06-03T11:46:00,Rehman Ahmed,[direct_sale_discount:1238],False
194,,FBMCL-00197,RAOOF SB GHURAL,MB NO.8991,300,CEMENT DISCOUNT,2026-06-07T11:52:00,Rehman Ahmed,[direct_sale_discount:1239],False
195,,FBMCL-00250,BILAL SB GHURAL WELDER,MB NO.8998,38,Direct sale waive-off (loss),2026-06-07T12:03:00,Rehman Ahmed,[direct_sale_discount:1240],False
196,,FBMCL-00008,TALHA SB JPS,MB NO.8999,400,FOR CEMENT DISCOUNT,2026-06-07T12:47:00,Rehman Ahmed,[direct_sale_discount:1246],False
197,,FBMCL-00169,MUHAMMAD SHABEER SB CONT TIBBA AJNALA,MB NO.8322,0.6,ADJUSTMENT,2026-05-16T13:32:00,Rehman Ahmed,[direct_sale_discount:1253],False
198,,FBMCL-00235,NASAR IQBAL BUTT SB JPS,MB NO.9023,200,Direct sale waive-off (loss),2026-06-08T08:43:00,Rehman Ahmed,[direct_sale_discount:1260],False
199,,ORPH-00058,Orphan58,MB NO.9038,4,Direct sale waive-off (loss),2026-06-08T12:11:00,Rehman Ahmed,"[direct_sale_discount:1275] | [MIGRATION] Orphan record. Original client: ""ZAFAR SB GHURAIRA"".",False
200,,ORPH-00059,Orphan59,MB NO.9045,117.2,Direct sale waive-off (loss),2026-06-08T12:24:00,Rehman Ahmed,"[direct_sale_discount:1280] | [MIGRATION] Orphan record. Original client: ""JABBAR SB PARSUWAL"".",False
201,,FBMCL-00256,MUHAMMAD ARSHAD SB DHINDA POTAN WALAY,MB NO.9352,0.8,DISCOUNT,2026-06-15T14:37:00,Shujaat Muzaffar,[direct_sale_discount:1291],False
202,,FBMCL-00175,MUHAMMAD ARSHAD SB GHURAL (SUBEDAR QADAR DAD SB),MB NO.9356,0.4,DISCOUNT,2026-06-16T14:44:00,Shujaat Muzaffar,[direct_sale_discount:1295],False
204,,FBMCL-00207,MALIK NAVEED SB KHAN PUR KHOKHAR,MB NO.9068,238,Direct sale waive-off (loss),2026-06-08T15:29:00,Rehman Ahmed,[direct_sale_discount:1303],False
206,371,FBMCL-00035,EHSAN SB CHAUHAN,SB-CP-1358,589,Accounts receive transaction,2026-06-07T15:31:00,,9017,False
207,374,FBMCL-00055,FIYAZ BAIG SB KOANKH,SB-CP-1361,465,Accounts receive transaction,2026-06-08T12:13:00,,9039,False
208,,FBMCL-00258,SHEHZAD SB SHOP,MB NO.9015,13.5,Direct sale waive-off (loss),2026-06-09T09:08:00,Rehman Ahmed,[direct_sale_discount:1311],False
209,,FBMCL-00197,RAOOF SB GHURAL,MB NO.9412,300,DISCOUNT,2026-06-17T10:21:00,Shujaat Muzaffar,[direct_sale_discount:1317],False
210,,FBMCL-00167,CH MUHAMMAD AKRAM RIHANIA SB JPS,MB NO.9432,1,DISCOUNT,2026-06-17T11:20:00,Shujaat Muzaffar,[direct_sale_discount:1329],False
211,,FBMCL-00150,MUHAMMAD AKRAM SB SANTAL SURKHIYAN,MB NO.9433,1,DISCOUNT,2026-06-17T11:29:00,Shujaat Muzaffar,[direct_sale_discount:1330],False
212,,ORPH-00061,Orphan61,SB-SL-2328,35,Direct sale waive-off (loss),2026-06-10T11:50:00,Rehman Ahmed,"[direct_sale_discount:1332] | [MIGRATION] Orphan record. Original client: ""QAISER SB JPS WELDER"".",False
214,,FBMCL-00235,NASAR IQBAL BUTT SB JPS,MB NO.9272/2,580.5,RETURN,2026-06-20T12:05:00,Shujaat Muzaffar,[direct_sale_discount:1368],False
215,378,FBMCL-00087,ARIF SB JPS(HAJI ASHFAQ S),SB-CP-1365,99,Accounts receive transaction,2026-06-17T09:56:00,,,False
216,382,FBMCL-00063,ABDULLAH SB KOANKH,SB-CP-1368,332,Accounts receive transaction,2026-06-03T10:58:00,,,False
217,385,FBMCL-00221,MIRZA AKHTAR BAIG SB KOANKH,SB-CP-1370,86,Accounts receive transaction,2026-06-10T12:15:00,,9146,False
218,386,FBMCL-00253,KHALID SB HANDA DERHA,SB-CP-1371,236,Accounts receive transaction,2026-06-07T12:22:00,,9148,False
219,390,FBMCL-00023,MALIK ADNAN,SB-CP-1375,450,Accounts receive transaction,2026-06-17T13:38:00,,9446,False
220,394,FBMCL-00248,HAJI AKRAM SB CONT DOYIAN,SB-CP-1378,232.6,Accounts receive transaction,2026-06-19T09:27:00,,9494,False
222,,FBMCL-00218,RAZAQ SB KHANPUR KHOKHAR,MB NO.9562,0.5,DISCOUNT,2026-06-21T10:14:00,Shujaat Muzaffar,[direct_sale_discount:1407],False
223,,FBMCL-00248,HAJI AKRAM SB CONT DOYIAN,MB NO.9570,920,DISCOUNT,2026-06-21T11:59:00,Shujaat Muzaffar,[direct_sale_discount:1411],False
224,,FBMCL-00256,MUHAMMAD ARSHAD SB DHINDA POTAN WALAY,MB NO.9584,0.9,DISCOUNT,2026-06-21T12:44:00,Shujaat Muzaffar,[direct_sale_discount:1420],False
225,,FBMCL-00103,RAJA AMEER HAMZA SB JPS,MB NO.9586,0.5,Direct sale waive-off (loss),2026-06-21T12:47:00,Shujaat Muzaffar,[direct_sale_discount:1422],False
226,,FBMCL-00138,FAROOQ KALAS SB PARSUWAL,MB NO.9598,1.4,DISCOUNT,2026-06-17T15:40:00,Shujaat Muzaffar,[direct_sale_discount:1428],False
227,,FBMCL-00154,MUHAMMAD ABID SB KOANKH,MB NO.9622,0.2,DISCOUNT,2026-06-22T10:28:00,Shujaat Muzaffar,[direct_sale_discount:1435],False
228,402,FBMCL-00235,NASAR IQBAL BUTT SB JPS,SB-CP-1385,264,Accounts receive transaction,2026-06-19T13:19:00,,,False
229,408,FBMCL-00239,AURANGZEB SB KOANKH,SB-CP-1389,6299,Accounts receive transaction,2026-06-21T13:56:00,,9592,False
230,411,FBMCL-00218,RAZAQ SB KHANPUR KHOKHAR,SB-CP-1392,0.8,Accounts receive transaction,2026-06-22T11:19:00,,,False
231,,FBMCL-00212,MIRZA NAZAR BAIG SB KOANKH,MB NO.9627,1.4,DISCOUNT,2026-06-22T13:44:00,Shujaat Muzaffar,[direct_sale_discount:1445],False
232,,FBMCL-00261,MUSHTAQ SB JPS,MB NO.9662,0.1,DISCOUNT,2026-06-23T11:04:00,Shujaat Muzaffar,[direct_sale_discount:1470],False
233,,FBMCL-00154,MUHAMMAD ABID SB KOANKH,MB NO.9672,0.6,Direct sale waive-off (loss),2026-06-23T11:33:00,Shujaat Muzaffar,[direct_sale_discount:1476],False
234,,FBMCL-00071,HAJI WARIS SB JPS,MB NO.9680,50,DISCOUNT,2026-06-23T13:15:00,Shujaat Muzaffar,[direct_sale_discount:1481],False
235,,FBMCL-00111,RAJA PARWEZ SB RANGPUR,MB NO.9687,0.2,DISCOUNT,2026-06-23T14:06:00,Shujaat Muzaffar,[direct_sale_discount:1482],False
236,,FBMCL-00233,NAZIM GUJJAR SB JPS,MB NO.9692/2,0.5,DISCOUNT,2026-06-23T14:20:00,Shujaat Muzaffar,[direct_sale_discount:1485],False
237,,FBMCL-00168,ABDUL REHMAN SB JPS(ZAFAR CONT),MB NO.9701,50,DISCOUNT,2026-06-23T16:53:00,Shujaat Muzaffar,[direct_sale_discount:1490],False
239,415,FBMCL-00175,MUHAMMAD ARSHAD SB GHURAL (SUBEDAR QADAR DAD SB),SB-CP-1396,607,Accounts receive transaction,2026-06-22T14:30:00,,,False
240,417,FBMCL-00162,SHERAZ SB MALIK PUR,SB-CP-1398,12810,Accounts receive transaction,2026-06-22T17:44:00,,,False
241,422,FBMCL-00169,MUHAMMAD SHABEER SB CONT TIBBA AJNALA,SB-CP-1403,449,Accounts receive transaction,2026-06-23T15:03:00,,DISCOUNT CEMENT BILL NUMBER 9696,False
242,,FBMCL-00233,NAZIM GUJJAR SB JPS,MB NO.9716,0.6,DISCOUNT,2026-06-24T11:08:00,Shujaat Muzaffar,[direct_sale_discount:1500],False
243,,FBMCL-00216,SAGHEER BAIG SB KOANKH,MB NO.9467,0.6,DISCOUNT,2026-06-18T14:52:00,Shujaat Muzaffar,[direct_sale_discount:1514],False
244,,FBMCL-00216,SAGHEER BAIG SB KOANKH,MB NO.9286,0.5,DISCOUNT,2026-06-14T15:00:00,Shujaat Muzaffar,[direct_sale_discount:1515],False
245,,FBMCL-00216,SAGHEER BAIG SB KOANKH,MB NO.9484,0.6,Direct sale waive-off (loss),2026-06-18T15:16:00,Shujaat Muzaffar,[direct_sale_discount:1516],False
247,,FBMCL-00052,GHULAM SARWAR SB JPS(HAJI JAVED SB),MB NO.9748/9759,1380,BOOKED CEMENTS DISCOUNT,2026-06-24T11:58:00,Shujaat Muzaffar,[direct_sale_discount:1522],False
248,,FBMCL-00215,CH IMRAN SB JPS,MB NO.9162,1.1,DISCOUNT,2026-06-11T15:42:00,Shujaat Muzaffar,[direct_sale_discount:1530],False
249,,FBMCL-00235,NASAR IQBAL BUTT SB JPS,MB NO.9767,3.5,DISCOUNT,2026-06-25T16:07:00,Shujaat Muzaffar,[direct_sale_discount:1532],False
250,,FBMCL-00071,HAJI WARIS SB JPS,MB NO.9791,31,Direct sale waive-off (loss),2026-06-27T12:10:00,Shujaat Muzaffar,[direct_sale_discount:1538],False
251,,FBMCL-00071,HAJI WARIS SB JPS,SB-SL-2535,929,Direct sale waive-off (loss),2026-06-27T12:33:00,Shujaat Muzaffar,[direct_sale_discount:1539],False
252,,FBMCL-00235,NASAR IQBAL BUTT SB JPS,MB NO.9795,3.5,DISCOUNT,2026-06-27T12:49:00,Shujaat Muzaffar,[direct_sale_discount:1542],False
253,,FBMCL-00029,RAZA ULLAH SB MALAK PUR,MB NO.9811,100.5,Direct sale waive-off (loss),2026-06-27T13:02:00,Shujaat Muzaffar,[direct_sale_discount:1544],False
254,,FBMCL-00190,AZHAR BUTT SB JPS BUTT SWEETS,MB NO.9801,0.5,Direct sale waive-off (loss),2026-06-27T13:07:00,Shujaat Muzaffar,[direct_sale_discount:1545],False
255,,FBMCL-00008,TALHA SB JPS,MB NO.9814,601,RATE DIFRENCE,2026-06-27T13:32:00,Shujaat Muzaffar,[direct_sale_discount:1549],False
256,,FBMCL-00169,MUHAMMAD SHABEER SB CONT TIBBA AJNALA,MB NO.9013,88,DISCOUNT,2026-06-07T13:55:00,Shujaat Muzaffar,[direct_sale_discount:1254],False
257,,FBMCL-00243,ALI SHAN SB RANGRA,MB NO.9819,0.8,DISCOUNT,2026-06-27T17:33:00,Shujaat Muzaffar,[direct_sale_discount:1554],False
258,,FBMCL-00263,QAISER SB JPS,MB NO.9833,0.7,DISCOUNT,2026-06-28T12:03:00,Shujaat Muzaffar,[direct_sale_discount:1562],False
259,,FBMCL-00227,ASIF SB DERHA HANDA,MB NO.9872,156,DISCOUNT,2026-06-29T10:56:00,Shujaat Muzaffar,[direct_sale_discount:1587],False
260,,FBMCL-00105,DR EHSAN SB DHINDA,MB NO.9167,0.8,DISCOUNT,2026-06-11T16:20:00,Shujaat Muzaffar,[direct_sale_discount:1600],False
261,,FBMCL-00105,DR EHSAN SB DHINDA,MB NO.9167/2,0.3,DISCOUNT,2026-06-11T16:31:00,Shujaat Muzaffar,[direct_sale_discount:1601],False
262,,FBMCL-00191,MIRZA REHMAN SB JPS,MB NO.9188,0.5,DISCOUNT,2026-06-29T17:17:00,Shujaat Muzaffar,[direct_sale_discount:1603],False
263,424,FBMCL-00009,MAZHAR SB RUPOWAL DERA,SB-CP-1405,0.2,Accounts receive transaction,2026-06-23T10:21:00,,9724,False
264,431,FBMCL-00147,MUHAMMAD RAZAQ SB JPS,SB-CP-1412,4,Accounts receive transaction,2026-06-25T10:15:00,,9741,False
265,437,FBMCL-00264,RAJA ARSHAD SB JAGUWAN,SB-CP-1415,4,Accounts receive transaction,2026-06-25T15:30:00,,,False
267,445,FBMCL-00169,MUHAMMAD SHABEER SB CONT TIBBA AJNALA,SB-CP-1421,450,Accounts receive transaction,2026-06-25T15:27:00,,,False
268,452,FBMCL-00197,RAOOF SB GHURAL,SB-CP-1428,499,Accounts receive transaction,2026-06-14T14:43:00,,CHAUGATH LABOUR NAFI,False
269,455,FBMCL-00197,RAOOF SB GHURAL,SB-CP-1431,4969,Accounts receive transaction,2026-06-28T15:03:00,,DISCOUNT CEMENT STEEL,False
270,456,FBMCL-00111,RAJA PARWEZ SB RANGPUR,SB-CP-1432,83,Accounts receive transaction,2026-06-28T16:49:00,,,False
271,461,FBMCL-00186,SAFDAR ALI SB AJNALA (ASLAM CONT),SB-CP-1437,5499,Accounts receive transaction,2026-06-29T15:03:00,,CEMENT DISCOUNT MB NO 9902,False
272,463,FBMCL-00158,JAMEEL SB JAGWAN,SB-CP-1439,6999,Accounts receive transaction,2026-06-12T15:58:00,,,False
273,469,FBMCL-00008,TALHA SB JPS,SB-CP-1445,1999,Accounts receive transaction,2026-06-11T17:16:00,,,False
274,,FBMCL-00006,SHEHBAZ BAIG SB KOANKH,MB NO.9909,100,DISCOUNT,2026-06-30T11:18:00,Shujaat Muzaffar,[direct_sale_discount:1607],False
275,,FBMCL-00235,NASAR IQBAL BUTT SB JPS,MB NO.9277,0.5,DISCOUNT,2026-06-14T11:42:00,Shujaat Muzaffar,[direct_sale_discount:1609],False
276,,FBMCL-00188,RAFAQAT HUSSAIN SB MALIK (MASJID),MB NO.9915,116.5,DISCOUNT,2026-06-30T12:25:00,Shujaat Muzaffar,[direct_sale_discount:1612],False
277,,FBMCL-00242,KHALIL AHMED SB DHINDA KALAAN,MB NO.9690/2,0.7,DISCOUNT,2026-06-23T13:16:00,Shujaat Muzaffar,[direct_sale_discount:1615],False
278,,FBMCL-00167,CH MUHAMMAD AKRAM RIHANIA SB JPS,MB NO.9936,0.8,DISCOUNT,2026-06-29T13:19:00,Shujaat Muzaffar,[direct_sale_discount:1616],False
279,,FBMCL-00167,CH MUHAMMAD AKRAM RIHANIA SB JPS,MB NO.9937,0.8,DISCOUNT,2026-06-30T13:33:00,Shujaat Muzaffar,[direct_sale_discount:1617],False
280,,FBMCL-00235,NASAR IQBAL BUTT SB JPS,MB NO.9932,1,DISCOUNT,2026-06-30T16:59:00,Shujaat Muzaffar,[direct_sale_discount:1629],False
281,,FBMCL-00008,TALHA SB JPS,MB NO.9962,600,RATE DIFRENCE,2026-07-01T11:05:00,Shujaat Muzaffar,[direct_sale_discount:1632],False
282,,FBMCL-00086,RIZWAN KAKA SB JPS,MB NO.10002,20,DISCOUNT,2026-07-01T15:49:00,Shujaat Muzaffar,[direct_sale_discount:1645],False
283,,FBMCL-00253,KHALID SB HANDA DERHA,MB NO.10127,0.2,DISCOUNT,2026-07-05T13:03:00,Shujaat Muzaffar,[direct_sale_discount:1710],False
284,,FBMCL-00001,ABDUL AZEEM SB KHAN PUR KHOKHAR,MB NO.10130,1.1,DISCOUNT,2026-07-05T13:07:00,Shujaat Muzaffar,[direct_sale_discount:1711],False
285,,FBMCL-00044,NADEEM SB DHINDA,MB NO.10142,0.6,DISCOUNT,2026-07-05T14:26:00,Shujaat Muzaffar,[direct_sale_discount:1717],False
286,,FBMCL-00216,SAGHEER BAIG SB KOANKH,SB-SL-2718,1414.5,DISCOUNT,2026-07-05T15:09:00,Shujaat Muzaffar,[direct_sale_discount:1722],False
287,474,FBMCL-00172,SAIF ULLAH SB KOANKH,SB-CP-1450,15,Accounts receive transaction,2026-06-11T14:32:00,,,False
288,476,FBMCL-00243,ALI SHAN SB RANGRA,SB-CP-1452,136.9,Accounts receive transaction,2026-06-30T15:19:00,,,False
289,479,FBMCL-00242,KHALIL AHMED SB DHINDA KALAAN,SB-CP-1454,136,Accounts receive transaction,2026-06-30T16:15:00,,9920,False
290,480,FBMCL-00235,NASAR IQBAL BUTT SB JPS,SB-CP-1455,360,Accounts receive transaction,2026-06-30T17:09:00,,,False
291,483,FBMCL-00205,IRFAN SB DEDHAR SHARIF,SB-CP-1458,500,Accounts receive transaction,2026-06-16T12:47:00,,9398,False
292,484,FBMCL-00071,HAJI WARIS SB JPS,SB-CP-1459,49.99,Accounts receive transaction,2026-07-01T13:18:00,,,False
293,485,FBMCL-00047,HAJI IQBAL SB JPS,SB-CP-1460,1197,Accounts receive transaction,2026-06-11T13:35:00,,,False
294,486,FBMCL-00262,GHULAM MURTZA SB KOANKH,SB-CP-1461,50,Accounts receive transaction,2026-07-01T13:36:00,,,False
295,492,FBMCL-00114,MUHAMMAD RAFEEQ SB AJNALA,SB-CP-1467,1900,Accounts receive transaction,2026-07-02T12:25:00,,,False
296,493,FBMCL-00114,MUHAMMAD RAFEEQ SB AJNALA,SB-CP-1468,299,Accounts receive transaction,2026-07-02T12:26:00,,,False
297,494,FBMCL-00264,RAJA ARSHAD SB JAGUWAN,SB-CP-1469,210.37,Accounts receive transaction,2026-07-02T13:01:00,,,False
298,496,FBMCL-00121,MAQSOOD SB MALAK PUR,SB-CP-1470,3077,Accounts receive transaction,2026-07-03T10:51:00,,CEMENT STEEL DISCOUNT,False
299,497,FBMCL-00044,NADEEM SB DHINDA,SB-CP-1471,340,Accounts receive transaction,2026-07-03T11:02:00,,,False
300,499,FBMCL-00192,DR AMIN SB JPS,SB-CP-1473,11611,Accounts receive transaction,2026-06-12T11:39:00,,9206,False
301,500,FBMCL-00071,HAJI WARIS SB JPS,SB-CP-1474,120.51,Accounts receive transaction,2026-07-04T16:05:00,,,False
302,504,FBMCL-00253,KHALID SB HANDA DERHA,SB-CP-1478,0.1,Accounts receive transaction,2026-07-01T13:01:00,,,False
303,,FBMCL-00253,KHALID SB HANDA DERHA,MB NO.10257,0.2,DISCOUNT,2026-07-07T15:27:00,Shujaat Muzaffar,[direct_sale_discount:1751],False
304,,FBMCL-00217,MIRZA SHAMSHEED SB BHUCH,MB NO.10320,23,Direct sale waive-off (loss),2026-07-09T10:14:00,Shujaat Muzaffar,[direct_sale_discount:1773],False
305,,FBMCL-00208,MIRZA YOUNUS SB JPS,MB NO.10327,0.6,DISCOUN,2026-07-08T10:26:00,Shujaat Muzaffar,[direct_sale_discount:1775],False
306,,FBMCL-00209,SHABEEB SB KANIYAN,MB NO.10431,2400,RENT MINUS 40 BAG,2026-07-11T15:49:00,Shujaat Muzaffar,[direct_sale_discount:1815],False
307,510,FBMCL-00243,ALI SHAN SB RANGRA,SB-CP-1484,1999,Accounts receive transaction,2026-07-08T10:08:00,,,False
308,514,FBMCL-00242,KHALIL AHMED SB DHINDA KALAAN,SB-CP-1488,310,Accounts receive transaction,2026-07-09T13:20:00,,10353,False
309,525,FBMCL-00262,GHULAM MURTZA SB KOANKH,SB-CP-1499,250,Accounts receive transaction,2026-07-11T15:30:00,,,False
310,526,FBMCL-00001,ABDUL AZEEM SB KHAN PUR KHOKHAR,SB-CP-1500,1270,Accounts receive transaction,2026-07-11T15:31:00,,RATE DIFRENCE DISCOUNT,False
311,529,FBMCL-00197,RAOOF SB GHURAL,SB-CP-1503,28536.99,Accounts receive transaction,2026-07-11T17:11:00,,,False
312,,FBMCL-00008,TALHA SB JPS,MB NO.9255,600,CEMENT DISCOUNT,2026-06-13T15:04:00,Shujaat Muzaffar,[direct_sale_discount:1853],False
313,,FBMCL-00008,TALHA SB JPS,MB NO.9474,600,CEMENT DISCOUNT,2026-06-18T15:30:00,Shujaat Muzaffar,[direct_sale_discount:1856],False
314,530,FBMCL-00171,FAKHAR SHAH SB AJNALA,SB-CP-1504,70,Accounts receive transaction,2026-07-11T15:53:00,,,False
315,536,FBMCL-00087,ARIF SB JPS(HAJI ASHFAQ S),SB-CP-1510,292,Accounts receive transaction,2026-07-05T10:20:00,,,False
316,538,FBMCL-00150,MUHAMMAD AKRAM SB SANTAL SURKHIYAN,SB-CP-1512,2849,Accounts receive transaction,2026-07-11T12:43:00,,,False
317,540,FBMCL-00267,ASIF SB KOANKH,SB-CP-1514,150,Accounts receive transaction,2026-07-13T15:12:00,,,False
318,,FBMCL-00066,SUBEDAR MUHAMMAD ARSHAD SB KHANPUR KHOKHAR,MB NO.10532,4565,DISCOUNT,2026-07-14T11:29:00,Shujaat Muzaffar,[direct_sale_discount:1871],False
319,,FBMCL-00100,HAJI YOUSUF BUTT JPS,MB NO.10576,100,DISCOUNT,2026-07-15T12:38:00,Shujaat Muzaffar,[direct_sale_discount:1907],False
320,,FBMCL-00124,ARIF BAIG SB KOANKH (ASIM BAIG),MB NO.10588,0.4,DISCOUNT,2026-07-15T16:09:00,Shujaat Muzaffar,[direct_sale_discount:1916],False
321,545,FBMCL-00253,KHALID SB HANDA DERHA,SB-CP-1519,70,Accounts receive transaction,2026-07-07T11:38:00,,,False
322,552,FBMCL-00178,ZEESHAN ATTARI SB JPS,SB-CP-1526,53589,Accounts receive transaction,2026-07-07T09:56:00,,,False
323,555,FBMCL-00205,IRFAN SB DEDHAR SHARIF,SB-CP-1529,146,Accounts receive transaction,2026-07-15T10:08:00,,RECEIVED BY SHOAIB LOADER,False
324,557,FBMCL-00048,RANA ZAHEER SB JPS,SB-CP-1530,10,Accounts receive transaction,2026-07-15T15:39:00,,RECIVED BY HAFIZ SHOAIB,False
325,558,FBMCL-00048,RANA ZAHEER SB JPS,SB-CP-1531,50,Accounts receive transaction,2026-07-09T15:41:00,,,False
326,559,FBMCL-00273,KHAYAM SB MALIKPUR,SB-CP-1532,79.2,Accounts receive transaction,2026-07-15T15:43:00,,10587,False
327,,FBMCL-00260,HDC MEHAR MEHDI SB JPS,MB NO.10622/2,1.2,DISCOUNT,2026-07-16T13:17:00,Shujaat Muzaffar,[direct_sale_discount:1930],False
328,,FBMCL-00241,RAJA MUDASIR SB JPS,MB NO.10632,0.6,DISCOUNT,2026-07-16T16:27:00,Shujaat Muzaffar,[direct_sale_discount:1933],False
329,571,FBMCL-00154,MUHAMMAD ABID SB KOANKH,SB-CP-1544,13198.99,Accounts receive transaction,2026-07-16T13:50:00,,M.B.N 10624     CEMENT LABOUR NAFI,False
330,,FBMCL-00253,KHALID SB HANDA DERHA,MB NO.10678,0.2,DISCOUNT,2026-07-18T12:57:00,Shujaat Muzaffar,[direct_sale_discount:1945],False
331,,FBMCL-00175,MUHAMMAD ARSHAD SB GHURAL (SUBEDAR QADAR DAD SB),MB NO.10707,0.2,DISCOUNT,2026-07-18T17:39:00,Shujaat Muzaffar,[direct_sale_discount:1961],False
332,575,FBMCL-00124,ARIF BAIG SB KOANKH (ASIM BAIG),SB-CP-1547,57,Accounts receive transaction,2026-07-18T11:38:00,,,False
333,,FBMCL-00263,QAISER SB JPS,MB NO.10729.2,0.6,DISCOUNT,2026-07-19T13:45:00,Shujaat Muzaffar,[direct_sale_discount:1977],False
334,,FBMCL-00241,RAJA MUDASIR SB JPS,MB NO.10759/2,2250,DISCOUNT,2026-07-19T18:00:32.355964,Shujaat Muzaffar,[direct_sale_discount:1989],False
335,579,FBMCL-00103,RAJA AMEER HAMZA SB JPS,SB-CP-1551,55,Accounts receive transaction,2026-07-18T13:06:00,,,False
336,581,FBMCL-00225,SIKANDAR SB JAGUWAN,SB-CP-1553,14,Accounts receive transaction,2026-06-30T13:24:00,,,False
337,582,FBMCL-00225,SIKANDAR SB JAGUWAN,SB-CP-1554,0.4,Accounts receive transaction,2026-07-19T15:56:00,,,False
338,,FBMCL-00205,IRFAN SB DEDHAR SHARIF,MB NO.10703,0.6,DISCOUNT,2026-07-20T09:50:13.535061,Shujaat Muzaffar,[direct_sale_discount:1993],False
339,,FBMCL-00154,MUHAMMAD ABID SB KOANKH,MB NO.10782,0.7,DISCOUNT,2026-07-20T10:51:00,Shujaat Muzaffar,[direct_sale_discount:1998],False
340,591,FBMCL-00277,TANVEER SB DHINDA,SB-CP-1563,200,Accounts receive transaction,2026-07-20T13:31:00,,,False
341,593,FBMCL-00256,MUHAMMAD ARSHAD SB DHINDA POTAN WALAY,SB-CP-1564,100,Accounts receive transaction,2026-07-20T16:20:00,,,False
342,,FBMCL-00216,SAGHEER BAIG SB KOANKH,MB NO.10831,2.6,Direct sale waive-off (loss),2026-07-23T11:44:00,Shujaat Muzaffar,[direct_sale_discount:2030],False
343,,FBMCL-00047,HAJI IQBAL SB JPS,MB NO.10880,2.2,DISCOUNT,2026-07-26T12:19:00,Shujaat Muzaffar,[direct_sale_discount:2086],False
344,,FBMCL-00150,MUHAMMAD AKRAM SB SANTAL SURKHIYAN,MB NO.10888,1.1,DISCOUNT,2026-07-26T15:37:00,Shujaat Muzaffar,[direct_sale_discount:2098],False
345,,FBMCL-00200,HDC SYED TASSAWAR SHAH SB MALIKPUR SITE,MB NO.6139,0.5,DISCOUNT,2026-02-18T16:06:00,Shujaat Muzaffar,[direct_sale_discount:2101],False
346,597,FBMCL-00243,ALI SHAN SB RANGRA,SB-CP-1568,100,Accounts receive transaction,2026-07-13T09:34:00,,,False
347,598,FBMCL-00124,ARIF BAIG SB KOANKH (ASIM BAIG),SB-CP-1569,0.1,Accounts receive transaction,2026-07-23T10:32:00,,,False
348,602,FBMCL-00071,HAJI WARIS SB JPS,SB-CP-1573,148,Accounts receive transaction,2026-07-23T12:07:00,,,False
349,604,FBMCL-00208,MIRZA YOUNUS SB JPS,SB-CP-1575,53,Accounts receive transaction,2026-06-16T14:34:00,,,False
350,606,FBMCL-00171,FAKHAR SHAH SB AJNALA,SB-CP-1577,50,Accounts receive transaction,2026-07-23T16:11:00,,,False
351,612,FBMCL-00018,NAZAKAT MOBILE SHOP JPS,SB-CP-1583,342,Accounts receive transaction,2026-07-05T10:22:00,,,False
352,615,FBMCL-00083,JAVED NUMBERDAR SB JPS,SB-CP-1586,296,Accounts receive transaction,2026-07-25T14:09:00,,,False
353,619,FBMCL-00253,KHALID SB HANDA DERHA,SB-CP-1590,12963,Accounts receive transaction,2026-06-11T16:30:00,,,False
354,,FBMCL-00175,MUHAMMAD ARSHAD SB GHURAL (SUBEDAR QADAR DAD SB),MB NO.10941,0.6,DISCOUNT,2026-07-27T15:40:00,Shujaat Muzaffar,[direct_sale_discount:2133],False
355,627,FBMCL-00067,MUHAMMAD BASHEER SB CONT KOANKH,SB-CP-1598,381,Accounts receive transaction,2026-07-27T15:12:00,,,False
356,629,FBMCL-00241,RAJA MUDASIR SB JPS,SB-CP-1600,56.99,Accounts receive transaction,2026-07-28T16:28:00,,,False
357,,FBMCL-00071,HAJI WARIS SB JPS,MB NO.10989,25,DISCOUNT,2026-07-29T14:51:00,Shujaat Muzaffar,[direct_sale_discount:2174],False
358,,ORPH-00022,Orphan22,MB NO.11005,502.4,Direct sale waive-off (loss),2026-07-30T11:42:00,Shujaat Muzaffar,"[direct_sale_discount:2182] | [MIGRATION] Orphan record. Original client: ""ASAD SB DOIYAN (MASJID)"".",False
359,,FBMCL-00216,SAGHEER BAIG SB KOANKH,MB NO.11007,0.9,DISCOUNT,2026-07-30T11:47:00,Shujaat Muzaffar,[direct_sale_discount:2183],False
360,,FBMCL-00272,SHAMRAIZ SB HANDA STOP,MB NO.11015,0.5,DISCOUNT,2026-07-30T13:30:00,Shujaat Muzaffar,[direct_sale_discount:2186],False
361,,FBMCL-00145,MASTER ZAHOOR SB JPS,MB NO.11029,0.47,DISCOUNT,2026-07-30T15:41:00,Shujaat Muzaffar,[direct_sale_discount:2196],False
362,,FBMCL-00008,TALHA SB JPS,MB NO.11060,10,DISCOUNT,2026-08-01T15:19:00,Shujaat Muzaffar,[direct_sale_discount:2211],False
363,,FBMCL-00100,HAJI YOUSUF BUTT JPS,MB NO.11063,0.4,DISCOUNT,2026-08-01T15:24:00,Shujaat Muzaffar,[direct_sale_discount:2214],False
364,647,FBMCL-00205,IRFAN SB DEDHAR SHARIF,SB-CP-1618,80,Accounts receive transaction,2026-07-29T10:21:00,,,False
365,648,FBMCL-00113,MUHAMMAD SALEEM SB RUPOWAL,SB-CP-1619,18916,Accounts receive transaction,2026-06-21T13:40:00,,12MM STEEL AND RING RETUNR IN 11021,False
366,650,FBMCL-00163,YASIR YAQOOB SB DILAWARPUR,SB-CP-1621,147,Accounts receive transaction,2026-05-23T14:18:00,,,False
367,655,FBMCL-00208,MIRZA YOUNUS SB JPS,SB-CP-1626,2011,Accounts receive transaction,2026-08-01T15:42:00,,,False
368,,FBMCL-00100,HAJI YOUSUF BUTT JPS,MB NO.11217,220,DISCOUNT,2026-08-05T16:19:00,Shujaat Muzaffar,[direct_sale_discount:2279],False
369,,FBMCL-00241,RAJA MUDASIR SB JPS,MB NO.11228,197,DISCOUNT,2026-08-05T13:05:00,Mohsan Javed,[direct_sale_discount:2286],False
370,,FBMCL-00147,MUHAMMAD RAZAQ SB JPS,MB NO.11229,40,DISCOUNT,2026-08-06T16:24:00,Mohsan Javed,[direct_sale_discount:2300],False
371,667,FBMCL-00216,SAGHEER BAIG SB KOANKH,SB-CP-1638,1320,Accounts receive transaction,2026-08-04T15:48:00,,DISCOUNT FOR 20MM STEEL 101.6KG AT 252 PREVIOUS WAS 265,False
372,670,FBMCL-00283,RAJA MUHAMMAD ZARAAR RANGPUR,SB-CP-1641,3039,Accounts receive transaction,2026-08-04T17:19:00,,,False
373,683,FBMCL-00100,HAJI YOUSUF BUTT JPS,SB-CP-1653,206,Accounts receive transaction,2026-08-02T10:36:00,,RECEIVED 11107,False
374,,FBMCL-00132,TUFAIL ABBAS SB RANGPUR,MB NO.11320,40,DISCOUNT,2026-08-08T14:35:00,Mohsan Javed,[direct_sale_discount:2331],False
375,,FBMCL-00103,RAJA AMEER HAMZA SB JPS,MB NO.11343,384.8,DISCOUNT,2026-08-08T11:22:00,Mohsan Javed,[direct_sale_discount:2341],False
376,,FBMCL-00294,CH SHOUKT AJNALA,MB NO.11506,250,DISCOUNT,2026-08-13T14:13:00,Shujaat Muzaffar,[direct_sale_discount:2435],False
377,,FBMCL-00290,SHEHZAD KHAN SB DHINDA,MB NO.11512,0.3,DISCOUNT,2026-08-13T14:15:00,Shujaat Muzaffar,[direct_sale_discount:2436],False
379,691,FBMCL-00188,RAFAQAT HUSSAIN SB MALIK (MASJID),SB-CP-1661,457,Accounts receive transaction,2026-08-08T16:45:00,,,False
380,703,FBMCL-00244,SHAMRAIZ SB JAGUWAN,SB-CP-1673,23,Accounts receive transaction,2026-08-11T12:56:00,,,False
381,710,FBMCL-00188,RAFAQAT HUSSAIN SB MALIK (MASJID),SB-CP-1680,146.6,Accounts receive transaction,2026-08-12T11:37:00,,,False
382,711,FBMCL-00188,RAFAQAT HUSSAIN SB MALIK (MASJID),SB-CP-1681,147,Accounts receive transaction,2026-08-12T15:37:00,,,False
383,716,FBMCL-00175,MUHAMMAD ARSHAD SB GHURAL (SUBEDAR QADAR DAD SB),SB-CP-1686,236,Accounts receive transaction,2026-08-08T16:51:00,,,False
385,726,FBMCL-00111,RAJA PARWEZ SB RANGPUR,SB-CP-1696,20,Accounts receive transaction,2026-08-15T09:40:00,,,False
387,737,FBMCL-00202,HAFIZ ABDUL JABBAR SB RANGPUR,SB-CP-1707,1050.4,Accounts receive transaction,2026-08-15T12:48:00,,,False
388,741,FBMCL-00052,GHULAM SARWAR SB JPS(HAJI JAVED SB),SB-CP-1711,1399,Accounts receive transaction,2026-08-16T11:43:00,,BOOKING NAFI,False
389,743,FBMCL-00203,WAJID SB AJNALA,SB-CP-1713,448,Accounts receive transaction,2026-08-16T13:08:00,,11593,False
390,749,FBMCL-00244,SHAMRAIZ SB JAGUWAN,SB-CP-1719,0.4,Accounts receive transaction,2026-08-18T18:31:00,Shujaat Muzaffar,,False
391,753,FBMCL-00209,SHABEEB SB KANIYAN,SB-CP-1723,3431.2,Accounts receive transaction,2026-08-19T10:29:00,Shujaat Muzaffar,,False
392,757,FBMCL-00283,RAJA MUHAMMAD ZARAAR RANGPUR,SB-CP-1727,10,Accounts receive transaction,2026-08-19T10:58:00,Admin,,False
393,,ORPH-00013,Orphan13,MB NO.11694,100,Direct sale waive-off (loss),2026-08-19T11:05:00,Admin,"[direct_sale_discount:2546] | [MIGRATION] Orphan record. Original client: ""ADNAN LOADER GHURAIRA"".",False
394,759,FBMCL-00035,EHSAN SB CHAUHAN,SB-CP-1729,5399,Accounts receive transaction,2026-08-19T11:19:00,Admin,,False
395,769,FBMCL-00290,SHEHZAD KHAN SB DHINDA,SB-CP-1739,49,Accounts receive transaction,2026-08-21T11:56:00,Admin,,False
396,773,FBMCL-00103,RAJA AMEER HAMZA SB JPS,SB-CP-1743,350,Accounts receive transaction,2026-08-21T12:18:00,Shujaat Muzaffar,,False
397,,FBMCL-00261,MUSHTAQ SB JPS,MB NO.11097,94,DISCOUNT,2026-08-01T15:18:00,Shujaat Muzaffar,[direct_sale_discount:2223],False
398,,FBMCL-00150,MUHAMMAD AKRAM SB SANTAL SURKHIYAN,MB NO.11796,1.9,DISCOUNT,2026-08-23T16:35:00,Shujaat Muzaffar,[direct_sale_discount:2598],False
399,792,FBMCL-00309,AMJAD SB PEROSHAH,SB-CP-1762,200,Accounts receive transaction,2026-08-23T16:29:00,Shujaat Muzaffar,,False
400,,FBMCL-00302,MALIK ARSHAD SB JPS,MB NO.11828,0.5,DISCOUNT,2026-08-24T14:32:00,Shujaat Muzaffar,[direct_sale_discount:2617],False
401,798,FBMCL-00017,ASHRAF SB AJNALA(SALEEM CONT),SB-CP-1768,88,Accounts receive transaction,2026-08-17T13:06:00,Shujaat Muzaffar,,False
402,,FBMCL-00290,SHEHZAD KHAN SB DHINDA,MB NO.11840,49,Direct sale waive-off (loss),2026-08-25T11:09:00,Mohsan Javed,[direct_sale_discount:2626],False
403,,FBMCL-00178,ZEESHAN ATTARI SB JPS,SB-SL-3627,4.3,DISCOUNT,2026-08-25T12:31:00,Shujaat Muzaffar,[direct_sale_discount:2630],False
404,803,FBMCL-00299,JHANGIR SB MALIKPUR,SB-CP-1773,386,Accounts receive transaction,2026-08-17T12:44:00,Shujaat Muzaffar,,False
405,804,FBMCL-00214,IMRAN SB CHACHUWAL,SB-CP-1774,250,Accounts receive transaction,2026-08-23T12:45:00,Shujaat Muzaffar,11735,False
406,829,00446,AKAS AMJAD RANG PUR,SB-CP-1799,670,Accounts receive transaction,2026-08-26T17:03:00,Shujaat Muzaffar,,False
407,830,FBMCL-00138,FAROOQ KALAS SB PARSUWAL,SB-CP-1800,391,Accounts receive transaction,2026-08-27T17:03:00,Shujaat Muzaffar,,False
